project_id,title,project_type,status,problem_statement,abstract,general_objective,methodology,expected_results,application_context,faculty_id,program_id,group_id,start_year,end_year,keywords,disciplinary_area,funding_type,source_document
PRJ-001,Análisis aplicado de permanencia estudiantil para fortalecer trayectorias educativas,INSTITUTIONAL,ACTIVE,La información sobre permanencia estudiantil se encuentra distribuida y existen dificultades para relacionarla con trayectorias educativas de manera verificable.,"Proyecto orientado a estudiar permanencia estudiantil y su relación con trayectorias educativas, integrando evidencia institucional y un enfoque de clasificación supervisada.",Desarrollar y evaluar un enfoque de clasificación supervisada que permita analizar permanencia estudiantil y generar evidencia útil para trayectorias educativas.,"Integración de fuentes, preparación de datos, clasificación supervisada, análisis comparativo y validación de resultados.","Se esperan relaciones priorizadas, evidencia reproducible y orientaciones para decisiones relacionadas con trayectorias educativas.",trayectorias educativas,FAC-004,PRG-011,GRP-014,2019,2020,permanencia estudiantil;clasificación supervisada;trayectorias educativas,Psicología,PUBLIC_CALL,project_profile_001.md
PRJ-002,Modelo institucional para riesgo académico y su relación con student attrition,APPLIED_RESEARCH,COMPLETED,La información sobre riesgo académico se encuentra distribuida y existen dificultades para relacionarla con student attrition de manera verificable.,"Proyecto orientado a estudiar riesgo académico y su relación con student attrition, integrando evidencia institucional y un enfoque de analítica educativa.",Desarrollar y evaluar un enfoque de analítica educativa que permita analizar riesgo académico y generar evidencia útil para student attrition.,"Integración de fuentes, preparación de datos, analítica educativa, análisis comparativo y validación de resultados.","Se esperan relaciones priorizadas, evidencia reproducible y orientaciones para decisiones relacionadas con student attrition.",student attrition,FAC-004,PRG-012,GRP-012,2020,2021,riesgo académico;analítica educativa;student attrition,Ciencias de la Educación,EXTERNAL_PARTNER,project_profile_002.md
PRJ-003,Integración de evidencia sobre trayectorias educativas en escenarios de acompañamiento temprano,INSTITUTIONAL,COMPLETED,La información sobre trayectorias educativas se encuentra distribuida y existen dificultades para relacionarla con acompañamiento temprano de manera verificable.,"Proyecto orientado a estudiar trayectorias educativas y su relación con acompañamiento temprano, integrando evidencia institucional y un enfoque de modelos longitudinales.",Desarrollar y evaluar un enfoque de modelos longitudinales que permita analizar trayectorias educativas y generar evidencia útil para acompañamiento temprano.,"Integración de fuentes, preparación de datos, modelos longitudinales, análisis comparativo y validación de resultados.","Se esperan relaciones priorizadas, evidencia reproducible y orientaciones para decisiones relacionadas con acompañamiento temprano.",acompañamiento temprano,FAC-004,PRG-010,GRP-014,2021,2022,trayectorias educativas;modelos longitudinales;acompañamiento temprano,Licenciatura en Tecnología e Informática,INTERNAL,project_profile_003.md
PRJ-004,Estrategia basada en clasificación supervisada para estudiar student attrition,APPLIED_RESEARCH,ACTIVE,La información sobre student attrition se encuentra distribuida y existen dificultades para relacionarla con permanencia estudiantil de manera verificable.,"Proyecto orientado a estudiar student attrition y su relación con permanencia estudiantil, integrando evidencia institucional y un enfoque de clasificación supervisada.",Desarrollar y evaluar un enfoque de clasificación supervisada que permita analizar student attrition y generar evidencia útil para permanencia estudiantil.,"Integración de fuentes, preparación de datos, clasificación supervisada, análisis comparativo y validación de resultados.","Se esperan relaciones priorizadas, evidencia reproducible y orientaciones para decisiones relacionadas con permanencia estudiantil.",permanencia estudiantil,FAC-004,PRG-011,GRP-012,2022,2023,student attrition;clasificación supervisada;permanencia estudiantil,Psicología,INTERNAL,project_profile_004.md
PRJ-005,Análisis aplicado de acompañamiento temprano para fortalecer riesgo académico,INSTITUTIONAL,FORMULATION,La información sobre acompañamiento temprano se encuentra distribuida y existen dificultades para relacionarla con riesgo académico de manera verificable.,"Proyecto orientado a estudiar acompañamiento temprano y su relación con riesgo académico, integrando evidencia institucional y un enfoque de analítica educativa.",Desarrollar y evaluar un enfoque de analítica educativa que permita analizar acompañamiento temprano y generar evidencia útil para riesgo académico.,"Integración de fuentes, preparación de datos, analítica educativa, análisis comparativo y validación de resultados.","Se esperan relaciones priorizadas, evidencia reproducible y orientaciones para decisiones relacionadas con riesgo académico.",riesgo académico,FAC-004,PRG-012,GRP-012,2023,2024,acompañamiento temprano;analítica educativa;riesgo académico,Ciencias de la Educación,PUBLIC_CALL,project_profile_005.md
PRJ-006,Modelo institucional para permanencia estudiantil y su relación con trayectorias educativas,APPLIED_RESEARCH,ACTIVE,La información sobre permanencia estudiantil se encuentra distribuida y existen dificultades para relacionarla con trayectorias educativas de manera verificable.,"Proyecto orientado a estudiar permanencia estudiantil y su relación con trayectorias educativas, integrando evidencia institucional y un enfoque de modelos longitudinales.",Desarrollar y evaluar un enfoque de modelos longitudinales que permita analizar permanencia estudiantil y generar evidencia útil para trayectorias educativas.,"Integración de fuentes, preparación de datos, modelos longitudinales, análisis comparativo y validación de resultados.","Se esperan relaciones priorizadas, evidencia reproducible y orientaciones para decisiones relacionadas con trayectorias educativas.",trayectorias educativas,FAC-004,PRG-010,GRP-012,2024,2025,permanencia estudiantil;modelos longitudinales;trayectorias educativas,Licenciatura en Tecnología e Informática,EXTERNAL_PARTNER,project_profile_006.md
PRJ-007,Integración de evidencia sobre riesgo académico en escenarios de student attrition,INSTITUTIONAL,COMPLETED,La información sobre riesgo académico se encuentra distribuida y existen dificultades para relacionarla con student attrition de manera verificable.,"Proyecto orientado a estudiar riesgo académico y su relación con student attrition, integrando evidencia institucional y un enfoque de clasificación supervisada.",Desarrollar y evaluar un enfoque de clasificación supervisada que permita analizar riesgo académico y generar evidencia útil para student attrition.,"Integración de fuentes, preparación de datos, clasificación supervisada, análisis comparativo y validación de resultados.","Se esperan relaciones priorizadas, evidencia reproducible y orientaciones para decisiones relacionadas con student attrition.",student attrition,FAC-004,PRG-011,GRP-012,2025,2026,riesgo académico;clasificación supervisada;student attrition,Psicología,INTERNAL,project_profile_007.md
PRJ-008,Trayectorias Educativas: an applied study for acompañamiento temprano,APPLIED_RESEARCH,COMPLETED,"Existing information about trayectorias educativas is fragmented across academic and institutional sources, limiting timely analysis.","This project investigates trayectorias educativas in relation to acompañamiento temprano, using analítica educativa. It focuses on institutional evidence and reproducible decision support.",Develop and evaluate an approach based on analítica educativa to connect evidence related to trayectorias educativas and acompañamiento temprano.,"Applied study combining data integration, analítica educativa, validation and traceable analysis.","Expected outputs include validated evidence, prioritized findings and a reproducible analytical component.",acompañamiento temprano,FAC-004,PRG-010,GRP-012,2026,,trayectorias educativas;analítica educativa;acompañamiento temprano,Licenciatura en Tecnología e Informática,INTERNAL,project_profile_008.md
PRJ-009,Análisis aplicado de aprendizaje adaptativo para fortalecer secuencias de aprendizaje,INSTITUTIONAL,FORMULATION,La información sobre aprendizaje adaptativo se encuentra distribuida y existen dificultades para relacionarla con secuencias de aprendizaje de manera verificable.,"Proyecto orientado a estudiar aprendizaje adaptativo y su relación con secuencias de aprendizaje, integrando evidencia institucional y un enfoque de sistemas recomendadores.",Desarrollar y evaluar un enfoque de sistemas recomendadores que permita analizar aprendizaje adaptativo y generar evidencia útil para secuencias de aprendizaje.,"Integración de fuentes, preparación de datos, sistemas recomendadores, análisis comparativo y validación de resultados.","Se esperan relaciones priorizadas, evidencia reproducible y orientaciones para decisiones relacionadas con secuencias de aprendizaje.",secuencias de aprendizaje,FAC-004,PRG-012,GRP-012,2020,2021,aprendizaje adaptativo;sistemas recomendadores;secuencias de aprendizaje,Ciencias de la Educación,PUBLIC_CALL,project_profile_009.md
PRJ-010,Modelo institucional para personalización y su relación con learning analytics,APPLIED_RESEARCH,ACTIVE,La información sobre personalización se encuentra distribuida y existen dificultades para relacionarla con learning analytics de manera verificable.,"Proyecto orientado a estudiar personalización y su relación con learning analytics, integrando evidencia institucional y un enfoque de analítica educativa.",Desarrollar y evaluar un enfoque de analítica educativa que permita analizar personalización y generar evidencia útil para learning analytics.,"Integración de fuentes, preparación de datos, analítica educativa, análisis comparativo y validación de resultados.","Se esperan relaciones priorizadas, evidencia reproducible y orientaciones para decisiones relacionadas con learning analytics.",learning analytics,FAC-004,PRG-010,GRP-012,2021,2022,personalización;analítica educativa;learning analytics,Licenciatura en Tecnología e Informática,EXTERNAL_PARTNER,project_profile_010.md
PRJ-011,Integración de evidencia sobre secuencias de aprendizaje en escenarios de perfil del estudiante,INSTITUTIONAL,COMPLETED,La información sobre secuencias de aprendizaje se encuentra distribuida y existen dificultades para relacionarla con perfil del estudiante de manera verificable.,"Proyecto orientado a estudiar secuencias de aprendizaje y su relación con perfil del estudiante, integrando evidencia institucional y un enfoque de modelamiento de usuarios.",Desarrollar y evaluar un enfoque de modelamiento de usuarios que permita analizar secuencias de aprendizaje y generar evidencia útil para perfil del estudiante.,"Integración de fuentes, preparación de datos, modelamiento de usuarios, análisis comparativo y validación de resultados.","Se esperan relaciones priorizadas, evidencia reproducible y orientaciones para decisiones relacionadas con perfil del estudiante.",perfil del estudiante,FAC-004,PRG-010,GRP-012,2022,2023,secuencias de aprendizaje;modelamiento de usuarios;perfil del estudiante,Licenciatura en Tecnología e Informática,INTERNAL,project_profile_011.md
PRJ-012,Estrategia basada en sistemas recomendadores para estudiar learning analytics,APPLIED_RESEARCH,COMPLETED,La información sobre learning analytics se encuentra distribuida y existen dificultades para relacionarla con aprendizaje adaptativo de manera verificable.,"Proyecto orientado a estudiar learning analytics y su relación con aprendizaje adaptativo, integrando evidencia institucional y un enfoque de sistemas recomendadores.",Desarrollar y evaluar un enfoque de sistemas recomendadores que permita analizar learning analytics y generar evidencia útil para aprendizaje adaptativo.,"Integración de fuentes, preparación de datos, sistemas recomendadores, análisis comparativo y validación de resultados.","Se esperan relaciones priorizadas, evidencia reproducible y orientaciones para decisiones relacionadas con aprendizaje adaptativo.",aprendizaje adaptativo,FAC-004,PRG-010,GRP-014,2023,2024,learning analytics;sistemas recomendadores;aprendizaje adaptativo,Licenciatura en Tecnología e Informática,INTERNAL,project_profile_012.md
PRJ-013,Análisis aplicado de perfil del estudiante para fortalecer personalización,INSTITUTIONAL,ACTIVE,La información sobre perfil del estudiante se encuentra distribuida y existen dificultades para relacionarla con personalización de manera verificable.,"Proyecto orientado a estudiar perfil del estudiante y su relación con personalización, integrando evidencia institucional y un enfoque de analítica educativa.",Desarrollar y evaluar un enfoque de analítica educativa que permita analizar perfil del estudiante y generar evidencia útil para personalización.,"Integración de fuentes, preparación de datos, analítica educativa, análisis comparativo y validación de resultados.","Se esperan relaciones priorizadas, evidencia reproducible y orientaciones para decisiones relacionadas con personalización.",personalización,FAC-004,PRG-011,GRP-013,2024,2025,perfil del estudiante;analítica educativa;personalización,Psicología,PUBLIC_CALL,project_profile_013.md
PRJ-014,Modelo institucional para aprendizaje adaptativo y su relación con secuencias de aprendizaje,APPLIED_RESEARCH,FORMULATION,La información sobre aprendizaje adaptativo se encuentra distribuida y existen dificultades para relacionarla con secuencias de aprendizaje de manera verificable.,"Proyecto orientado a estudiar aprendizaje adaptativo y su relación con secuencias de aprendizaje, integrando evidencia institucional y un enfoque de modelamiento de usuarios.",Desarrollar y evaluar un enfoque de modelamiento de usuarios que permita analizar aprendizaje adaptativo y generar evidencia útil para secuencias de aprendizaje.,"Integración de fuentes, preparación de datos, modelamiento de usuarios, análisis comparativo y validación de resultados.","Se esperan relaciones priorizadas, evidencia reproducible y orientaciones para decisiones relacionadas con secuencias de aprendizaje.",secuencias de aprendizaje,FAC-004,PRG-010,GRP-012,2025,2026,aprendizaje adaptativo;modelamiento de usuarios;secuencias de aprendizaje,Licenciatura en Tecnología e Informática,EXTERNAL_PARTNER,project_profile_014.md
PRJ-015,Integración de evidencia sobre personalización en escenarios de learning analytics,INSTITUTIONAL,ACTIVE,La información sobre personalización se encuentra distribuida y existen dificultades para relacionarla con learning analytics de manera verificable.,"Proyecto orientado a estudiar personalización y su relación con learning analytics, integrando evidencia institucional y un enfoque de sistemas recomendadores.",Desarrollar y evaluar un enfoque de sistemas recomendadores que permita analizar personalización y generar evidencia útil para learning analytics.,"Integración de fuentes, preparación de datos, sistemas recomendadores, análisis comparativo y validación de resultados.","Se esperan relaciones priorizadas, evidencia reproducible y orientaciones para decisiones relacionadas con learning analytics.",learning analytics,FAC-004,PRG-012,GRP-014,2026,,personalización;sistemas recomendadores;learning analytics,Ciencias de la Educación,INTERNAL,project_profile_015.md
PRJ-016,Secuencias De Aprendizaje: an applied study for perfil del estudiante,APPLIED_RESEARCH,COMPLETED,"Existing information about secuencias de aprendizaje is fragmented across academic and institutional sources, limiting timely analysis.","This project investigates secuencias de aprendizaje in relation to perfil del estudiante, using analítica educativa. It focuses on institutional evidence and reproducible decision support.",Develop and evaluate an approach based on analítica educativa to connect evidence related to secuencias de aprendizaje and perfil del estudiante.,"Applied study combining data integration, analítica educativa, validation and traceable analysis.","Expected outputs include validated evidence, prioritized findings and a reproducible analytical component.",perfil del estudiante,FAC-004,PRG-011,GRP-013,2018,2019,secuencias de aprendizaje;analítica educativa;perfil del estudiante,Psicología,INTERNAL,project_profile_016.md
PRJ-017,Análisis aplicado de competencias para fortalecer evaluación formativa,INSTITUTIONAL,ACTIVE,La información sobre competencias se encuentra distribuida y existen dificultades para relacionarla con evaluación formativa de manera verificable.,"Proyecto orientado a estudiar competencias y su relación con evaluación formativa, integrando evidencia institucional y un enfoque de procesamiento de lenguaje natural.",Desarrollar y evaluar un enfoque de procesamiento de lenguaje natural que permita analizar competencias y generar evidencia útil para evaluación formativa.,"Integración de fuentes, preparación de datos, procesamiento de lenguaje natural, análisis comparativo y validación de resultados.","Se esperan relaciones priorizadas, evidencia reproducible y orientaciones para decisiones relacionadas con evaluación formativa.",evaluación formativa,FAC-004,PRG-012,GRP-012,2021,2022,competencias;procesamiento de lenguaje natural;evaluación formativa,Ciencias de la Educación,PUBLIC_CALL,project_profile_017.md
PRJ-018,Modelo institucional para evidencias de aprendizaje y su relación con rubric analysis,APPLIED_RESEARCH,FORMULATION,La información sobre evidencias de aprendizaje se encuentra distribuida y existen dificultades para relacionarla con rubric analysis de manera verificable.,"Proyecto orientado a estudiar evidencias de aprendizaje y su relación con rubric analysis, integrando evidencia institucional y un enfoque de clasificación de textos.",Desarrollar y evaluar un enfoque de clasificación de textos que permita analizar evidencias de aprendizaje y generar evidencia útil para rubric analysis.,"Integración de fuentes, preparación de datos, clasificación de textos, análisis comparativo y validación de resultados.","Se esperan relaciones priorizadas, evidencia reproducible y orientaciones para decisiones relacionadas con rubric analysis.",rubric analysis,FAC-004,PRG-012,GRP-013,2022,2023,evidencias de aprendizaje;clasificación de textos;rubric analysis,Ciencias de la Educación,EXTERNAL_PARTNER,project_profile_018.md
PRJ-019,Integración de evidencia sobre evaluación formativa en escenarios de resultados de aprendizaje,INSTITUTIONAL,ACTIVE,La información sobre evaluación formativa se encuentra distribuida y existen dificultades para relacionarla con resultados de aprendizaje de manera verificable.,"Proyecto orientado a estudiar evaluación formativa y su relación con resultados de aprendizaje, integrando evidencia institucional y un enfoque de analítica curricular.",Desarrollar y evaluar un enfoque de analítica curricular que permita analizar evaluación formativa y generar evidencia útil para resultados de aprendizaje.,"Integración de fuentes, preparación de datos, analítica curricular, análisis comparativo y validación de resultados.","Se esperan relaciones priorizadas, evidencia reproducible y orientaciones para decisiones relacionadas con resultados de aprendizaje.",resultados de aprendizaje,FAC-004,PRG-012,GRP-012,2023,2024,evaluación formativa;analítica curricular;resultados de aprendizaje,Ciencias de la Educación,INTERNAL,project_profile_019.md
PRJ-020,Estrategia basada en procesamiento de lenguaje natural para estudiar rubric analysis,APPLIED_RESEARCH,COMPLETED,La información sobre rubric analysis se encuentra distribuida y existen dificultades para relacionarla con competencias de manera verificable.,"Proyecto orientado a estudiar rubric analysis y su relación con competencias, integrando evidencia institucional y un enfoque de procesamiento de lenguaje natural.",Desarrollar y evaluar un enfoque de procesamiento de lenguaje natural que permita analizar rubric analysis y generar evidencia útil para competencias.,"Integración de fuentes, preparación de datos, procesamiento de lenguaje natural, análisis comparativo y validación de resultados.","Se esperan relaciones priorizadas, evidencia reproducible y orientaciones para decisiones relacionadas con competencias.",competencias,FAC-004,PRG-012,GRP-012,2024,2025,rubric analysis;procesamiento de lenguaje natural;competencias,Ciencias de la Educación,INTERNAL,project_profile_020.md
PRJ-021,Análisis aplicado de resultados de aprendizaje para fortalecer evidencias de aprendizaje,INSTITUTIONAL,COMPLETED,La información sobre resultados de aprendizaje se encuentra distribuida y existen dificultades para relacionarla con evidencias de aprendizaje de manera verificable.,"Proyecto orientado a estudiar resultados de aprendizaje y su relación con evidencias de aprendizaje, integrando evidencia institucional y un enfoque de clasificación de textos.",Desarrollar y evaluar un enfoque de clasificación de textos que permita analizar resultados de aprendizaje y generar evidencia útil para evidencias de aprendizaje.,"Integración de fuentes, preparación de datos, clasificación de textos, análisis comparativo y validación de resultados.","Se esperan relaciones priorizadas, evidencia reproducible y orientaciones para decisiones relacionadas con evidencias de aprendizaje.",evidencias de aprendizaje,FAC-004,PRG-012,GRP-014,2025,2026,resultados de aprendizaje;clasificación de textos;evidencias de aprendizaje,Ciencias de la Educación,PUBLIC_CALL,
PRJ-022,Modelo institucional para competencias y su relación con evaluación formativa,APPLIED_RESEARCH,ACTIVE,La información sobre competencias se encuentra distribuida y existen dificultades para relacionarla con evaluación formativa de manera verificable.,"Proyecto orientado a estudiar competencias y su relación con evaluación formativa, integrando evidencia institucional y un enfoque de analítica curricular.",Desarrollar y evaluar un enfoque de analítica curricular que permita analizar competencias y generar evidencia útil para evaluación formativa.,"Integración de fuentes, preparación de datos, analítica curricular, análisis comparativo y validación de resultados.","Se esperan relaciones priorizadas, evidencia reproducible y orientaciones para decisiones relacionadas con evaluación formativa.",evaluación formativa,FAC-004,PRG-012,GRP-014,2026,,competencias;analítica curricular;evaluación formativa,Ciencias de la Educación,EXTERNAL_PARTNER,
PRJ-023,Integración de evidencia sobre evidencias de aprendizaje en escenarios de rubric analysis,INSTITUTIONAL,FORMULATION,La información sobre evidencias de aprendizaje se encuentra distribuida y existen dificultades para relacionarla con rubric analysis de manera verificable.,"Proyecto orientado a estudiar evidencias de aprendizaje y su relación con rubric analysis, integrando evidencia institucional y un enfoque de procesamiento de lenguaje natural.",Desarrollar y evaluar un enfoque de procesamiento de lenguaje natural que permita analizar evidencias de aprendizaje y generar evidencia útil para rubric analysis.,"Integración de fuentes, preparación de datos, procesamiento de lenguaje natural, análisis comparativo y validación de resultados.","Se esperan relaciones priorizadas, evidencia reproducible y orientaciones para decisiones relacionadas con rubric analysis.",rubric analysis,FAC-004,PRG-011,GRP-014,2018,2019,evidencias de aprendizaje;procesamiento de lenguaje natural;rubric analysis,Psicología,INTERNAL,
PRJ-024,Evaluación Formativa: an applied study for resultados de aprendizaje,APPLIED_RESEARCH,ACTIVE,"Existing information about evaluación formativa is fragmented across academic and institutional sources, limiting timely analysis.","This project investigates evaluación formativa in relation to resultados de aprendizaje, using clasificación de textos. It focuses on institutional evidence and reproducible decision support.",Develop and evaluate an approach based on clasificación de textos to connect evidence related to evaluación formativa and resultados de aprendizaje.,"Applied study combining data integration, clasificación de textos, validation and traceable analysis.","Expected outputs include validated evidence, prioritized findings and a reproducible analytical component.",resultados de aprendizaje,FAC-004,PRG-010,GRP-014,2019,2020,evaluación formativa;clasificación de textos;resultados de aprendizaje,Licenciatura en Tecnología e Informática,INTERNAL,
PRJ-025,Análisis aplicado de antecedentes investigativos para fortalecer trabajos de grado,INSTITUTIONAL,COMPLETED,La información sobre antecedentes investigativos se encuentra distribuida y existen dificultades para relacionarla con trabajos de grado de manera verificable.,"Proyecto orientado a estudiar antecedentes investigativos y su relación con trabajos de grado, integrando evidencia institucional y un enfoque de recuperación de información.",Desarrollar y evaluar un enfoque de recuperación de información que permita analizar antecedentes investigativos y generar evidencia útil para trabajos de grado.,"Integración de fuentes, preparación de datos, recuperación de información, análisis comparativo y validación de resultados.","Se esperan relaciones priorizadas, evidencia reproducible y orientaciones para decisiones relacionadas con trabajos de grado.",trabajos de grado,FAC-006,PRG-017,GRP-018,2022,2023,antecedentes investigativos;recuperación de información;trabajos de grado,Física,PUBLIC_CALL,
PRJ-026,Modelo institucional para similitud conceptual y su relación con research similarity,APPLIED_RESEARCH,ACTIVE,La información sobre similitud conceptual se encuentra distribuida y existen dificultades para relacionarla con research similarity de manera verificable.,"Proyecto orientado a estudiar similitud conceptual y su relación con research similarity, integrando evidencia institucional y un enfoque de NLP.",Desarrollar y evaluar un enfoque de NLP que permita analizar similitud conceptual y generar evidencia útil para research similarity.,"Integración de fuentes, preparación de datos, NLP, análisis comparativo y validación de resultados.","Se esperan relaciones priorizadas, evidencia reproducible y orientaciones para decisiones relacionadas con research similarity.",research similarity,FAC-006,PRG-018,GRP-019,2023,2024,similitud conceptual;NLP;research similarity,Ciencia de Datos,EXTERNAL_PARTNER,
PRJ-027,Integración de evidencia sobre trabajos de grado en escenarios de recuperación semántica,INSTITUTIONAL,FORMULATION,La información sobre trabajos de grado se encuentra distribuida y existen dificultades para relacionarla con recuperación semántica de manera verificable.,"Proyecto orientado a estudiar trabajos de grado y su relación con recuperación semántica, integrando evidencia institucional y un enfoque de representaciones semánticas.",Desarrollar y evaluar un enfoque de representaciones semánticas que permita analizar trabajos de grado y generar evidencia útil para recuperación semántica.,"Integración de fuentes, preparación de datos, representaciones semánticas, análisis comparativo y validación de resultados.","Se esperan relaciones priorizadas, evidencia reproducible y orientaciones para decisiones relacionadas con recuperación semántica.",recuperación semántica,FAC-006,PRG-017,GRP-020,2024,2025,trabajos de grado;representaciones semánticas;recuperación semántica,Física,INTERNAL,
PRJ-028,Estrategia basada en recuperación de información para estudiar research similarity,APPLIED_RESEARCH,ACTIVE,La información sobre research similarity se encuentra distribuida y existen dificultades para relacionarla con antecedentes investigativos de manera verificable.,"Proyecto orientado a estudiar research similarity y su relación con antecedentes investigativos, integrando evidencia institucional y un enfoque de recuperación de información.",Desarrollar y evaluar un enfoque de recuperación de información que permita analizar research similarity y generar evidencia útil para antecedentes investigativos.,"Integración de fuentes, preparación de datos, recuperación de información, análisis comparativo y validación de resultados.","Se esperan relaciones priorizadas, evidencia reproducible y orientaciones para decisiones relacionadas con antecedentes investigativos.",antecedentes investigativos,FAC-006,PRG-018,GRP-021,2025,2026,research similarity;recuperación de información;antecedentes investigativos,Ciencia de Datos,INTERNAL,
PRJ-029,Análisis aplicado de recuperación semántica para fortalecer similitud conceptual,INSTITUTIONAL,COMPLETED,La información sobre recuperación semántica se encuentra distribuida y existen dificultades para relacionarla con similitud conceptual de manera verificable.,"Proyecto orientado a estudiar recuperación semántica y su relación con similitud conceptual, integrando evidencia institucional y un enfoque de NLP.",Desarrollar y evaluar un enfoque de NLP que permita analizar recuperación semántica y generar evidencia útil para similitud conceptual.,"Integración de fuentes, preparación de datos, NLP, análisis comparativo y validación de resultados.","Se esperan relaciones priorizadas, evidencia reproducible y orientaciones para decisiones relacionadas con similitud conceptual.",similitud conceptual,FAC-006,PRG-017,GRP-020,2026,,recuperación semántica;NLP;similitud conceptual,Física,PUBLIC_CALL,
PRJ-030,Modelo institucional para antecedentes investigativos y su relación con trabajos de grado,APPLIED_RESEARCH,COMPLETED,La información sobre antecedentes investigativos se encuentra distribuida y existen dificultades para relacionarla con trabajos de grado de manera verificable.,"Proyecto orientado a estudiar antecedentes investigativos y su relación con trabajos de grado, integrando evidencia institucional y un enfoque de representaciones semánticas.",Desarrollar y evaluar un enfoque de representaciones semánticas que permita analizar antecedentes investigativos y generar evidencia útil para trabajos de grado.,"Integración de fuentes, preparación de datos, representaciones semánticas, análisis comparativo y validación de resultados.","Se esperan relaciones priorizadas, evidencia reproducible y orientaciones para decisiones relacionadas con trabajos de grado.",trabajos de grado,FAC-006,PRG-016,GRP-020,2018,2019,antecedentes investigativos;representaciones semánticas;trabajos de grado,Matemáticas Aplicadas,EXTERNAL_PARTNER,
PRJ-031,Integración de evidencia sobre similitud conceptual en escenarios de research similarity,INSTITUTIONAL,ACTIVE,La información sobre similitud conceptual se encuentra distribuida y existen dificultades para relacionarla con research similarity de manera verificable.,"Proyecto orientado a estudiar similitud conceptual y su relación con research similarity, integrando evidencia institucional y un enfoque de recuperación de información.",Desarrollar y evaluar un enfoque de recuperación de información que permita analizar similitud conceptual y generar evidencia útil para research similarity.,"Integración de fuentes, preparación de datos, recuperación de información, análisis comparativo y validación de resultados.","Se esperan relaciones priorizadas, evidencia reproducible y orientaciones para decisiones relacionadas con research similarity.",research similarity,FAC-006,PRG-016,GRP-021,2019,2020,,Matemáticas Aplicadas,INTERNAL,
PRJ-032,Trabajos De Grado: an applied study for recuperación semántica,APPLIED_RESEARCH,FORMULATION,"Existing information about trabajos de grado is fragmented across academic and institutional sources, limiting timely analysis.","This project investigates trabajos de grado in relation to recuperación semántica, using NLP. It focuses on institutional evidence and reproducible decision support.",Develop and evaluate an approach based on NLP to connect evidence related to trabajos de grado and recuperación semántica.,"Applied study combining data integration, NLP, validation and traceable analysis.","Expected outputs include validated evidence, prioritized findings and a reproducible analytical component.",recuperación semántica,FAC-006,PRG-016,GRP-019,2020,2021,trabajos de grado;NLP;recuperación semántica,Matemáticas Aplicadas,INTERNAL,
PRJ-033,Análisis aplicado de monitoreo cardiovascular para fortalecer wearables,INSTITUTIONAL,COMPLETED,La información sobre monitoreo cardiovascular se encuentra distribuida y existen dificultades para relacionarla con wearables de manera verificable.,"Proyecto orientado a estudiar monitoreo cardiovascular y su relación con wearables, integrando evidencia institucional y un enfoque de procesamiento de señales.",Desarrollar y evaluar un enfoque de procesamiento de señales que permita analizar monitoreo cardiovascular y generar evidencia útil para wearables.,"Integración de fuentes, preparación de datos, procesamiento de señales, análisis comparativo y validación de resultados.","Se esperan relaciones priorizadas, evidencia reproducible y orientaciones para decisiones relacionadas con wearables.",wearables,FAC-002,PRG-005,GRP-007,2023,2024,monitoreo cardiovascular;procesamiento de señales;wearables,Enfermería,PUBLIC_CALL,
PRJ-034,Modelo institucional para ECG y su relación con telemonitoring,APPLIED_RESEARCH,COMPLETED,La información sobre ECG se encuentra distribuida y existen dificultades para relacionarla con telemonitoring de manera verificable.,"Proyecto orientado a estudiar ECG y su relación con telemonitoring, integrando evidencia institucional y un enfoque de IoT.",Desarrollar y evaluar un enfoque de IoT que permita analizar ECG y generar evidencia útil para telemonitoring.,"Integración de fuentes, preparación de datos, IoT, análisis comparativo y validación de resultados.","Se esperan relaciones priorizadas, evidencia reproducible y orientaciones para decisiones relacionadas con telemonitoring.",telemonitoring,FAC-002,PRG-005,GRP-007,2024,2025,ECG;IoT;telemonitoring,Enfermería,EXTERNAL_PARTNER,
PRJ-035,Integración de evidencia sobre wearables en escenarios de señales fisiológicas,INSTITUTIONAL,ACTIVE,La información sobre wearables se encuentra distribuida y existen dificultades para relacionarla con señales fisiológicas de manera verificable.,"Proyecto orientado a estudiar wearables y su relación con señales fisiológicas, integrando evidencia institucional y un enfoque de clasificación.",Desarrollar y evaluar un enfoque de clasificación que permita analizar wearables y generar evidencia útil para señales fisiológicas.,"Integración de fuentes, preparación de datos, clasificación, análisis comparativo y validación de resultados.","Se esperan relaciones priorizadas, evidencia reproducible y orientaciones para decisiones relacionadas con señales fisiológicas.",señales fisiológicas,FAC-002,PRG-005,GRP-006,2025,2026,wearables;clasificación;señales fisiológicas,Enfermería,INTERNAL,
PRJ-036,Estrategia basada en procesamiento de señales para estudiar telemonitoring,APPLIED_RESEARCH,FORMULATION,La información sobre telemonitoring se encuentra distribuida y existen dificultades para relacionarla con monitoreo cardiovascular de manera verificable.,"Proyecto orientado a estudiar telemonitoring y su relación con monitoreo cardiovascular, integrando evidencia institucional y un enfoque de procesamiento de señales.",Desarrollar y evaluar un enfoque de procesamiento de señales que permita analizar telemonitoring y generar evidencia útil para monitoreo cardiovascular.,"Integración de fuentes, preparación de datos, procesamiento de señales, análisis comparativo y validación de resultados.","Se esperan relaciones priorizadas, evidencia reproducible y orientaciones para decisiones relacionadas con monitoreo cardiovascular.",monitoreo cardiovascular,FAC-002,PRG-006,GRP-007,2026,,telemonitoring;procesamiento de señales;monitoreo cardiovascular,Seguridad y Salud en el Trabajo,INTERNAL,
PRJ-037,Análisis aplicado de señales fisiológicas para fortalecer ECG,INSTITUTIONAL,ACTIVE,La información sobre señales fisiológicas se encuentra distribuida y existen dificultades para relacionarla con ECG de manera verificable.,"Proyecto orientado a estudiar señales fisiológicas y su relación con ECG, integrando evidencia institucional y un enfoque de IoT.",Desarrollar y evaluar un enfoque de IoT que permita analizar señales fisiológicas y generar evidencia útil para ECG.,"Integración de fuentes, preparación de datos, IoT, análisis comparativo y validación de resultados.","Se esperan relaciones priorizadas, evidencia reproducible y orientaciones para decisiones relacionadas con ECG.",ECG,FAC-002,PRG-006,GRP-008,2018,2019,señales fisiológicas;IoT;ECG,Seguridad y Salud en el Trabajo,PUBLIC_CALL,
PRJ-038,Modelo institucional para monitoreo cardiovascular y su relación con wearables,APPLIED_RESEARCH,COMPLETED,La información sobre monitoreo cardiovascular se encuentra distribuida y existen dificultades para relacionarla con wearables de manera verificable.,"Proyecto orientado a estudiar monitoreo cardiovascular y su relación con wearables, integrando evidencia institucional y un enfoque de clasificación.",Desarrollar y evaluar un enfoque de clasificación que permita analizar monitoreo cardiovascular y generar evidencia útil para wearables.,"Integración de fuentes, preparación de datos, clasificación, análisis comparativo y validación de resultados.","Se esperan relaciones priorizadas, evidencia reproducible y orientaciones para decisiones relacionadas con wearables.",wearables,FAC-002,PRG-004,GRP-008,2019,2020,monitoreo cardiovascular;clasificación;wearables,Medicina,EXTERNAL_PARTNER,
PRJ-039,Integración de evidencia sobre ECG en escenarios de telemonitoring,INSTITUTIONAL,COMPLETED,La información sobre ECG se encuentra distribuida y existen dificultades para relacionarla con telemonitoring de manera verificable.,"Proyecto orientado a estudiar ECG y su relación con telemonitoring, integrando evidencia institucional y un enfoque de procesamiento de señales.",Desarrollar y evaluar un enfoque de procesamiento de señales que permita analizar ECG y generar evidencia útil para telemonitoring.,"Integración de fuentes, preparación de datos, procesamiento de señales, análisis comparativo y validación de resultados.","Se esperan relaciones priorizadas, evidencia reproducible y orientaciones para decisiones relacionadas con telemonitoring.",telemonitoring,FAC-002,PRG-004,GRP-007,2020,2021,ECG;procesamiento de señales;telemonitoring,Medicina,INTERNAL,
PRJ-040,Wearables: an applied study for señales fisiológicas,APPLIED_RESEARCH,ACTIVE,"Existing information about wearables is fragmented across academic and institutional sources, limiting timely analysis.","This project investigates wearables in relation to señales fisiológicas, using IoT. It focuses on institutional evidence and reproducible decision support.",Develop and evaluate an approach based on IoT to connect evidence related to wearables and señales fisiológicas.,"Applied study combining data integration, IoT, validation and traceable analysis.","Expected outputs include validated evidence, prioritized findings and a reproducible analytical component.",señales fisiológicas,FAC-002,PRG-006,GRP-007,2021,2022,wearables;IoT;señales fisiológicas,Seguridad y Salud en el Trabajo,INTERNAL,
PRJ-041,Análisis aplicado de epidemiología para fortalecer vigilancia poblacional,INSTITUTIONAL,ACTIVE,La información sobre epidemiología se encuentra distribuida y existen dificultades para relacionarla con vigilancia poblacional de manera verificable.,"Proyecto orientado a estudiar epidemiología y su relación con vigilancia poblacional, integrando evidencia institucional y un enfoque de series temporales.",Desarrollar y evaluar un enfoque de series temporales que permita analizar epidemiología y generar evidencia útil para vigilancia poblacional.,"Integración de fuentes, preparación de datos, series temporales, análisis comparativo y validación de resultados.","Se esperan relaciones priorizadas, evidencia reproducible y orientaciones para decisiones relacionadas con vigilancia poblacional.",vigilancia poblacional,FAC-002,PRG-004,GRP-008,2024,2025,epidemiología;series temporales;vigilancia poblacional,Medicina,PUBLIC_CALL,
PRJ-042,Modelo institucional para enfermedades respiratorias y su relación con outbreak forecasting,APPLIED_RESEARCH,COMPLETED,La información sobre enfermedades respiratorias se encuentra distribuida y existen dificultades para relacionarla con outbreak forecasting de manera verificable.,"Proyecto orientado a estudiar enfermedades respiratorias y su relación con outbreak forecasting, integrando evidencia institucional y un enfoque de modelos dinámicos.",Desarrollar y evaluar un enfoque de modelos dinámicos que permita analizar enfermedades respiratorias y generar evidencia útil para outbreak forecasting.,"Integración de fuentes, preparación de datos, modelos dinámicos, análisis comparativo y validación de resultados.","Se esperan relaciones priorizadas, evidencia reproducible y orientaciones para decisiones relacionadas con outbreak forecasting.",outbreak forecasting,FAC-002,PRG-006,GRP-007,2025,2026,enfermedades respiratorias;modelos dinámicos;outbreak forecasting,Seguridad y Salud en el Trabajo,EXTERNAL_PARTNER,
PRJ-043,Integración de evidencia sobre vigilancia poblacional en escenarios de riesgo sanitario,INSTITUTIONAL,COMPLETED,La información sobre vigilancia poblacional se encuentra distribuida y existen dificultades para relacionarla con riesgo sanitario de manera verificable.,"Proyecto orientado a estudiar vigilancia poblacional y su relación con riesgo sanitario, integrando evidencia institucional y un enfoque de modelamiento probabilístico.",Desarrollar y evaluar un enfoque de modelamiento probabilístico que permita analizar vigilancia poblacional y generar evidencia útil para riesgo sanitario.,"Integración de fuentes, preparación de datos, modelamiento probabilístico, análisis comparativo y validación de resultados.","Se esperan relaciones priorizadas, evidencia reproducible y orientaciones para decisiones relacionadas con riesgo sanitario.",riesgo sanitario,FAC-002,PRG-006,GRP-006,2026,,vigilancia poblacional;modelamiento probabilístico;riesgo sanitario,Seguridad y Salud en el Trabajo,INTERNAL,
PRJ-044,Estrategia basada en series temporales para estudiar outbreak forecasting,APPLIED_RESEARCH,ACTIVE,La información sobre outbreak forecasting se encuentra distribuida y existen dificultades para relacionarla con epidemiología de manera verificable.,"Proyecto orientado a estudiar outbreak forecasting y su relación con epidemiología, integrando evidencia institucional y un enfoque de series temporales.",Desarrollar y evaluar un enfoque de series temporales que permita analizar outbreak forecasting y generar evidencia útil para epidemiología.,"Integración de fuentes, preparación de datos, series temporales, análisis comparativo y validación de resultados.","Se esperan relaciones priorizadas, evidencia reproducible y orientaciones para decisiones relacionadas con epidemiología.",epidemiología,FAC-002,PRG-005,GRP-008,2018,2019,outbreak forecasting;series temporales;epidemiología,Enfermería,INTERNAL,
PRJ-045,Análisis aplicado de riesgo sanitario para fortalecer enfermedades respiratorias,INSTITUTIONAL,FORMULATION,La información sobre riesgo sanitario se encuentra distribuida y existen dificultades para relacionarla con enfermedades respiratorias de manera verificable.,"Proyecto orientado a estudiar riesgo sanitario y su relación con enfermedades respiratorias, integrando evidencia institucional y un enfoque de modelos dinámicos.",Desarrollar y evaluar un enfoque de modelos dinámicos que permita analizar riesgo sanitario y generar evidencia útil para enfermedades respiratorias.,"Integración de fuentes, preparación de datos, modelos dinámicos, análisis comparativo y validación de resultados.","Se esperan relaciones priorizadas, evidencia reproducible y orientaciones para decisiones relacionadas con enfermedades respiratorias.",enfermedades respiratorias,FAC-002,PRG-005,GRP-007,2019,2020,riesgo sanitario;modelos dinámicos;enfermedades respiratorias,Enfermería,PUBLIC_CALL,
PRJ-046,Modelo institucional para epidemiología y su relación con vigilancia poblacional,APPLIED_RESEARCH,ACTIVE,La información sobre epidemiología se encuentra distribuida y existen dificultades para relacionarla con vigilancia poblacional de manera verificable.,"Proyecto orientado a estudiar epidemiología y su relación con vigilancia poblacional, integrando evidencia institucional y un enfoque de modelamiento probabilístico.",Desarrollar y evaluar un enfoque de modelamiento probabilístico que permita analizar epidemiología y generar evidencia útil para vigilancia poblacional.,"Integración de fuentes, preparación de datos, modelamiento probabilístico, análisis comparativo y validación de resultados.","Se esperan relaciones priorizadas, evidencia reproducible y orientaciones para decisiones relacionadas con vigilancia poblacional.",vigilancia poblacional,FAC-002,PRG-006,GRP-006,2020,2021,epidemiología;modelamiento probabilístico;vigilancia poblacional,Seguridad y Salud en el Trabajo,EXTERNAL_PARTNER,
PRJ-047,Integración de evidencia sobre enfermedades respiratorias en escenarios de outbreak forecasting,INSTITUTIONAL,COMPLETED,La información sobre enfermedades respiratorias se encuentra distribuida y existen dificultades para relacionarla con outbreak forecasting de manera verificable.,"Proyecto orientado a estudiar enfermedades respiratorias y su relación con outbreak forecasting, integrando evidencia institucional y un enfoque de series temporales.",Desarrollar y evaluar un enfoque de series temporales que permita analizar enfermedades respiratorias y generar evidencia útil para outbreak forecasting.,,"Se esperan relaciones priorizadas, evidencia reproducible y orientaciones para decisiones relacionadas con outbreak forecasting.",outbreak forecasting,FAC-002,PRG-004,GRP-006,2021,2022,enfermedades respiratorias;series temporales;outbreak forecasting,Medicina,INTERNAL,
PRJ-048,Vigilancia Poblacional: an applied study for riesgo sanitario,APPLIED_RESEARCH,COMPLETED,"Existing information about vigilancia poblacional is fragmented across academic and institutional sources, limiting timely analysis.","This project investigates vigilancia poblacional in relation to riesgo sanitario, using modelos dinámicos. It focuses on institutional evidence and reproducible decision support.",Develop and evaluate an approach based on modelos dinámicos to connect evidence related to vigilancia poblacional and riesgo sanitario.,"Applied study combining data integration, modelos dinámicos, validation and traceable analysis.","Expected outputs include validated evidence, prioritized findings and a reproducible analytical component.",riesgo sanitario,FAC-002,PRG-006,GRP-006,2022,2023,vigilancia poblacional;modelos dinámicos;riesgo sanitario,Seguridad y Salud en el Trabajo,INTERNAL,
PRJ-049,Análisis aplicado de historias clínicas para fortalecer interoperabilidad,INSTITUTIONAL,FORMULATION,La información sobre historias clínicas se encuentra distribuida y existen dificultades para relacionarla con interoperabilidad de manera verificable.,"Proyecto orientado a estudiar historias clínicas y su relación con interoperabilidad, integrando evidencia institucional y un enfoque de ciberseguridad.",Desarrollar y evaluar un enfoque de ciberseguridad que permita analizar historias clínicas y generar evidencia útil para interoperabilidad.,"Integración de fuentes, preparación de datos, ciberseguridad, análisis comparativo y validación de resultados.","Se esperan relaciones priorizadas, evidencia reproducible y orientaciones para decisiones relacionadas con interoperabilidad.",interoperabilidad,FAC-002,PRG-006,GRP-007,2025,2026,historias clínicas;ciberseguridad;interoperabilidad,Seguridad y Salud en el Trabajo,PUBLIC_CALL,
PRJ-050,Modelo institucional para privacidad y su relación con clinical data security,APPLIED_RESEARCH,ACTIVE,La información sobre privacidad se encuentra distribuida y existen dificultades para relacionarla con clinical data security de manera verificable.,"Proyecto orientado a estudiar privacidad y su relación con clinical data security, integrando evidencia institucional y un enfoque de arquitecturas de software.",Desarrollar y evaluar un enfoque de arquitecturas de software que permita analizar privacidad y generar evidencia útil para clinical data security.,"Integración de fuentes, preparación de datos, arquitecturas de software, análisis comparativo y validación de resultados.","Se esperan relaciones priorizadas, evidencia reproducible y orientaciones para decisiones relacionadas con clinical data security.",clinical data security,FAC-002,PRG-005,GRP-006,2026,,privacidad;arquitecturas de software;clinical data security,Enfermería,EXTERNAL_PARTNER,
PRJ-051,Integración de evidencia sobre interoperabilidad en escenarios de control de acceso,INSTITUTIONAL,COMPLETED,La información sobre interoperabilidad se encuentra distribuida y existen dificultades para relacionarla con control de acceso de manera verificable.,"Proyecto orientado a estudiar interoperabilidad y su relación con control de acceso, integrando evidencia institucional y un enfoque de gestión de identidades.",Desarrollar y evaluar un enfoque de gestión de identidades que permita analizar interoperabilidad y generar evidencia útil para control de acceso.,"Integración de fuentes, preparación de datos, gestión de identidades, análisis comparativo y validación de resultados.","Se esperan relaciones priorizadas, evidencia reproducible y orientaciones para decisiones relacionadas con control de acceso.",control de acceso,FAC-002,PRG-006,GRP-008,2018,2019,interoperabilidad;gestión de identidades;control de acceso,Seguridad y Salud en el Trabajo,INTERNAL,
PRJ-052,Estrategia basada en ciberseguridad para estudiar clinical data security,APPLIED_RESEARCH,COMPLETED,La información sobre clinical data security se encuentra distribuida y existen dificultades para relacionarla con historias clínicas de manera verificable.,"Proyecto orientado a estudiar clinical data security y su relación con historias clínicas, integrando evidencia institucional y un enfoque de ciberseguridad.",Desarrollar y evaluar un enfoque de ciberseguridad que permita analizar clinical data security y generar evidencia útil para historias clínicas.,"Integración de fuentes, preparación de datos, ciberseguridad, análisis comparativo y validación de resultados.","Se esperan relaciones priorizadas, evidencia reproducible y orientaciones para decisiones relacionadas con historias clínicas.",historias clínicas,FAC-002,PRG-005,GRP-006,2019,2020,clinical data security;ciberseguridad;historias clínicas,Enfermería,INTERNAL,
PRJ-053,Análisis aplicado de control de acceso para fortalecer privacidad,INSTITUTIONAL,ACTIVE,La información sobre control de acceso se encuentra distribuida y existen dificultades para relacionarla con privacidad de manera verificable.,"Proyecto orientado a estudiar control de acceso y su relación con privacidad, integrando evidencia institucional y un enfoque de arquitecturas de software.",Desarrollar y evaluar un enfoque de arquitecturas de software que permita analizar control de acceso y generar evidencia útil para privacidad.,"Integración de fuentes, preparación de datos, arquitecturas de software, análisis comparativo y validación de resultados.","Se esperan relaciones priorizadas, evidencia reproducible y orientaciones para decisiones relacionadas con privacidad.",,FAC-002,PRG-006,GRP-007,2020,2021,control de acceso;arquitecturas de software;privacidad,Seguridad y Salud en el Trabajo,PUBLIC_CALL,
PRJ-054,Modelo institucional para historias clínicas y su relación con interoperabilidad,APPLIED_RESEARCH,FORMULATION,La información sobre historias clínicas se encuentra distribuida y existen dificultades para relacionarla con interoperabilidad de manera verificable.,"Proyecto orientado a estudiar historias clínicas y su relación con interoperabilidad, integrando evidencia institucional y un enfoque de gestión de identidades.",Desarrollar y evaluar un enfoque de gestión de identidades que permita analizar historias clínicas y generar evidencia útil para interoperabilidad.,"Integración de fuentes, preparación de datos, gestión de identidades, análisis comparativo y validación de resultados.","Se esperan relaciones priorizadas, evidencia reproducible y orientaciones para decisiones relacionadas con interoperabilidad.",interoperabilidad,FAC-002,PRG-006,GRP-007,2021,2022,historias clínicas;gestión de identidades;interoperabilidad,Seguridad y Salud en el Trabajo,EXTERNAL_PARTNER,
PRJ-055,Integración de evidencia sobre privacidad en escenarios de clinical data security,INSTITUTIONAL,ACTIVE,La información sobre privacidad se encuentra distribuida y existen dificultades para relacionarla con clinical data security de manera verificable.,"Proyecto orientado a estudiar privacidad y su relación con clinical data security, integrando evidencia institucional y un enfoque de ciberseguridad.",Desarrollar y evaluar un enfoque de ciberseguridad que permita analizar privacidad y generar evidencia útil para clinical data security.,"Integración de fuentes, preparación de datos, ciberseguridad, análisis comparativo y validación de resultados.","Se esperan relaciones priorizadas, evidencia reproducible y orientaciones para decisiones relacionadas con clinical data security.",clinical data security,FAC-002,PRG-006,GRP-006,2022,2023,privacidad;ciberseguridad;clinical data security,Seguridad y Salud en el Trabajo,INTERNAL,
PRJ-056,Interoperabilidad: an applied study for control de acceso,APPLIED_RESEARCH,COMPLETED,"Existing information about interoperabilidad is fragmented across academic and institutional sources, limiting timely analysis.","This project investigates interoperabilidad in relation to control de acceso, using arquitecturas de software. It focuses on institutional evidence and reproducible decision support.",Develop and evaluate an approach based on arquitecturas de software to connect evidence related to interoperabilidad and control de acceso.,"Applied study combining data integration, arquitecturas de software, validation and traceable analysis.","Expected outputs include validated evidence, prioritized findings and a reproducible analytical component.",control de acceso,FAC-002,PRG-005,GRP-006,2023,2024,interoperabilidad;arquitecturas de software;control de acceso,Enfermería,INTERNAL,
PRJ-057,Análisis aplicado de exposición ocupacional para fortalecer ergonomía,INSTITUTIONAL,ACTIVE,La información sobre exposición ocupacional se encuentra distribuida y existen dificultades para relacionarla con ergonomía de manera verificable.,"Proyecto orientado a estudiar exposición ocupacional y su relación con ergonomía, integrando evidencia institucional y un enfoque de IoT.",Desarrollar y evaluar un enfoque de IoT que permita analizar exposición ocupacional y generar evidencia útil para ergonomía.,"Integración de fuentes, preparación de datos, IoT, análisis comparativo y validación de resultados.","Se esperan relaciones priorizadas, evidencia reproducible y orientaciones para decisiones relacionadas con ergonomía.",ergonomía,FAC-002,PRG-006,GRP-006,2026,,exposición ocupacional;IoT;ergonomía,Seguridad y Salud en el Trabajo,PUBLIC_CALL,
PRJ-058,Modelo institucional para riesgo térmico y su relación con worker safety,APPLIED_RESEARCH,FORMULATION,La información sobre riesgo térmico se encuentra distribuida y existen dificultades para relacionarla con worker safety de manera verificable.,"Proyecto orientado a estudiar riesgo térmico y su relación con worker safety, integrando evidencia institucional y un enfoque de analítica de riesgo.",Desarrollar y evaluar un enfoque de analítica de riesgo que permita analizar riesgo térmico y generar evidencia útil para worker safety.,"Integración de fuentes, preparación de datos, analítica de riesgo, análisis comparativo y validación de resultados.","Se esperan relaciones priorizadas, evidencia reproducible y orientaciones para decisiones relacionadas con worker safety.",worker safety,FAC-002,PRG-004,GRP-008,2018,2019,riesgo térmico;analítica de riesgo;worker safety,Medicina,EXTERNAL_PARTNER,
PRJ-059,Integración de evidencia sobre ergonomía en escenarios de monitoreo ambiental laboral,INSTITUTIONAL,ACTIVE,La información sobre ergonomía se encuentra distribuida y existen dificultades para relacionarla con monitoreo ambiental laboral de manera verificable.,"Proyecto orientado a estudiar ergonomía y su relación con monitoreo ambiental laboral, integrando evidencia institucional y un enfoque de procesamiento de señales.",Desarrollar y evaluar un enfoque de procesamiento de señales que permita analizar ergonomía y generar evidencia útil para monitoreo ambiental laboral.,"Integración de fuentes, preparación de datos, procesamiento de señales, análisis comparativo y validación de resultados.","Se esperan relaciones priorizadas, evidencia reproducible y orientaciones para decisiones relacionadas con monitoreo ambiental laboral.",monitoreo ambiental laboral,FAC-002,PRG-004,GRP-007,2019,2020,ergonomía;procesamiento de señales;monitoreo ambiental laboral,Medicina,INTERNAL,
PRJ-060,Estrategia basada en IoT para estudiar worker safety,APPLIED_RESEARCH,COMPLETED,La información sobre worker safety se encuentra distribuida y existen dificultades para relacionarla con exposición ocupacional de manera verificable.,"Proyecto orientado a estudiar worker safety y su relación con exposición ocupacional, integrando evidencia institucional y un enfoque de IoT.",Desarrollar y evaluar un enfoque de IoT que permita analizar worker safety y generar evidencia útil para exposición ocupacional.,"Integración de fuentes, preparación de datos, IoT, análisis comparativo y validación de resultados.","Se esperan relaciones priorizadas, evidencia reproducible y orientaciones para decisiones relacionadas con exposición ocupacional.",exposición ocupacional,FAC-002,PRG-006,GRP-006,2020,2021,worker safety;IoT;exposición ocupacional,Seguridad y Salud en el Trabajo,INTERNAL,
PRJ-061,Análisis aplicado de monitoreo ambiental laboral para fortalecer riesgo térmico,INSTITUTIONAL,COMPLETED,La información sobre monitoreo ambiental laboral se encuentra distribuida y existen dificultades para relacionarla con riesgo térmico de manera verificable.,"Proyecto orientado a estudiar monitoreo ambiental laboral y su relación con riesgo térmico, integrando evidencia institucional y un enfoque de analítica de riesgo.",Desarrollar y evaluar un enfoque de analítica de riesgo que permita analizar monitoreo ambiental laboral y generar evidencia útil para riesgo térmico.,"Integración de fuentes, preparación de datos, analítica de riesgo, análisis comparativo y validación de resultados.","Se esperan relaciones priorizadas, evidencia reproducible y orientaciones para decisiones relacionadas con riesgo térmico.",riesgo térmico,FAC-002,PRG-005,GRP-006,2021,2022,monitoreo ambiental laboral;analítica de riesgo;riesgo térmico,Enfermería,PUBLIC_CALL,
PRJ-062,Modelo institucional para exposición ocupacional y su relación con ergonomía,APPLIED_RESEARCH,ACTIVE,La información sobre exposición ocupacional se encuentra distribuida y existen dificultades para relacionarla con ergonomía de manera verificable.,"Proyecto orientado a estudiar exposición ocupacional y su relación con ergonomía, integrando evidencia institucional y un enfoque de procesamiento de señales.",Desarrollar y evaluar un enfoque de procesamiento de señales que permita analizar exposición ocupacional y generar evidencia útil para ergonomía.,"Integración de fuentes, preparación de datos, procesamiento de señales, análisis comparativo y validación de resultados.","Se esperan relaciones priorizadas, evidencia reproducible y orientaciones para decisiones relacionadas con ergonomía.",ergonomía,FAC-002,PRG-006,GRP-007,2022,2023,,Seguridad y Salud en el Trabajo,EXTERNAL_PARTNER,
PRJ-063,Integración de evidencia sobre riesgo térmico en escenarios de worker safety,INSTITUTIONAL,FORMULATION,La información sobre riesgo térmico se encuentra distribuida y existen dificultades para relacionarla con worker safety de manera verificable.,"Proyecto orientado a estudiar riesgo térmico y su relación con worker safety, integrando evidencia institucional y un enfoque de IoT.",Desarrollar y evaluar un enfoque de IoT que permita analizar riesgo térmico y generar evidencia útil para worker safety.,"Integración de fuentes, preparación de datos, IoT, análisis comparativo y validación de resultados.","Se esperan relaciones priorizadas, evidencia reproducible y orientaciones para decisiones relacionadas con worker safety.",worker safety,FAC-002,PRG-006,GRP-008,2023,2024,riesgo térmico;IoT;worker safety,Seguridad y Salud en el Trabajo,INTERNAL,
PRJ-064,Ergonomía: an applied study for monitoreo ambiental laboral,APPLIED_RESEARCH,ACTIVE,"Existing information about ergonomía is fragmented across academic and institutional sources, limiting timely analysis.","This project investigates ergonomía in relation to monitoreo ambiental laboral, using analítica de riesgo. It focuses on institutional evidence and reproducible decision support.",Develop and evaluate an approach based on analítica de riesgo to connect evidence related to ergonomía and monitoreo ambiental laboral.,"Applied study combining data integration, analítica de riesgo, validation and traceable analysis.","Expected outputs include validated evidence, prioritized findings and a reproducible analytical component.",monitoreo ambiental laboral,FAC-002,PRG-005,GRP-006,2024,2025,ergonomía;analítica de riesgo;monitoreo ambiental laboral,Enfermería,INTERNAL,
PRJ-065,Análisis aplicado de calidad del agua para fortalecer cuencas,INSTITUTIONAL,COMPLETED,La información sobre calidad del agua se encuentra distribuida y existen dificultades para relacionarla con cuencas de manera verificable.,"Proyecto orientado a estudiar calidad del agua y su relación con cuencas, integrando evidencia institucional y un enfoque de IoT.",Desarrollar y evaluar un enfoque de IoT que permita analizar calidad del agua y generar evidencia útil para cuencas.,"Integración de fuentes, preparación de datos, IoT, análisis comparativo y validación de resultados.","Se esperan relaciones priorizadas, evidencia reproducible y orientaciones para decisiones relacionadas con cuencas.",cuencas,FAC-005,PRG-015,GRP-016,2018,2019,calidad del agua;IoT;cuencas,Civil,PUBLIC_CALL,
PRJ-066,Modelo institucional para variables fisicoquímicas y su relación con water monitoring,APPLIED_RESEARCH,ACTIVE,La información sobre variables fisicoquímicas se encuentra distribuida y existen dificultades para relacionarla con water monitoring de manera verificable.,"Proyecto orientado a estudiar variables fisicoquímicas y su relación con water monitoring, integrando evidencia institucional y un enfoque de detección de anomalías.",Desarrollar y evaluar un enfoque de detección de anomalías que permita analizar variables fisicoquímicas y generar evidencia útil para water monitoring.,"Integración de fuentes, preparación de datos, detección de anomalías, análisis comparativo y validación de resultados.","Se esperan relaciones priorizadas, evidencia reproducible y orientaciones para decisiones relacionadas con water monitoring.",water monitoring,FAC-005,PRG-015,GRP-017,2019,2020,variables fisicoquímicas;detección de anomalías;water monitoring,Civil,EXTERNAL_PARTNER,
PRJ-067,Integración de evidencia sobre cuencas en escenarios de contaminación hídrica,INSTITUTIONAL,FORMULATION,La información sobre cuencas se encuentra distribuida y existen dificultades para relacionarla con contaminación hídrica de manera verificable.,"Proyecto orientado a estudiar cuencas y su relación con contaminación hídrica, integrando evidencia institucional y un enfoque de series temporales.",Desarrollar y evaluar un enfoque de series temporales que permita analizar cuencas y generar evidencia útil para contaminación hídrica.,"Integración de fuentes, preparación de datos, series temporales, análisis comparativo y validación de resultados.","Se esperan relaciones priorizadas, evidencia reproducible y orientaciones para decisiones relacionadas con contaminación hídrica.",contaminación hídrica,FAC-005,PRG-015,GRP-015,2020,2021,cuencas;series temporales;contaminación hídrica,Civil,INTERNAL,
PRJ-068,Estrategia basada en IoT para estudiar water monitoring,APPLIED_RESEARCH,ACTIVE,La información sobre water monitoring se encuentra distribuida y existen dificultades para relacionarla con calidad del agua de manera verificable.,"Proyecto orientado a estudiar water monitoring y su relación con calidad del agua, integrando evidencia institucional y un enfoque de IoT.",Desarrollar y evaluar un enfoque de IoT que permita analizar water monitoring y generar evidencia útil para calidad del agua.,"Integración de fuentes, preparación de datos, IoT, análisis comparativo y validación de resultados.","Se esperan relaciones priorizadas, evidencia reproducible y orientaciones para decisiones relacionadas con calidad del agua.",calidad del agua,FAC-005,PRG-014,GRP-017,2021,2022,water monitoring;IoT;calidad del agua,Gestión Ambiental,INTERNAL,
PRJ-069,Análisis aplicado de contaminación hídrica para fortalecer variables fisicoquímicas,INSTITUTIONAL,COMPLETED,La información sobre contaminación hídrica se encuentra distribuida y existen dificultades para relacionarla con variables fisicoquímicas de manera verificable.,"Proyecto orientado a estudiar contaminación hídrica y su relación con variables fisicoquímicas, integrando evidencia institucional y un enfoque de detección de anomalías.",Desarrollar y evaluar un enfoque de detección de anomalías que permita analizar contaminación hídrica y generar evidencia útil para variables fisicoquímicas.,"Integración de fuentes, preparación de datos, detección de anomalías, análisis comparativo y validación de resultados.","Se esperan relaciones priorizadas, evidencia reproducible y orientaciones para decisiones relacionadas con variables fisicoquímicas.",variables fisicoquímicas,FAC-005,PRG-013,GRP-017,2022,2023,contaminación hídrica;detección de anomalías;variables fisicoquímicas,Ambiental,PUBLIC_CALL,
PRJ-070,Modelo institucional para calidad del agua y su relación con cuencas,APPLIED_RESEARCH,COMPLETED,La información sobre calidad del agua se encuentra distribuida y existen dificultades para relacionarla con cuencas de manera verificable.,"Proyecto orientado a estudiar calidad del agua y su relación con cuencas, integrando evidencia institucional y un enfoque de series temporales.",Desarrollar y evaluar un enfoque de series temporales que permita analizar calidad del agua y generar evidencia útil para cuencas.,"Integración de fuentes, preparación de datos, series temporales, análisis comparativo y validación de resultados.","Se esperan relaciones priorizadas, evidencia reproducible y orientaciones para decisiones relacionadas con cuencas.",cuencas,FAC-005,PRG-015,GRP-016,2023,2024,calidad del agua;series temporales;cuencas,Civil,EXTERNAL_PARTNER,
PRJ-071,Integración de evidencia sobre variables fisicoquímicas en escenarios de water monitoring,INSTITUTIONAL,ACTIVE,La información sobre variables fisicoquímicas se encuentra distribuida y existen dificultades para relacionarla con water monitoring de manera verificable.,"Proyecto orientado a estudiar variables fisicoquímicas y su relación con water monitoring, integrando evidencia institucional y un enfoque de IoT.",Desarrollar y evaluar un enfoque de IoT que permita analizar variables fisicoquímicas y generar evidencia útil para water monitoring.,"Integración de fuentes, preparación de datos, IoT, análisis comparativo y validación de resultados.","Se esperan relaciones priorizadas, evidencia reproducible y orientaciones para decisiones relacionadas con water monitoring.",water monitoring,FAC-005,PRG-013,GRP-016,2024,2025,variables fisicoquímicas;IoT;water monitoring,Ambiental,INTERNAL,
PRJ-072,Cuencas: an applied study for contaminación hídrica,APPLIED_RESEARCH,FORMULATION,"Existing information about cuencas is fragmented across academic and institutional sources, limiting timely analysis.","This project investigates cuencas in relation to contaminación hídrica, using detección de anomalías. It focuses on institutional evidence and reproducible decision support.",Develop and evaluate an approach based on detección de anomalías to connect evidence related to cuencas and contaminación hídrica.,"Applied study combining data integration, detección de anomalías, validation and traceable analysis.","Expected outputs include validated evidence, prioritized findings and a reproducible analytical component.",contaminación hídrica,FAC-005,PRG-013,GRP-017,2025,2026,cuencas;detección de anomalías;contaminación hídrica,Ambiental,INTERNAL,
PRJ-073,Análisis aplicado de riesgo climático para fortalecer territorio,INSTITUTIONAL,COMPLETED,La información sobre riesgo climático se encuentra distribuida y existen dificultades para relacionarla con territorio de manera verificable.,"Proyecto orientado a estudiar riesgo climático y su relación con territorio, integrando evidencia institucional y un enfoque de modelamiento ambiental.",Desarrollar y evaluar un enfoque de modelamiento ambiental que permita analizar riesgo climático y generar evidencia útil para territorio.,"Integración de fuentes, preparación de datos, modelamiento ambiental, análisis comparativo y validación de resultados.","Se esperan relaciones priorizadas, evidencia reproducible y orientaciones para decisiones relacionadas con territorio.",territorio,FAC-005,PRG-015,GRP-016,2019,2020,riesgo climático;modelamiento ambiental;territorio,Civil,PUBLIC_CALL,
PRJ-074,Modelo institucional para eventos extremos y su relación con climate resilience,APPLIED_RESEARCH,COMPLETED,La información sobre eventos extremos se encuentra distribuida y existen dificultades para relacionarla con climate resilience de manera verificable.,"Proyecto orientado a estudiar eventos extremos y su relación con climate resilience, integrando evidencia institucional y un enfoque de series temporales.",Desarrollar y evaluar un enfoque de series temporales que permita analizar eventos extremos y generar evidencia útil para climate resilience.,"Integración de fuentes, preparación de datos, series temporales, análisis comparativo y validación de resultados.","Se esperan relaciones priorizadas, evidencia reproducible y orientaciones para decisiones relacionadas con climate resilience.",climate resilience,FAC-005,PRG-014,GRP-016,2020,2021,eventos extremos;series temporales;climate resilience,Gestión Ambiental,EXTERNAL_PARTNER,
PRJ-075,Integración de evidencia sobre territorio en escenarios de vulnerabilidad,INSTITUTIONAL,ACTIVE,La información sobre territorio se encuentra distribuida y existen dificultades para relacionarla con vulnerabilidad de manera verificable.,"Proyecto orientado a estudiar territorio y su relación con vulnerabilidad, integrando evidencia institucional y un enfoque de análisis espacial.",Desarrollar y evaluar un enfoque de análisis espacial que permita analizar territorio y generar evidencia útil para vulnerabilidad.,"Integración de fuentes, preparación de datos, análisis espacial, análisis comparativo y validación de resultados.","Se esperan relaciones priorizadas, evidencia reproducible y orientaciones para decisiones relacionadas con vulnerabilidad.",vulnerabilidad,FAC-005,PRG-015,GRP-016,2021,2022,territorio;análisis espacial;vulnerabilidad,Civil,INTERNAL,
PRJ-076,Estrategia basada en modelamiento ambiental para estudiar climate resilience,APPLIED_RESEARCH,FORMULATION,La información sobre climate resilience se encuentra distribuida y existen dificultades para relacionarla con riesgo climático de manera verificable.,"Proyecto orientado a estudiar climate resilience y su relación con riesgo climático, integrando evidencia institucional y un enfoque de modelamiento ambiental.",Desarrollar y evaluar un enfoque de modelamiento ambiental que permita analizar climate resilience y generar evidencia útil para riesgo climático.,"Integración de fuentes, preparación de datos, modelamiento ambiental, análisis comparativo y validación de resultados.","Se esperan relaciones priorizadas, evidencia reproducible y orientaciones para decisiones relacionadas con riesgo climático.",riesgo climático,FAC-005,PRG-013,GRP-017,2022,2023,climate resilience;modelamiento ambiental;riesgo climático,Ambiental,INTERNAL,
PRJ-077,Análisis aplicado de vulnerabilidad para fortalecer eventos extremos,INSTITUTIONAL,ACTIVE,La información sobre vulnerabilidad se encuentra distribuida y existen dificultades para relacionarla con eventos extremos de manera verificable.,"Proyecto orientado a estudiar vulnerabilidad y su relación con eventos extremos, integrando evidencia institucional y un enfoque de series temporales.",Desarrollar y evaluar un enfoque de series temporales que permita analizar vulnerabilidad y generar evidencia útil para eventos extremos.,"Integración de fuentes, preparación de datos, series temporales, análisis comparativo y validación de resultados.","Se esperan relaciones priorizadas, evidencia reproducible y orientaciones para decisiones relacionadas con eventos extremos.",eventos extremos,FAC-005,PRG-013,GRP-017,2023,2024,vulnerabilidad;series temporales;eventos extremos,Ambiental,PUBLIC_CALL,
PRJ-078,Modelo institucional para riesgo climático y su relación con territorio,APPLIED_RESEARCH,COMPLETED,La información sobre riesgo climático se encuentra distribuida y existen dificultades para relacionarla con territorio de manera verificable.,"Proyecto orientado a estudiar riesgo climático y su relación con territorio, integrando evidencia institucional y un enfoque de análisis espacial.",Desarrollar y evaluar un enfoque de análisis espacial que permita analizar riesgo climático y generar evidencia útil para territorio.,"Integración de fuentes, preparación de datos, análisis espacial, análisis comparativo y validación de resultados.","Se esperan relaciones priorizadas, evidencia reproducible y orientaciones para decisiones relacionadas con territorio.",territorio,FAC-005,PRG-013,GRP-016,2024,2025,riesgo climático;análisis espacial;territorio,Ambiental,EXTERNAL_PARTNER,
PRJ-079,Integración de evidencia sobre eventos extremos en escenarios de climate resilience,INSTITUTIONAL,COMPLETED,La información sobre eventos extremos se encuentra distribuida y existen dificultades para relacionarla con climate resilience de manera verificable.,"Proyecto orientado a estudiar eventos extremos y su relación con climate resilience, integrando evidencia institucional y un enfoque de modelamiento ambiental.",Desarrollar y evaluar un enfoque de modelamiento ambiental que permita analizar eventos extremos y generar evidencia útil para climate resilience.,"Integración de fuentes, preparación de datos, modelamiento ambiental, análisis comparativo y validación de resultados.","Se esperan relaciones priorizadas, evidencia reproducible y orientaciones para decisiones relacionadas con climate resilience.",climate resilience,FAC-005,PRG-013,GRP-015,2025,2026,eventos extremos;modelamiento ambiental;climate resilience,Ambiental,INTERNAL,
PRJ-080,Territorio: an applied study for vulnerabilidad,APPLIED_RESEARCH,ACTIVE,"Existing information about territorio is fragmented across academic and institutional sources, limiting timely analysis.","This project investigates territorio in relation to vulnerabilidad, using series temporales. It focuses on institutional evidence and reproducible decision support.",Develop and evaluate an approach based on series temporales to connect evidence related to territorio and vulnerabilidad.,"Applied study combining data integration, series temporales, validation and traceable analysis.","Expected outputs include validated evidence, prioritized findings and a reproducible analytical component.",vulnerabilidad,FAC-005,PRG-015,GRP-015,2026,,territorio;series temporales;vulnerabilidad,Civil,INTERNAL,
PRJ-081,Análisis aplicado de monitoreo estructural para fortalecer vibraciones,INSTITUTIONAL,ACTIVE,La información sobre monitoreo estructural se encuentra distribuida y existen dificultades para relacionarla con vibraciones de manera verificable.,"Proyecto orientado a estudiar monitoreo estructural y su relación con vibraciones, integrando evidencia institucional y un enfoque de sensores.",Desarrollar y evaluar un enfoque de sensores que permita analizar monitoreo estructural y generar evidencia útil para vibraciones.,"Integración de fuentes, preparación de datos, sensores, análisis comparativo y validación de resultados.","Se esperan relaciones priorizadas, evidencia reproducible y orientaciones para decisiones relacionadas con vibraciones.",vibraciones,FAC-005,PRG-015,GRP-017,2020,2021,monitoreo estructural;sensores;vibraciones,Civil,PUBLIC_CALL,
PRJ-082,Modelo institucional para infraestructura urbana y su relación con smart infrastructure,APPLIED_RESEARCH,COMPLETED,La información sobre infraestructura urbana se encuentra distribuida y existen dificultades para relacionarla con smart infrastructure de manera verificable.,"Proyecto orientado a estudiar infraestructura urbana y su relación con smart infrastructure, integrando evidencia institucional y un enfoque de procesamiento de señales.",Desarrollar y evaluar un enfoque de procesamiento de señales que permita analizar infraestructura urbana y generar evidencia útil para smart infrastructure.,"Integración de fuentes, preparación de datos, procesamiento de señales, análisis comparativo y validación de resultados.","Se esperan relaciones priorizadas, evidencia reproducible y orientaciones para decisiones relacionadas con smart infrastructure.",smart infrastructure,FAC-005,PRG-013,GRP-017,2021,2022,infraestructura urbana;procesamiento de señales;smart infrastructure,Ambiental,EXTERNAL_PARTNER,
PRJ-083,Integración de evidencia sobre vibraciones en escenarios de deterioro,INSTITUTIONAL,COMPLETED,La información sobre vibraciones se encuentra distribuida y existen dificultades para relacionarla con deterioro de manera verificable.,"Proyecto orientado a estudiar vibraciones y su relación con deterioro, integrando evidencia institucional y un enfoque de detección de anomalías.",Desarrollar y evaluar un enfoque de detección de anomalías que permita analizar vibraciones y generar evidencia útil para deterioro.,"Integración de fuentes, preparación de datos, detección de anomalías, análisis comparativo y validación de resultados.","Se esperan relaciones priorizadas, evidencia reproducible y orientaciones para decisiones relacionadas con deterioro.",deterioro,FAC-005,PRG-014,GRP-017,2022,2023,vibraciones;detección de anomalías;deterioro,Gestión Ambiental,INTERNAL,
PRJ-084,Estrategia basada en sensores para estudiar smart infrastructure,APPLIED_RESEARCH,ACTIVE,La información sobre smart infrastructure se encuentra distribuida y existen dificultades para relacionarla con monitoreo estructural de manera verificable.,"Proyecto orientado a estudiar smart infrastructure y su relación con monitoreo estructural, integrando evidencia institucional y un enfoque de sensores.",Desarrollar y evaluar un enfoque de sensores que permita analizar smart infrastructure y generar evidencia útil para monitoreo estructural.,"Integración de fuentes, preparación de datos, sensores, análisis comparativo y validación de resultados.","Se esperan relaciones priorizadas, evidencia reproducible y orientaciones para decisiones relacionadas con monitoreo estructural.",monitoreo estructural,FAC-005,PRG-014,GRP-015,2023,2024,smart infrastructure;sensores;monitoreo estructural,Gestión Ambiental,INTERNAL,
PRJ-085,Análisis aplicado de deterioro para fortalecer infraestructura urbana,INSTITUTIONAL,FORMULATION,La información sobre deterioro se encuentra distribuida y existen dificultades para relacionarla con infraestructura urbana de manera verificable.,"Proyecto orientado a estudiar deterioro y su relación con infraestructura urbana, integrando evidencia institucional y un enfoque de procesamiento de señales.",Desarrollar y evaluar un enfoque de procesamiento de señales que permita analizar deterioro y generar evidencia útil para infraestructura urbana.,"Integración de fuentes, preparación de datos, procesamiento de señales, análisis comparativo y validación de resultados.","Se esperan relaciones priorizadas, evidencia reproducible y orientaciones para decisiones relacionadas con infraestructura urbana.",infraestructura urbana,FAC-005,PRG-014,GRP-016,2024,2025,deterioro;procesamiento de señales;infraestructura urbana,Gestión Ambiental,PUBLIC_CALL,
PRJ-086,Modelo institucional para monitoreo estructural y su relación con vibraciones,APPLIED_RESEARCH,ACTIVE,La información sobre monitoreo estructural se encuentra distribuida y existen dificultades para relacionarla con vibraciones de manera verificable.,"Proyecto orientado a estudiar monitoreo estructural y su relación con vibraciones, integrando evidencia institucional y un enfoque de detección de anomalías.",Desarrollar y evaluar un enfoque de detección de anomalías que permita analizar monitoreo estructural y generar evidencia útil para vibraciones.,"Integración de fuentes, preparación de datos, detección de anomalías, análisis comparativo y validación de resultados.","Se esperan relaciones priorizadas, evidencia reproducible y orientaciones para decisiones relacionadas con vibraciones.",vibraciones,FAC-005,PRG-013,GRP-016,2025,2026,monitoreo estructural;detección de anomalías;vibraciones,Ambiental,EXTERNAL_PARTNER,
PRJ-087,Integración de evidencia sobre infraestructura urbana en escenarios de smart infrastructure,INSTITUTIONAL,COMPLETED,La información sobre infraestructura urbana se encuentra distribuida y existen dificultades para relacionarla con smart infrastructure de manera verificable.,"Proyecto orientado a estudiar infraestructura urbana y su relación con smart infrastructure, integrando evidencia institucional y un enfoque de sensores.",Desarrollar y evaluar un enfoque de sensores que permita analizar infraestructura urbana y generar evidencia útil para smart infrastructure.,"Integración de fuentes, preparación de datos, sensores, análisis comparativo y validación de resultados.","Se esperan relaciones priorizadas, evidencia reproducible y orientaciones para decisiones relacionadas con smart infrastructure.",smart infrastructure,FAC-005,PRG-014,GRP-015,2026,,infraestructura urbana;sensores;smart infrastructure,Gestión Ambiental,INTERNAL,
PRJ-088,Vibraciones: an applied study for deterioro,APPLIED_RESEARCH,COMPLETED,"Existing information about vibraciones is fragmented across academic and institutional sources, limiting timely analysis.","This project investigates vibraciones in relation to deterioro, using procesamiento de señales. It focuses on institutional evidence and reproducible decision support.",Develop and evaluate an approach based on procesamiento de señales to connect evidence related to vibraciones and deterioro.,"Applied study combining data integration, procesamiento de señales, validation and traceable analysis.","Expected outputs include validated evidence, prioritized findings and a reproducible analytical component.",deterioro,FAC-005,PRG-014,GRP-015,2018,2019,vibraciones;procesamiento de señales;deterioro,Gestión Ambiental,INTERNAL,
PRJ-089,Análisis aplicado de consumo energético para fortalecer edificios,INSTITUTIONAL,FORMULATION,La información sobre consumo energético se encuentra distribuida y existen dificultades para relacionarla con edificios de manera verificable.,"Proyecto orientado a estudiar consumo energético y su relación con edificios, integrando evidencia institucional y un enfoque de series temporales.",Desarrollar y evaluar un enfoque de series temporales que permita analizar consumo energético y generar evidencia útil para edificios.,"Integración de fuentes, preparación de datos, series temporales, análisis comparativo y validación de resultados.","Se esperan relaciones priorizadas, evidencia reproducible y orientaciones para decisiones relacionadas con edificios.",edificios,FAC-006,PRG-018,GRP-019,2021,2022,consumo energético;series temporales;edificios,Ciencia de Datos,PUBLIC_CALL,
PRJ-090,Modelo institucional para eficiencia energética y su relación con energy optimization,APPLIED_RESEARCH,ACTIVE,La información sobre eficiencia energética se encuentra distribuida y existen dificultades para relacionarla con energy optimization de manera verificable.,"Proyecto orientado a estudiar eficiencia energética y su relación con energy optimization, integrando evidencia institucional y un enfoque de optimización.",Desarrollar y evaluar un enfoque de optimización que permita analizar eficiencia energética y generar evidencia útil para energy optimization.,"Integración de fuentes, preparación de datos, optimización, análisis comparativo y validación de resultados.","Se esperan relaciones priorizadas, evidencia reproducible y orientaciones para decisiones relacionadas con energy optimization.",energy optimization,FAC-006,PRG-016,GRP-019,2022,2023,eficiencia energética;optimización;energy optimization,Matemáticas Aplicadas,EXTERNAL_PARTNER,
PRJ-091,Integración de evidencia sobre edificios en escenarios de demanda,INSTITUTIONAL,COMPLETED,La información sobre edificios se encuentra distribuida y existen dificultades para relacionarla con demanda de manera verificable.,"Proyecto orientado a estudiar edificios y su relación con demanda, integrando evidencia institucional y un enfoque de IoT.",Desarrollar y evaluar un enfoque de IoT que permita analizar edificios y generar evidencia útil para demanda.,"Integración de fuentes, preparación de datos, IoT, análisis comparativo y validación de resultados.","Se esperan relaciones priorizadas, evidencia reproducible y orientaciones para decisiones relacionadas con demanda.",demanda,FAC-006,PRG-018,GRP-018,2023,2024,edificios;IoT;demanda,Ciencia de Datos,INTERNAL,
PRJ-092,Estrategia basada en series temporales para estudiar energy optimization,APPLIED_RESEARCH,COMPLETED,La información sobre energy optimization se encuentra distribuida y existen dificultades para relacionarla con consumo energético de manera verificable.,"Proyecto orientado a estudiar energy optimization y su relación con consumo energético, integrando evidencia institucional y un enfoque de series temporales.",Desarrollar y evaluar un enfoque de series temporales que permita analizar energy optimization y generar evidencia útil para consumo energético.,"Integración de fuentes, preparación de datos, series temporales, análisis comparativo y validación de resultados.","Se esperan relaciones priorizadas, evidencia reproducible y orientaciones para decisiones relacionadas con consumo energético.",consumo energético,FAC-006,PRG-017,GRP-020,2024,2025,energy optimization;series temporales;consumo energético,Física,INTERNAL,
PRJ-093,Análisis aplicado de demanda para fortalecer eficiencia energética,INSTITUTIONAL,ACTIVE,La información sobre demanda se encuentra distribuida y existen dificultades para relacionarla con eficiencia energética de manera verificable.,"Proyecto orientado a estudiar demanda y su relación con eficiencia energética, integrando evidencia institucional y un enfoque de optimización.",Desarrollar y evaluar un enfoque de optimización que permita analizar demanda y generar evidencia útil para eficiencia energética.,"Integración de fuentes, preparación de datos, optimización, análisis comparativo y validación de resultados.","Se esperan relaciones priorizadas, evidencia reproducible y orientaciones para decisiones relacionadas con eficiencia energética.",eficiencia energética,FAC-006,PRG-016,GRP-021,2025,2026,,Matemáticas Aplicadas,PUBLIC_CALL,
PRJ-094,Modelo institucional para consumo energético y su relación con edificios,APPLIED_RESEARCH,FORMULATION,La información sobre consumo energético se encuentra distribuida y existen dificultades para relacionarla con edificios de manera verificable.,"Proyecto orientado a estudiar consumo energético y su relación con edificios, integrando evidencia institucional y un enfoque de IoT.",Desarrollar y evaluar un enfoque de IoT que permita analizar consumo energético y generar evidencia útil para edificios.,,"Se esperan relaciones priorizadas, evidencia reproducible y orientaciones para decisiones relacionadas con edificios.",edificios,FAC-006,PRG-016,GRP-021,2026,,consumo energético;IoT;edificios,Matemáticas Aplicadas,EXTERNAL_PARTNER,
PRJ-095,Integración de evidencia sobre eficiencia energética en escenarios de energy optimization,INSTITUTIONAL,ACTIVE,La información sobre eficiencia energética se encuentra distribuida y existen dificultades para relacionarla con energy optimization de manera verificable.,"Proyecto orientado a estudiar eficiencia energética y su relación con energy optimization, integrando evidencia institucional y un enfoque de series temporales.",Desarrollar y evaluar un enfoque de series temporales que permita analizar eficiencia energética y generar evidencia útil para energy optimization.,"Integración de fuentes, preparación de datos, series temporales, análisis comparativo y validación de resultados.","Se esperan relaciones priorizadas, evidencia reproducible y orientaciones para decisiones relacionadas con energy optimization.",energy optimization,FAC-006,PRG-016,GRP-020,2018,2019,eficiencia energética;series temporales;energy optimization,Matemáticas Aplicadas,INTERNAL,
PRJ-096,Edificios: an applied study for demanda,APPLIED_RESEARCH,COMPLETED,"Existing information about edificios is fragmented across academic and institutional sources, limiting timely analysis.","This project investigates edificios in relation to demanda, using optimización. It focuses on institutional evidence and reproducible decision support.",Develop and evaluate an approach based on optimización to connect evidence related to edificios and demanda.,"Applied study combining data integration, optimización, validation and traceable analysis.","Expected outputs include validated evidence, prioritized findings and a reproducible analytical component.",demanda,FAC-006,PRG-017,GRP-019,2019,2020,edificios;optimización;demanda,Física,INTERNAL,
PRJ-097,Análisis aplicado de fraude financiero para fortalecer financial anomaly,INSTITUTIONAL,ACTIVE,La información sobre fraude financiero se encuentra distribuida y existen dificultades para relacionarla con financial anomaly de manera verificable.,"Proyecto orientado a estudiar fraude financiero y su relación con financial anomaly, integrando evidencia institucional y un enfoque de detección de anomalías.",Desarrollar y evaluar un enfoque de detección de anomalías que permita analizar fraude financiero y generar evidencia útil para financial anomaly.,"Integración de fuentes, preparación de datos, detección de anomalías, análisis comparativo y validación de resultados.","Se esperan relaciones priorizadas, evidencia reproducible y orientaciones para decisiones relacionadas con financial anomaly.",financial anomaly,FAC-003,PRG-009,GRP-011,2022,2023,fraude financiero;detección de anomalías;financial anomaly,Economía,PUBLIC_CALL,
PRJ-098,Modelo institucional para transacciones atípicas y su relación con operaciones sospechosas,APPLIED_RESEARCH,FORMULATION,La información sobre transacciones atípicas se encuentra distribuida y existen dificultades para relacionarla con operaciones sospechosas de manera verificable.,"Proyecto orientado a estudiar transacciones atípicas y su relación con operaciones sospechosas, integrando evidencia institucional y un enfoque de aprendizaje automático.",Desarrollar y evaluar un enfoque de aprendizaje automático que permita analizar transacciones atípicas y generar evidencia útil para operaciones sospechosas.,"Integración de fuentes, preparación de datos, aprendizaje automático, análisis comparativo y validación de resultados.","Se esperan relaciones priorizadas, evidencia reproducible y orientaciones para decisiones relacionadas con operaciones sospechosas.",operaciones sospechosas,FAC-003,PRG-009,GRP-009,2023,2024,transacciones atípicas;aprendizaje automático;operaciones sospechosas,Economía,EXTERNAL_PARTNER,
PRJ-099,Integración de evidencia sobre financial anomaly en escenarios de riesgo,INSTITUTIONAL,ACTIVE,La información sobre financial anomaly se encuentra distribuida y existen dificultades para relacionarla con riesgo de manera verificable.,"Proyecto orientado a estudiar financial anomaly y su relación con riesgo, integrando evidencia institucional y un enfoque de series temporales.",Desarrollar y evaluar un enfoque de series temporales que permita analizar financial anomaly y generar evidencia útil para riesgo.,"Integración de fuentes, preparación de datos, series temporales, análisis comparativo y validación de resultados.","Se esperan relaciones priorizadas, evidencia reproducible y orientaciones para decisiones relacionadas con riesgo.",riesgo,FAC-003,PRG-009,GRP-011,2024,2025,financial anomaly;series temporales;riesgo,Economía,INTERNAL,
PRJ-100,Estrategia basada en detección de anomalías para estudiar operaciones sospechosas,APPLIED_RESEARCH,COMPLETED,La información sobre operaciones sospechosas se encuentra distribuida y existen dificultades para relacionarla con fraude financiero de manera verificable.,"Proyecto orientado a estudiar operaciones sospechosas y su relación con fraude financiero, integrando evidencia institucional y un enfoque de detección de anomalías.",Desarrollar y evaluar un enfoque de detección de anomalías que permita analizar operaciones sospechosas y generar evidencia útil para fraude financiero.,"Integración de fuentes, preparación de datos, detección de anomalías, análisis comparativo y validación de resultados.","Se esperan relaciones priorizadas, evidencia reproducible y orientaciones para decisiones relacionadas con fraude financiero.",fraude financiero,FAC-003,PRG-007,GRP-009,2025,2026,operaciones sospechosas;detección de anomalías;fraude financiero,Administración de Empresas,INTERNAL,
PRJ-101,Análisis aplicado de riesgo para fortalecer transacciones atípicas,INSTITUTIONAL,COMPLETED,La información sobre riesgo se encuentra distribuida y existen dificultades para relacionarla con transacciones atípicas de manera verificable.,"Proyecto orientado a estudiar riesgo y su relación con transacciones atípicas, integrando evidencia institucional y un enfoque de aprendizaje automático.",Desarrollar y evaluar un enfoque de aprendizaje automático que permita analizar riesgo y generar evidencia útil para transacciones atípicas.,"Integración de fuentes, preparación de datos, aprendizaje automático, análisis comparativo y validación de resultados.","Se esperan relaciones priorizadas, evidencia reproducible y orientaciones para decisiones relacionadas con transacciones atípicas.",transacciones atípicas,FAC-003,PRG-007,GRP-010,2026,,riesgo;aprendizaje automático;transacciones atípicas,Administración de Empresas,PUBLIC_CALL,
PRJ-102,Modelo institucional para fraude financiero y su relación con financial anomaly,APPLIED_RESEARCH,ACTIVE,La información sobre fraude financiero se encuentra distribuida y existen dificultades para relacionarla con financial anomaly de manera verificable.,"Proyecto orientado a estudiar fraude financiero y su relación con financial anomaly, integrando evidencia institucional y un enfoque de series temporales.",Desarrollar y evaluar un enfoque de series temporales que permita analizar fraude financiero y generar evidencia útil para financial anomaly.,"Integración de fuentes, preparación de datos, series temporales, análisis comparativo y validación de resultados.","Se esperan relaciones priorizadas, evidencia reproducible y orientaciones para decisiones relacionadas con financial anomaly.",financial anomaly,FAC-003,PRG-007,GRP-009,2018,2019,fraude financiero;series temporales;financial anomaly,Administración de Empresas,EXTERNAL_PARTNER,
PRJ-103,Integración de evidencia sobre transacciones atípicas en escenarios de operaciones sospechosas,INSTITUTIONAL,FORMULATION,La información sobre transacciones atípicas se encuentra distribuida y existen dificultades para relacionarla con operaciones sospechosas de manera verificable.,"Proyecto orientado a estudiar transacciones atípicas y su relación con operaciones sospechosas, integrando evidencia institucional y un enfoque de detección de anomalías.",Desarrollar y evaluar un enfoque de detección de anomalías que permita analizar transacciones atípicas y generar evidencia útil para operaciones sospechosas.,"Integración de fuentes, preparación de datos, detección de anomalías, análisis comparativo y validación de resultados.","Se esperan relaciones priorizadas, evidencia reproducible y orientaciones para decisiones relacionadas con operaciones sospechosas.",operaciones sospechosas,FAC-003,PRG-007,GRP-009,2019,2020,transacciones atípicas;detección de anomalías;operaciones sospechosas,Administración de Empresas,INTERNAL,
PRJ-104,Financial Anomaly: an applied study for riesgo,APPLIED_RESEARCH,ACTIVE,"Existing information about financial anomaly is fragmented across academic and institutional sources, limiting timely analysis.","This project investigates financial anomaly in relation to riesgo, using aprendizaje automático. It focuses on institutional evidence and reproducible decision support.",Develop and evaluate an approach based on aprendizaje automático to connect evidence related to financial anomaly and riesgo.,"Applied study combining data integration, aprendizaje automático, validation and traceable analysis.","Expected outputs include validated evidence, prioritized findings and a reproducible analytical component.",riesgo,FAC-003,PRG-009,GRP-010,2020,2021,financial anomaly;aprendizaje automático;riesgo,Economía,INTERNAL,
PRJ-105,Análisis aplicado de riesgo crediticio para fortalecer credit scoring,INSTITUTIONAL,COMPLETED,La información sobre riesgo crediticio se encuentra distribuida y existen dificultades para relacionarla con credit scoring de manera verificable.,"Proyecto orientado a estudiar riesgo crediticio y su relación con credit scoring, integrando evidencia institucional y un enfoque de IA explicable.",Desarrollar y evaluar un enfoque de IA explicable que permita analizar riesgo crediticio y generar evidencia útil para credit scoring.,"Integración de fuentes, preparación de datos, IA explicable, análisis comparativo y validación de resultados.","Se esperan relaciones priorizadas, evidencia reproducible y orientaciones para decisiones relacionadas con credit scoring.",credit scoring,FAC-003,PRG-007,GRP-010,2023,2024,riesgo crediticio;IA explicable;credit scoring,Administración de Empresas,PUBLIC_CALL,
PRJ-106,Modelo institucional para transparencia y su relación con decisiones explicables,APPLIED_RESEARCH,ACTIVE,La información sobre transparencia se encuentra distribuida y existen dificultades para relacionarla con decisiones explicables de manera verificable.,"Proyecto orientado a estudiar transparencia y su relación con decisiones explicables, integrando evidencia institucional y un enfoque de modelamiento estadístico.",Desarrollar y evaluar un enfoque de modelamiento estadístico que permita analizar transparencia y generar evidencia útil para decisiones explicables.,"Integración de fuentes, preparación de datos, modelamiento estadístico, análisis comparativo y validación de resultados.","Se esperan relaciones priorizadas, evidencia reproducible y orientaciones para decisiones relacionadas con decisiones explicables.",,FAC-003,PRG-009,GRP-011,2024,2025,transparencia;modelamiento estadístico;decisiones explicables,Economía,EXTERNAL_PARTNER,
PRJ-107,Integración de evidencia sobre credit scoring en escenarios de incumplimiento,INSTITUTIONAL,FORMULATION,La información sobre credit scoring se encuentra distribuida y existen dificultades para relacionarla con incumplimiento de manera verificable.,"Proyecto orientado a estudiar credit scoring y su relación con incumplimiento, integrando evidencia institucional y un enfoque de clasificación.",Desarrollar y evaluar un enfoque de clasificación que permita analizar credit scoring y generar evidencia útil para incumplimiento.,"Integración de fuentes, preparación de datos, clasificación, análisis comparativo y validación de resultados.","Se esperan relaciones priorizadas, evidencia reproducible y orientaciones para decisiones relacionadas con incumplimiento.",incumplimiento,FAC-003,PRG-008,GRP-009,2025,2026,credit scoring;clasificación;incumplimiento,Financiera,INTERNAL,
PRJ-108,Estrategia basada en IA explicable para estudiar decisiones explicables,APPLIED_RESEARCH,ACTIVE,La información sobre decisiones explicables se encuentra distribuida y existen dificultades para relacionarla con riesgo crediticio de manera verificable.,"Proyecto orientado a estudiar decisiones explicables y su relación con riesgo crediticio, integrando evidencia institucional y un enfoque de IA explicable.",Desarrollar y evaluar un enfoque de IA explicable que permita analizar decisiones explicables y generar evidencia útil para riesgo crediticio.,"Integración de fuentes, preparación de datos, IA explicable, análisis comparativo y validación de resultados.","Se esperan relaciones priorizadas, evidencia reproducible y orientaciones para decisiones relacionadas con riesgo crediticio.",riesgo crediticio,FAC-003,PRG-008,GRP-009,2026,,decisiones explicables;IA explicable;riesgo crediticio,Financiera,INTERNAL,
PRJ-109,Análisis aplicado de incumplimiento para fortalecer transparencia,INSTITUTIONAL,COMPLETED,La información sobre incumplimiento se encuentra distribuida y existen dificultades para relacionarla con transparencia de manera verificable.,"Proyecto orientado a estudiar incumplimiento y su relación con transparencia, integrando evidencia institucional y un enfoque de modelamiento estadístico.",Desarrollar y evaluar un enfoque de modelamiento estadístico que permita analizar incumplimiento y generar evidencia útil para transparencia.,"Integración de fuentes, preparación de datos, modelamiento estadístico, análisis comparativo y validación de resultados.","Se esperan relaciones priorizadas, evidencia reproducible y orientaciones para decisiones relacionadas con transparencia.",transparencia,FAC-003,PRG-008,GRP-010,2018,2019,incumplimiento;modelamiento estadístico;transparencia,Financiera,PUBLIC_CALL,
PRJ-110,Modelo institucional para riesgo crediticio y su relación con credit scoring,APPLIED_RESEARCH,COMPLETED,La información sobre riesgo crediticio se encuentra distribuida y existen dificultades para relacionarla con credit scoring de manera verificable.,"Proyecto orientado a estudiar riesgo crediticio y su relación con credit scoring, integrando evidencia institucional y un enfoque de clasificación.",Desarrollar y evaluar un enfoque de clasificación que permita analizar riesgo crediticio y generar evidencia útil para credit scoring.,"Integración de fuentes, preparación de datos, clasificación, análisis comparativo y validación de resultados.","Se esperan relaciones priorizadas, evidencia reproducible y orientaciones para decisiones relacionadas con credit scoring.",credit scoring,FAC-003,PRG-007,GRP-009,2019,2020,riesgo crediticio;clasificación;credit scoring,Administración de Empresas,EXTERNAL_PARTNER,
PRJ-111,Integración de evidencia sobre transparencia en escenarios de decisiones explicables,INSTITUTIONAL,ACTIVE,La información sobre transparencia se encuentra distribuida y existen dificultades para relacionarla con decisiones explicables de manera verificable.,"Proyecto orientado a estudiar transparencia y su relación con decisiones explicables, integrando evidencia institucional y un enfoque de IA explicable.",Desarrollar y evaluar un enfoque de IA explicable que permita analizar transparencia y generar evidencia útil para decisiones explicables.,"Integración de fuentes, preparación de datos, IA explicable, análisis comparativo y validación de resultados.","Se esperan relaciones priorizadas, evidencia reproducible y orientaciones para decisiones relacionadas con decisiones explicables.",decisiones explicables,FAC-003,PRG-009,GRP-009,2020,2021,transparencia;IA explicable;decisiones explicables,Economía,INTERNAL,
PRJ-112,Credit Scoring: an applied study for incumplimiento,APPLIED_RESEARCH,FORMULATION,"Existing information about credit scoring is fragmented across academic and institutional sources, limiting timely analysis.","This project investigates credit scoring in relation to incumplimiento, using modelamiento estadístico. It focuses on institutional evidence and reproducible decision support.",Develop and evaluate an approach based on modelamiento estadístico to connect evidence related to credit scoring and incumplimiento.,"Applied study combining data integration, modelamiento estadístico, validation and traceable analysis.","Expected outputs include validated evidence, prioritized findings and a reproducible analytical component.",incumplimiento,FAC-003,PRG-007,GRP-010,2021,2022,credit scoring;modelamiento estadístico;incumplimiento,Administración de Empresas,INTERNAL,
PRJ-113,Análisis aplicado de logística para fortalecer última milla,INSTITUTIONAL,COMPLETED,La información sobre logística se encuentra distribuida y existen dificultades para relacionarla con última milla de manera verificable.,"Proyecto orientado a estudiar logística y su relación con última milla, integrando evidencia institucional y un enfoque de optimización combinatoria.",Desarrollar y evaluar un enfoque de optimización combinatoria que permita analizar logística y generar evidencia útil para última milla.,"Integración de fuentes, preparación de datos, optimización combinatoria, análisis comparativo y validación de resultados.","Se esperan relaciones priorizadas, evidencia reproducible y orientaciones para decisiones relacionadas con última milla.",última milla,FAC-001,PRG-001,GRP-001,2024,2025,logística;optimización combinatoria;última milla,de Sistemas,PUBLIC_CALL,
PRJ-114,Modelo institucional para ruteo y su relación con resource allocation,APPLIED_RESEARCH,COMPLETED,La información sobre ruteo se encuentra distribuida y existen dificultades para relacionarla con resource allocation de manera verificable.,"Proyecto orientado a estudiar ruteo y su relación con resource allocation, integrando evidencia institucional y un enfoque de investigación de operaciones.",Desarrollar y evaluar un enfoque de investigación de operaciones que permita analizar ruteo y generar evidencia útil para resource allocation.,"Integración de fuentes, preparación de datos, investigación de operaciones, análisis comparativo y validación de resultados.","Se esperan relaciones priorizadas, evidencia reproducible y orientaciones para decisiones relacionadas con resource allocation.",resource allocation,FAC-001,PRG-002,GRP-004,2025,2026,ruteo;investigación de operaciones;resource allocation,Electrónica,EXTERNAL_PARTNER,
PRJ-115,Integración de evidencia sobre última milla en escenarios de distribución,INSTITUTIONAL,ACTIVE,La información sobre última milla se encuentra distribuida y existen dificultades para relacionarla con distribución de manera verificable.,"Proyecto orientado a estudiar última milla y su relación con distribución, integrando evidencia institucional y un enfoque de simulación.",Desarrollar y evaluar un enfoque de simulación que permita analizar última milla y generar evidencia útil para distribución.,"Integración de fuentes, preparación de datos, simulación, análisis comparativo y validación de resultados.","Se esperan relaciones priorizadas, evidencia reproducible y orientaciones para decisiones relacionadas con distribución.",distribución,FAC-001,PRG-003,GRP-002,2026,,última milla;simulación;distribución,Industrial,INTERNAL,
PRJ-116,Estrategia basada en optimización combinatoria para estudiar resource allocation,APPLIED_RESEARCH,FORMULATION,La información sobre resource allocation se encuentra distribuida y existen dificultades para relacionarla con logística de manera verificable.,"Proyecto orientado a estudiar resource allocation y su relación con logística, integrando evidencia institucional y un enfoque de optimización combinatoria.",Desarrollar y evaluar un enfoque de optimización combinatoria que permita analizar resource allocation y generar evidencia útil para logística.,"Integración de fuentes, preparación de datos, optimización combinatoria, análisis comparativo y validación de resultados.","Se esperan relaciones priorizadas, evidencia reproducible y orientaciones para decisiones relacionadas con logística.",logística,FAC-001,PRG-002,GRP-004,2018,2019,resource allocation;optimización combinatoria;logística,Electrónica,INTERNAL,
PRJ-117,Análisis aplicado de distribución para fortalecer ruteo,INSTITUTIONAL,ACTIVE,La información sobre distribución se encuentra distribuida y existen dificultades para relacionarla con ruteo de manera verificable.,"Proyecto orientado a estudiar distribución y su relación con ruteo, integrando evidencia institucional y un enfoque de investigación de operaciones.",Desarrollar y evaluar un enfoque de investigación de operaciones que permita analizar distribución y generar evidencia útil para ruteo.,"Integración de fuentes, preparación de datos, investigación de operaciones, análisis comparativo y validación de resultados.","Se esperan relaciones priorizadas, evidencia reproducible y orientaciones para decisiones relacionadas con ruteo.",ruteo,FAC-001,PRG-003,GRP-001,2019,2020,distribución;investigación de operaciones;ruteo,Industrial,PUBLIC_CALL,
PRJ-118,Modelo institucional para logística y su relación con última milla,APPLIED_RESEARCH,COMPLETED,La información sobre logística se encuentra distribuida y existen dificultades para relacionarla con última milla de manera verificable.,"Proyecto orientado a estudiar logística y su relación con última milla, integrando evidencia institucional y un enfoque de simulación.",Desarrollar y evaluar un enfoque de simulación que permita analizar logística y generar evidencia útil para última milla.,"Integración de fuentes, preparación de datos, simulación, análisis comparativo y validación de resultados.","Se esperan relaciones priorizadas, evidencia reproducible y orientaciones para decisiones relacionadas con última milla.",última milla,FAC-001,PRG-001,GRP-001,2020,2021,logística;simulación;última milla,de Sistemas,EXTERNAL_PARTNER,
PRJ-119,Integración de evidencia sobre ruteo en escenarios de resource allocation,INSTITUTIONAL,COMPLETED,La información sobre ruteo se encuentra distribuida y existen dificultades para relacionarla con resource allocation de manera verificable.,"Proyecto orientado a estudiar ruteo y su relación con resource allocation, integrando evidencia institucional y un enfoque de optimización combinatoria.",Desarrollar y evaluar un enfoque de optimización combinatoria que permita analizar ruteo y generar evidencia útil para resource allocation.,"Integración de fuentes, preparación de datos, optimización combinatoria, análisis comparativo y validación de resultados.","Se esperan relaciones priorizadas, evidencia reproducible y orientaciones para decisiones relacionadas con resource allocation.",resource allocation,FAC-001,PRG-002,GRP-004,2021,2022,ruteo;optimización combinatoria;resource allocation,Electrónica,INTERNAL,
PRJ-120,Última Milla: an applied study for distribución,APPLIED_RESEARCH,ACTIVE,"Existing information about última milla is fragmented across academic and institutional sources, limiting timely analysis.","This project investigates última milla in relation to distribución, using investigación de operaciones. It focuses on institutional evidence and reproducible decision support.",Develop and evaluate an approach based on investigación de operaciones to connect evidence related to última milla and distribución.,"Applied study combining data integration, investigación de operaciones, validation and traceable analysis.","Expected outputs include validated evidence, prioritized findings and a reproducible analytical component.",distribución,FAC-001,PRG-001,GRP-001,2022,2023,última milla;investigación de operaciones;distribución,de Sistemas,INTERNAL,
PRJ-121,Análisis aplicado de mantenimiento predictivo para fortalecer vibraciones,INSTITUTIONAL,ACTIVE,La información sobre mantenimiento predictivo se encuentra distribuida y existen dificultades para relacionarla con vibraciones de manera verificable.,"Proyecto orientado a estudiar mantenimiento predictivo y su relación con vibraciones, integrando evidencia institucional y un enfoque de procesamiento de señales.",Desarrollar y evaluar un enfoque de procesamiento de señales que permita analizar mantenimiento predictivo y generar evidencia útil para vibraciones.,"Integración de fuentes, preparación de datos, procesamiento de señales, análisis comparativo y validación de resultados.","Se esperan relaciones priorizadas, evidencia reproducible y orientaciones para decisiones relacionadas con vibraciones.",vibraciones,FAC-001,PRG-001,GRP-005,2025,2026,mantenimiento predictivo;procesamiento de señales;vibraciones,de Sistemas,PUBLIC_CALL,
PRJ-122,Modelo institucional para fallas y su relación con predictive maintenance,APPLIED_RESEARCH,COMPLETED,La información sobre fallas se encuentra distribuida y existen dificultades para relacionarla con predictive maintenance de manera verificable.,"Proyecto orientado a estudiar fallas y su relación con predictive maintenance, integrando evidencia institucional y un enfoque de series temporales.",Desarrollar y evaluar un enfoque de series temporales que permita analizar fallas y generar evidencia útil para predictive maintenance.,"Integración de fuentes, preparación de datos, series temporales, análisis comparativo y validación de resultados.","Se esperan relaciones priorizadas, evidencia reproducible y orientaciones para decisiones relacionadas con predictive maintenance.",predictive maintenance,FAC-001,PRG-001,GRP-003,2026,,fallas;series temporales;predictive maintenance,de Sistemas,EXTERNAL_PARTNER,
PRJ-123,Integración de evidencia sobre vibraciones en escenarios de activos industriales,INSTITUTIONAL,COMPLETED,La información sobre vibraciones se encuentra distribuida y existen dificultades para relacionarla con activos industriales de manera verificable.,"Proyecto orientado a estudiar vibraciones y su relación con activos industriales, integrando evidencia institucional y un enfoque de detección de anomalías.",Desarrollar y evaluar un enfoque de detección de anomalías que permita analizar vibraciones y generar evidencia útil para activos industriales.,"Integración de fuentes, preparación de datos, detección de anomalías, análisis comparativo y validación de resultados.","Se esperan relaciones priorizadas, evidencia reproducible y orientaciones para decisiones relacionadas con activos industriales.",activos industriales,FAC-001,PRG-002,GRP-005,2018,2019,vibraciones;detección de anomalías;activos industriales,Electrónica,INTERNAL,
PRJ-124,Estrategia basada en procesamiento de señales para estudiar predictive maintenance,APPLIED_RESEARCH,ACTIVE,La información sobre predictive maintenance se encuentra distribuida y existen dificultades para relacionarla con mantenimiento predictivo de manera verificable.,"Proyecto orientado a estudiar predictive maintenance y su relación con mantenimiento predictivo, integrando evidencia institucional y un enfoque de procesamiento de señales.",Desarrollar y evaluar un enfoque de procesamiento de señales que permita analizar predictive maintenance y generar evidencia útil para mantenimiento predictivo.,"Integración de fuentes, preparación de datos, procesamiento de señales, análisis comparativo y validación de resultados.","Se esperan relaciones priorizadas, evidencia reproducible y orientaciones para decisiones relacionadas con mantenimiento predictivo.",mantenimiento predictivo,FAC-001,PRG-001,GRP-001,2019,2020,,de Sistemas,INTERNAL,
PRJ-125,Análisis aplicado de activos industriales para fortalecer fallas,INSTITUTIONAL,FORMULATION,La información sobre activos industriales se encuentra distribuida y existen dificultades para relacionarla con fallas de manera verificable.,"Proyecto orientado a estudiar activos industriales y su relación con fallas, integrando evidencia institucional y un enfoque de series temporales.",Desarrollar y evaluar un enfoque de series temporales que permita analizar activos industriales y generar evidencia útil para fallas.,"Integración de fuentes, preparación de datos, series temporales, análisis comparativo y validación de resultados.","Se esperan relaciones priorizadas, evidencia reproducible y orientaciones para decisiones relacionadas con fallas.",fallas,FAC-001,PRG-002,GRP-001,2020,2021,activos industriales;series temporales;fallas,Electrónica,PUBLIC_CALL,
PRJ-126,Modelo institucional para mantenimiento predictivo y su relación con vibraciones,APPLIED_RESEARCH,ACTIVE,La información sobre mantenimiento predictivo se encuentra distribuida y existen dificultades para relacionarla con vibraciones de manera verificable.,"Proyecto orientado a estudiar mantenimiento predictivo y su relación con vibraciones, integrando evidencia institucional y un enfoque de detección de anomalías.",Desarrollar y evaluar un enfoque de detección de anomalías que permita analizar mantenimiento predictivo y generar evidencia útil para vibraciones.,"Integración de fuentes, preparación de datos, detección de anomalías, análisis comparativo y validación de resultados.","Se esperan relaciones priorizadas, evidencia reproducible y orientaciones para decisiones relacionadas con vibraciones.",vibraciones,FAC-001,PRG-002,GRP-005,2021,2022,mantenimiento predictivo;detección de anomalías;vibraciones,Electrónica,EXTERNAL_PARTNER,
PRJ-127,Integración de evidencia sobre fallas en escenarios de predictive maintenance,INSTITUTIONAL,COMPLETED,La información sobre fallas se encuentra distribuida y existen dificultades para relacionarla con predictive maintenance de manera verificable.,"Proyecto orientado a estudiar fallas y su relación con predictive maintenance, integrando evidencia institucional y un enfoque de procesamiento de señales.",Desarrollar y evaluar un enfoque de procesamiento de señales que permita analizar fallas y generar evidencia útil para predictive maintenance.,"Integración de fuentes, preparación de datos, procesamiento de señales, análisis comparativo y validación de resultados.","Se esperan relaciones priorizadas, evidencia reproducible y orientaciones para decisiones relacionadas con predictive maintenance.",predictive maintenance,FAC-001,PRG-001,GRP-001,2022,2023,fallas;procesamiento de señales;predictive maintenance,de Sistemas,INTERNAL,
PRJ-128,Vibraciones: an applied study for activos industriales,APPLIED_RESEARCH,COMPLETED,"Existing information about vibraciones is fragmented across academic and institutional sources, limiting timely analysis.","This project investigates vibraciones in relation to activos industriales, using series temporales. It focuses on institutional evidence and reproducible decision support.",Develop and evaluate an approach based on series temporales to connect evidence related to vibraciones and activos industriales.,"Applied study combining data integration, series temporales, validation and traceable analysis.","Expected outputs include validated evidence, prioritized findings and a reproducible analytical component.",activos industriales,FAC-001,PRG-002,GRP-002,2023,2024,vibraciones;series temporales;activos industriales,Electrónica,INTERNAL,
PRJ-129,Análisis aplicado de comportamiento de usuarios para fortalecer riesgo humano,INSTITUTIONAL,FORMULATION,La información sobre comportamiento de usuarios se encuentra distribuida y existen dificultades para relacionarla con riesgo humano de manera verificable.,"Proyecto orientado a estudiar comportamiento de usuarios y su relación con riesgo humano, integrando evidencia institucional y un enfoque de ciberseguridad.",Desarrollar y evaluar un enfoque de ciberseguridad que permita analizar comportamiento de usuarios y generar evidencia útil para riesgo humano.,"Integración de fuentes, preparación de datos, ciberseguridad, análisis comparativo y validación de resultados.","Se esperan relaciones priorizadas, evidencia reproducible y orientaciones para decisiones relacionadas con riesgo humano.",riesgo humano,FAC-001,PRG-003,GRP-001,2026,,comportamiento de usuarios;ciberseguridad;riesgo humano,Industrial,PUBLIC_CALL,
PRJ-130,Modelo institucional para phishing y su relación con behavioral cybersecurity,APPLIED_RESEARCH,ACTIVE,La información sobre phishing se encuentra distribuida y existen dificultades para relacionarla con behavioral cybersecurity de manera verificable.,"Proyecto orientado a estudiar phishing y su relación con behavioral cybersecurity, integrando evidencia institucional y un enfoque de modelamiento de comportamiento.",Desarrollar y evaluar un enfoque de modelamiento de comportamiento que permita analizar phishing y generar evidencia útil para behavioral cybersecurity.,"Integración de fuentes, preparación de datos, modelamiento de comportamiento, análisis comparativo y validación de resultados.","Se esperan relaciones priorizadas, evidencia reproducible y orientaciones para decisiones relacionadas con behavioral cybersecurity.",behavioral cybersecurity,FAC-001,PRG-001,GRP-003,2018,2019,phishing;modelamiento de comportamiento;behavioral cybersecurity,de Sistemas,EXTERNAL_PARTNER,
PRJ-131,Integración de evidencia sobre riesgo humano en escenarios de incidentes,INSTITUTIONAL,COMPLETED,La información sobre riesgo humano se encuentra distribuida y existen dificultades para relacionarla con incidentes de manera verificable.,"Proyecto orientado a estudiar riesgo humano y su relación con incidentes, integrando evidencia institucional y un enfoque de clasificación.",Desarrollar y evaluar un enfoque de clasificación que permita analizar riesgo humano y generar evidencia útil para incidentes.,"Integración de fuentes, preparación de datos, clasificación, análisis comparativo y validación de resultados.","Se esperan relaciones priorizadas, evidencia reproducible y orientaciones para decisiones relacionadas con incidentes.",incidentes,FAC-001,PRG-001,GRP-001,2019,2020,riesgo humano;clasificación;incidentes,de Sistemas,INTERNAL,
PRJ-132,Estrategia basada en ciberseguridad para estudiar behavioral cybersecurity,APPLIED_RESEARCH,COMPLETED,La información sobre behavioral cybersecurity se encuentra distribuida y existen dificultades para relacionarla con comportamiento de usuarios de manera verificable.,"Proyecto orientado a estudiar behavioral cybersecurity y su relación con comportamiento de usuarios, integrando evidencia institucional y un enfoque de ciberseguridad.",Desarrollar y evaluar un enfoque de ciberseguridad que permita analizar behavioral cybersecurity y generar evidencia útil para comportamiento de usuarios.,"Integración de fuentes, preparación de datos, ciberseguridad, análisis comparativo y validación de resultados.","Se esperan relaciones priorizadas, evidencia reproducible y orientaciones para decisiones relacionadas con comportamiento de usuarios.",comportamiento de usuarios,FAC-001,PRG-003,GRP-002,2020,2021,behavioral cybersecurity;ciberseguridad;comportamiento de usuarios,Industrial,INTERNAL,
PRJ-133,Análisis aplicado de incidentes para fortalecer phishing,INSTITUTIONAL,ACTIVE,La información sobre incidentes se encuentra distribuida y existen dificultades para relacionarla con phishing de manera verificable.,"Proyecto orientado a estudiar incidentes y su relación con phishing, integrando evidencia institucional y un enfoque de modelamiento de comportamiento.",Desarrollar y evaluar un enfoque de modelamiento de comportamiento que permita analizar incidentes y generar evidencia útil para phishing.,"Integración de fuentes, preparación de datos, modelamiento de comportamiento, análisis comparativo y validación de resultados.","Se esperan relaciones priorizadas, evidencia reproducible y orientaciones para decisiones relacionadas con phishing.",phishing,FAC-001,PRG-003,GRP-002,2021,2022,incidentes;modelamiento de comportamiento;phishing,Industrial,PUBLIC_CALL,
PRJ-134,Modelo institucional para comportamiento de usuarios y su relación con riesgo humano,APPLIED_RESEARCH,FORMULATION,La información sobre comportamiento de usuarios se encuentra distribuida y existen dificultades para relacionarla con riesgo humano de manera verificable.,"Proyecto orientado a estudiar comportamiento de usuarios y su relación con riesgo humano, integrando evidencia institucional y un enfoque de clasificación.",Desarrollar y evaluar un enfoque de clasificación que permita analizar comportamiento de usuarios y generar evidencia útil para riesgo humano.,"Integración de fuentes, preparación de datos, clasificación, análisis comparativo y validación de resultados.","Se esperan relaciones priorizadas, evidencia reproducible y orientaciones para decisiones relacionadas con riesgo humano.",riesgo humano,FAC-001,PRG-003,GRP-002,2022,2023,comportamiento de usuarios;clasificación;riesgo humano,Industrial,EXTERNAL_PARTNER,
PRJ-135,Integración de evidencia sobre phishing en escenarios de behavioral cybersecurity,INSTITUTIONAL,ACTIVE,La información sobre phishing se encuentra distribuida y existen dificultades para relacionarla con behavioral cybersecurity de manera verificable.,"Proyecto orientado a estudiar phishing y su relación con behavioral cybersecurity, integrando evidencia institucional y un enfoque de ciberseguridad.",Desarrollar y evaluar un enfoque de ciberseguridad que permita analizar phishing y generar evidencia útil para behavioral cybersecurity.,"Integración de fuentes, preparación de datos, ciberseguridad, análisis comparativo y validación de resultados.","Se esperan relaciones priorizadas, evidencia reproducible y orientaciones para decisiones relacionadas con behavioral cybersecurity.",behavioral cybersecurity,FAC-001,PRG-001,GRP-005,2023,2024,phishing;ciberseguridad;behavioral cybersecurity,de Sistemas,INTERNAL,
PRJ-136,Riesgo Humano: an applied study for incidentes,APPLIED_RESEARCH,COMPLETED,"Existing information about riesgo humano is fragmented across academic and institutional sources, limiting timely analysis.","This project investigates riesgo humano in relation to incidentes, using modelamiento de comportamiento. It focuses on institutional evidence and reproducible decision support.",Develop and evaluate an approach based on modelamiento de comportamiento to connect evidence related to riesgo humano and incidentes.,"Applied study combining data integration, modelamiento de comportamiento, validation and traceable analysis.","Expected outputs include validated evidence, prioritized findings and a reproducible analytical component.",incidentes,FAC-001,PRG-003,GRP-001,2024,2025,riesgo humano;modelamiento de comportamiento;incidentes,Industrial,INTERNAL,
PRJ-137,Análisis aplicado de producción científica para fortalecer bibliometría,INSTITUTIONAL,ACTIVE,La información sobre producción científica se encuentra distribuida y existen dificultades para relacionarla con bibliometría de manera verificable.,"Proyecto orientado a estudiar producción científica y su relación con bibliometría, integrando evidencia institucional y un enfoque de NLP.",Desarrollar y evaluar un enfoque de NLP que permita analizar producción científica y generar evidencia útil para bibliometría.,"Integración de fuentes, preparación de datos, NLP, análisis comparativo y validación de resultados.","Se esperan relaciones priorizadas, evidencia reproducible y orientaciones para decisiones relacionadas con bibliometría.",bibliometría,FAC-006,PRG-016,GRP-020,2018,2019,producción científica;NLP;bibliometría,Matemáticas Aplicadas,PUBLIC_CALL,
PRJ-138,Modelo institucional para tendencias de investigación y su relación con research intelligence,APPLIED_RESEARCH,FORMULATION,La información sobre tendencias de investigación se encuentra distribuida y existen dificultades para relacionarla con research intelligence de manera verificable.,"Proyecto orientado a estudiar tendencias de investigación y su relación con research intelligence, integrando evidencia institucional y un enfoque de grafos.",Desarrollar y evaluar un enfoque de grafos que permita analizar tendencias de investigación y generar evidencia útil para research intelligence.,"Integración de fuentes, preparación de datos, grafos, análisis comparativo y validación de resultados.","Se esperan relaciones priorizadas, evidencia reproducible y orientaciones para decisiones relacionadas con research intelligence.",research intelligence,FAC-006,PRG-018,GRP-019,2019,2020,tendencias de investigación;grafos;research intelligence,Ciencia de Datos,EXTERNAL_PARTNER,
PRJ-139,Integración de evidencia sobre bibliometría en escenarios de colaboración,INSTITUTIONAL,ACTIVE,La información sobre bibliometría se encuentra distribuida y existen dificultades para relacionarla con colaboración de manera verificable.,"Proyecto orientado a estudiar bibliometría y su relación con colaboración, integrando evidencia institucional y un enfoque de recuperación de información.",Desarrollar y evaluar un enfoque de recuperación de información que permita analizar bibliometría y generar evidencia útil para colaboración.,"Integración de fuentes, preparación de datos, recuperación de información, análisis comparativo y validación de resultados.","Se esperan relaciones priorizadas, evidencia reproducible y orientaciones para decisiones relacionadas con colaboración.",colaboración,FAC-006,PRG-018,GRP-021,2020,2021,bibliometría;recuperación de información;colaboración,Ciencia de Datos,INTERNAL,
PRJ-140,Estrategia basada en NLP para estudiar research intelligence,APPLIED_RESEARCH,COMPLETED,La información sobre research intelligence se encuentra distribuida y existen dificultades para relacionarla con producción científica de manera verificable.,"Proyecto orientado a estudiar research intelligence y su relación con producción científica, integrando evidencia institucional y un enfoque de NLP.",Desarrollar y evaluar un enfoque de NLP que permita analizar research intelligence y generar evidencia útil para producción científica.,"Integración de fuentes, preparación de datos, NLP, análisis comparativo y validación de resultados.","Se esperan relaciones priorizadas, evidencia reproducible y orientaciones para decisiones relacionadas con producción científica.",producción científica,FAC-006,PRG-017,GRP-019,2021,2022,research intelligence;NLP;producción científica,Física,INTERNAL,
PRJ-141,Análisis aplicado de colaboración para fortalecer tendencias de investigación,INSTITUTIONAL,COMPLETED,La información sobre colaboración se encuentra distribuida y existen dificultades para relacionarla con tendencias de investigación de manera verificable.,"Proyecto orientado a estudiar colaboración y su relación con tendencias de investigación, integrando evidencia institucional y un enfoque de grafos.",Desarrollar y evaluar un enfoque de grafos que permita analizar colaboración y generar evidencia útil para tendencias de investigación.,,"Se esperan relaciones priorizadas, evidencia reproducible y orientaciones para decisiones relacionadas con tendencias de investigación.",tendencias de investigación,FAC-006,PRG-016,GRP-019,2022,2023,colaboración;grafos;tendencias de investigación,Matemáticas Aplicadas,PUBLIC_CALL,
PRJ-142,Modelo institucional para producción científica y su relación con bibliometría,APPLIED_RESEARCH,ACTIVE,La información sobre producción científica se encuentra distribuida y existen dificultades para relacionarla con bibliometría de manera verificable.,"Proyecto orientado a estudiar producción científica y su relación con bibliometría, integrando evidencia institucional y un enfoque de recuperación de información.",Desarrollar y evaluar un enfoque de recuperación de información que permita analizar producción científica y generar evidencia útil para bibliometría.,"Integración de fuentes, preparación de datos, recuperación de información, análisis comparativo y validación de resultados.","Se esperan relaciones priorizadas, evidencia reproducible y orientaciones para decisiones relacionadas con bibliometría.",bibliometría,FAC-006,PRG-016,GRP-019,2023,2024,producción científica;recuperación de información;bibliometría,Matemáticas Aplicadas,EXTERNAL_PARTNER,
PRJ-143,Integración de evidencia sobre tendencias de investigación en escenarios de research intelligence,INSTITUTIONAL,FORMULATION,La información sobre tendencias de investigación se encuentra distribuida y existen dificultades para relacionarla con research intelligence de manera verificable.,"Proyecto orientado a estudiar tendencias de investigación y su relación con research intelligence, integrando evidencia institucional y un enfoque de NLP.",Desarrollar y evaluar un enfoque de NLP que permita analizar tendencias de investigación y generar evidencia útil para research intelligence.,"Integración de fuentes, preparación de datos, NLP, análisis comparativo y validación de resultados.","Se esperan relaciones priorizadas, evidencia reproducible y orientaciones para decisiones relacionadas con research intelligence.",research intelligence,FAC-006,PRG-016,GRP-019,2024,2025,tendencias de investigación;NLP;research intelligence,Matemáticas Aplicadas,INTERNAL,
PRJ-144,Bibliometría: an applied study for colaboración,APPLIED_RESEARCH,ACTIVE,"Existing information about bibliometría is fragmented across academic and institutional sources, limiting timely analysis.","This project investigates bibliometría in relation to colaboración, using grafos. It focuses on institutional evidence and reproducible decision support.",Develop and evaluate an approach based on grafos to connect evidence related to bibliometría and colaboración.,"Applied study combining data integration, grafos, validation and traceable analysis.","Expected outputs include validated evidence, prioritized findings and a reproducible analytical component.",colaboración,FAC-006,PRG-016,GRP-018,2025,2026,bibliometría;grafos;colaboración,Matemáticas Aplicadas,INTERNAL,
PRJ-145,Análisis aplicado de desarrollo territorial para fortalecer innovación social,INSTITUTIONAL,COMPLETED,La información sobre desarrollo territorial se encuentra distribuida y existen dificultades para relacionarla con innovación social de manera verificable.,"Proyecto orientado a estudiar desarrollo territorial y su relación con innovación social, integrando evidencia institucional y un enfoque de analítica socioeconómica.",Desarrollar y evaluar un enfoque de analítica socioeconómica que permita analizar desarrollo territorial y generar evidencia útil para innovación social.,"Integración de fuentes, preparación de datos, analítica socioeconómica, análisis comparativo y validación de resultados.","Se esperan relaciones priorizadas, evidencia reproducible y orientaciones para decisiones relacionadas con innovación social.",innovación social,FAC-003,PRG-009,GRP-010,2019,2020,desarrollo territorial;analítica socioeconómica;innovación social,Economía,PUBLIC_CALL,
PRJ-146,Modelo institucional para capacidades locales y su relación con regional development,APPLIED_RESEARCH,ACTIVE,La información sobre capacidades locales se encuentra distribuida y existen dificultades para relacionarla con regional development de manera verificable.,"Proyecto orientado a estudiar capacidades locales y su relación con regional development, integrando evidencia institucional y un enfoque de evaluación de impacto.",Desarrollar y evaluar un enfoque de evaluación de impacto que permita analizar capacidades locales y generar evidencia útil para regional development.,"Integración de fuentes, preparación de datos, evaluación de impacto, análisis comparativo y validación de resultados.","Se esperan relaciones priorizadas, evidencia reproducible y orientaciones para decisiones relacionadas con regional development.",regional development,FAC-003,PRG-009,GRP-010,2020,2021,capacidades locales;evaluación de impacto;regional development,Economía,EXTERNAL_PARTNER,
PRJ-147,Integración de evidencia sobre innovación social en escenarios de brechas,INSTITUTIONAL,FORMULATION,La información sobre innovación social se encuentra distribuida y existen dificultades para relacionarla con brechas de manera verificable.,"Proyecto orientado a estudiar innovación social y su relación con brechas, integrando evidencia institucional y un enfoque de análisis territorial.",Desarrollar y evaluar un enfoque de análisis territorial que permita analizar innovación social y generar evidencia útil para brechas.,"Integración de fuentes, preparación de datos, análisis territorial, análisis comparativo y validación de resultados.","Se esperan relaciones priorizadas, evidencia reproducible y orientaciones para decisiones relacionadas con brechas.",brechas,FAC-003,PRG-007,GRP-009,2021,2022,innovación social;análisis territorial;brechas,Administración de Empresas,INTERNAL,
PRJ-148,Estrategia basada en analítica socioeconómica para estudiar regional development,APPLIED_RESEARCH,ACTIVE,La información sobre regional development se encuentra distribuida y existen dificultades para relacionarla con desarrollo territorial de manera verificable.,"Proyecto orientado a estudiar regional development y su relación con desarrollo territorial, integrando evidencia institucional y un enfoque de analítica socioeconómica.",Desarrollar y evaluar un enfoque de analítica socioeconómica que permita analizar regional development y generar evidencia útil para desarrollo territorial.,"Integración de fuentes, preparación de datos, analítica socioeconómica, análisis comparativo y validación de resultados.","Se esperan relaciones priorizadas, evidencia reproducible y orientaciones para decisiones relacionadas con desarrollo territorial.",desarrollo territorial,FAC-003,PRG-009,GRP-009,2022,2023,regional development;analítica socioeconómica;desarrollo territorial,Economía,INTERNAL,
PRJ-149,Análisis aplicado de brechas para fortalecer capacidades locales,INSTITUTIONAL,COMPLETED,La información sobre brechas se encuentra distribuida y existen dificultades para relacionarla con capacidades locales de manera verificable.,"Proyecto orientado a estudiar brechas y su relación con capacidades locales, integrando evidencia institucional y un enfoque de evaluación de impacto.",Desarrollar y evaluar un enfoque de evaluación de impacto que permita analizar brechas y generar evidencia útil para capacidades locales.,"Integración de fuentes, preparación de datos, evaluación de impacto, análisis comparativo y validación de resultados.","Se esperan relaciones priorizadas, evidencia reproducible y orientaciones para decisiones relacionadas con capacidades locales.",capacidades locales,FAC-003,PRG-007,GRP-010,2023,2024,brechas;evaluación de impacto;capacidades locales,Administración de Empresas,PUBLIC_CALL,
PRJ-150,Modelo institucional para desarrollo territorial y su relación con innovación social,APPLIED_RESEARCH,COMPLETED,La información sobre desarrollo territorial se encuentra distribuida y existen dificultades para relacionarla con innovación social de manera verificable.,"Proyecto orientado a estudiar desarrollo territorial y su relación con innovación social, integrando evidencia institucional y un enfoque de análisis territorial.",Desarrollar y evaluar un enfoque de análisis territorial que permita analizar desarrollo territorial y generar evidencia útil para innovación social.,"Integración de fuentes, preparación de datos, análisis territorial, análisis comparativo y validación de resultados.","Se esperan relaciones priorizadas, evidencia reproducible y orientaciones para decisiones relacionadas con innovación social.",innovación social,FAC-003,PRG-007,GRP-010,2024,2025,desarrollo territorial;análisis territorial;innovación social,Administración de Empresas,EXTERNAL_PARTNER,
PRJ-151,Integración de evidencia sobre capacidades locales en escenarios de regional development,INSTITUTIONAL,ACTIVE,La información sobre capacidades locales se encuentra distribuida y existen dificultades para relacionarla con regional development de manera verificable.,"Proyecto orientado a estudiar capacidades locales y su relación con regional development, integrando evidencia institucional y un enfoque de analítica socioeconómica.",Desarrollar y evaluar un enfoque de analítica socioeconómica que permita analizar capacidades locales y generar evidencia útil para regional development.,"Integración de fuentes, preparación de datos, analítica socioeconómica, análisis comparativo y validación de resultados.","Se esperan relaciones priorizadas, evidencia reproducible y orientaciones para decisiones relacionadas con regional development.",regional development,FAC-003,PRG-007,GRP-011,2025,2026,capacidades locales;analítica socioeconómica;regional development,Administración de Empresas,INTERNAL,
PRJ-152,Innovación Social: an applied study for brechas,APPLIED_RESEARCH,FORMULATION,"Existing information about innovación social is fragmented across academic and institutional sources, limiting timely analysis.","This project investigates innovación social in relation to brechas, using evaluación de impacto. It focuses on institutional evidence and reproducible decision support.",Develop and evaluate an approach based on evaluación de impacto to connect evidence related to innovación social and brechas.,"Applied study combining data integration, evaluación de impacto, validation and traceable analysis.","Expected outputs include validated evidence, prioritized findings and a reproducible analytical component.",brechas,FAC-003,PRG-009,GRP-011,2026,,innovación social;evaluación de impacto;brechas,Economía,INTERNAL,
PRJ-153,Análisis aplicado de resiliencia urbana para fortalecer infraestructura,INSTITUTIONAL,COMPLETED,La información sobre resiliencia urbana se encuentra distribuida y existen dificultades para relacionarla con infraestructura de manera verificable.,"Proyecto orientado a estudiar resiliencia urbana y su relación con infraestructura, integrando evidencia institucional y un enfoque de analítica interdisciplinaria.",Desarrollar y evaluar un enfoque de analítica interdisciplinaria que permita analizar resiliencia urbana y generar evidencia útil para infraestructura.,"Integración de fuentes, preparación de datos, analítica interdisciplinaria, análisis comparativo y validación de resultados.","Se esperan relaciones priorizadas, evidencia reproducible y orientaciones para decisiones relacionadas con infraestructura.",infraestructura,FAC-005,PRG-015,GRP-017,2020,2021,resiliencia urbana;analítica interdisciplinaria;infraestructura,Civil,PUBLIC_CALL,
PRJ-154,Modelo institucional para salud pública y su relación con environmental extremes,APPLIED_RESEARCH,COMPLETED,La información sobre salud pública se encuentra distribuida y existen dificultades para relacionarla con environmental extremes de manera verificable.,"Proyecto orientado a estudiar salud pública y su relación con environmental extremes, integrando evidencia institucional y un enfoque de modelamiento de riesgo.",Desarrollar y evaluar un enfoque de modelamiento de riesgo que permita analizar salud pública y generar evidencia útil para environmental extremes.,"Integración de fuentes, preparación de datos, modelamiento de riesgo, análisis comparativo y validación de resultados.","Se esperan relaciones priorizadas, evidencia reproducible y orientaciones para decisiones relacionadas con environmental extremes.",environmental extremes,FAC-005,PRG-014,GRP-016,2021,2022,salud pública;modelamiento de riesgo;environmental extremes,Gestión Ambiental,EXTERNAL_PARTNER,
PRJ-155,Integración de evidencia sobre infraestructura en escenarios de vulnerabilidad socioeconómica,INSTITUTIONAL,ACTIVE,La información sobre infraestructura se encuentra distribuida y existen dificultades para relacionarla con vulnerabilidad socioeconómica de manera verificable.,"Proyecto orientado a estudiar infraestructura y su relación con vulnerabilidad socioeconómica, integrando evidencia institucional y un enfoque de integración de datos.",Desarrollar y evaluar un enfoque de integración de datos que permita analizar infraestructura y generar evidencia útil para vulnerabilidad socioeconómica.,"Integración de fuentes, preparación de datos, integración de datos, análisis comparativo y validación de resultados.","Se esperan relaciones priorizadas, evidencia reproducible y orientaciones para decisiones relacionadas con vulnerabilidad socioeconómica.",vulnerabilidad socioeconómica,FAC-005,PRG-015,GRP-016,2022,2023,,Civil,INTERNAL,
PRJ-156,Estrategia basada en analítica interdisciplinaria para estudiar environmental extremes,APPLIED_RESEARCH,FORMULATION,La información sobre environmental extremes se encuentra distribuida y existen dificultades para relacionarla con resiliencia urbana de manera verificable.,"Proyecto orientado a estudiar environmental extremes y su relación con resiliencia urbana, integrando evidencia institucional y un enfoque de analítica interdisciplinaria.",Desarrollar y evaluar un enfoque de analítica interdisciplinaria que permita analizar environmental extremes y generar evidencia útil para resiliencia urbana.,"Integración de fuentes, preparación de datos, analítica interdisciplinaria, análisis comparativo y validación de resultados.","Se esperan relaciones priorizadas, evidencia reproducible y orientaciones para decisiones relacionadas con resiliencia urbana.",resiliencia urbana,FAC-005,PRG-013,GRP-016,2023,2024,environmental extremes;analítica interdisciplinaria;resiliencia urbana,Ambiental,INTERNAL,
PRJ-157,Análisis aplicado de vulnerabilidad socioeconómica para fortalecer salud pública,INSTITUTIONAL,ACTIVE,La información sobre vulnerabilidad socioeconómica se encuentra distribuida y existen dificultades para relacionarla con salud pública de manera verificable.,"Proyecto orientado a estudiar vulnerabilidad socioeconómica y su relación con salud pública, integrando evidencia institucional y un enfoque de modelamiento de riesgo.",Desarrollar y evaluar un enfoque de modelamiento de riesgo que permita analizar vulnerabilidad socioeconómica y generar evidencia útil para salud pública.,"Integración de fuentes, preparación de datos, modelamiento de riesgo, análisis comparativo y validación de resultados.","Se esperan relaciones priorizadas, evidencia reproducible y orientaciones para decisiones relacionadas con salud pública.",salud pública,FAC-005,PRG-014,GRP-017,2024,2025,vulnerabilidad socioeconómica;modelamiento de riesgo;salud pública,Gestión Ambiental,PUBLIC_CALL,
PRJ-158,Modelo institucional para resiliencia urbana y su relación con infraestructura,APPLIED_RESEARCH,COMPLETED,La información sobre resiliencia urbana se encuentra distribuida y existen dificultades para relacionarla con infraestructura de manera verificable.,"Proyecto orientado a estudiar resiliencia urbana y su relación con infraestructura, integrando evidencia institucional y un enfoque de integración de datos.",Desarrollar y evaluar un enfoque de integración de datos que permita analizar resiliencia urbana y generar evidencia útil para infraestructura.,"Integración de fuentes, preparación de datos, integración de datos, análisis comparativo y validación de resultados.","Se esperan relaciones priorizadas, evidencia reproducible y orientaciones para decisiones relacionadas con infraestructura.",infraestructura,FAC-005,PRG-014,GRP-015,2025,2026,resiliencia urbana;integración de datos;infraestructura,Gestión Ambiental,EXTERNAL_PARTNER,
PRJ-159,Integración de evidencia sobre salud pública en escenarios de environmental extremes,INSTITUTIONAL,COMPLETED,La información sobre salud pública se encuentra distribuida y existen dificultades para relacionarla con environmental extremes de manera verificable.,"Proyecto orientado a estudiar salud pública y su relación con environmental extremes, integrando evidencia institucional y un enfoque de analítica interdisciplinaria.",Desarrollar y evaluar un enfoque de analítica interdisciplinaria que permita analizar salud pública y generar evidencia útil para environmental extremes.,"Integración de fuentes, preparación de datos, analítica interdisciplinaria, análisis comparativo y validación de resultados.","Se esperan relaciones priorizadas, evidencia reproducible y orientaciones para decisiones relacionadas con environmental extremes.",,FAC-005,PRG-015,GRP-015,2026,,salud pública;analítica interdisciplinaria;environmental extremes,Civil,INTERNAL,
PRJ-160,Infraestructura: an applied study for vulnerabilidad socioeconómica,APPLIED_RESEARCH,ACTIVE,"Existing information about infraestructura is fragmented across academic and institutional sources, limiting timely analysis.","This project investigates infraestructura in relation to vulnerabilidad socioeconómica, using modelamiento de riesgo. It focuses on institutional evidence and reproducible decision support.",Develop and evaluate an approach based on modelamiento de riesgo to connect evidence related to infraestructura and vulnerabilidad socioeconómica.,"Applied study combining data integration, modelamiento de riesgo, validation and traceable analysis.","Expected outputs include validated evidence, prioritized findings and a reproducible analytical component.",vulnerabilidad socioeconómica,FAC-005,PRG-015,GRP-017,2018,2019,infraestructura;modelamiento de riesgo;vulnerabilidad socioeconómica,Civil,INTERNAL,
PRJ-161,Automatización de procesos administrativos mediante simulación,INSTITUTIONAL,ACTIVE,"Se identifican limitaciones institucionales asociadas a automatización de procesos administrativos, con información distribuida entre varias fuentes.","El proyecto analiza automatización de procesos administrativos desde una perspectiva aplicada y contextual, empleando simulación.",Evaluar alternativas para mejorar automatización de procesos administrativos mediante evidencia institucional.,"Recolección de información, simulación, validación y análisis de resultados.","Resultados esperados relacionados con mejora de procesos, evidencia y recomendaciones aplicadas.",automatización de procesos administrativos,FAC-001,PRG-002,GRP-001,2017,2018,automatización de procesos administrativos;simulación,Electrónica,PUBLIC_CALL,
PRJ-162,Experiencia de usuario en servicios digitales mediante estudio de caso,INNOVATION,ACTIVE,"Se identifican limitaciones institucionales asociadas a experiencia de usuario en servicios digitales, con información distribuida entre varias fuentes.","El proyecto analiza experiencia de usuario en servicios digitales desde una perspectiva aplicada y contextual, empleando estudio de caso.",Evaluar alternativas para mejorar experiencia de usuario en servicios digitales mediante evidencia institucional.,"Recolección de información, estudio de caso, validación y análisis de resultados.","Resultados esperados relacionados con mejora de procesos, evidencia y recomendaciones aplicadas.",experiencia de usuario en servicios digitales,FAC-002,PRG-006,GRP-006,2018,2019,experiencia de usuario en servicios digitales;estudio de caso,Seguridad y Salud en el Trabajo,EXTERNAL_PARTNER,
PRJ-163,Gestión documental mediante modelamiento estadístico,APPLIED_RESEARCH,COMPLETED,"Se identifican limitaciones institucionales asociadas a gestión documental, con información distribuida entre varias fuentes.","El proyecto analiza gestión documental desde una perspectiva aplicada y contextual, empleando modelamiento estadístico.",Evaluar alternativas para mejorar gestión documental mediante evidencia institucional.,"Recolección de información, modelamiento estadístico, validación y análisis de resultados.","Resultados esperados relacionados con mejora de procesos, evidencia y recomendaciones aplicadas.",gestión documental,FAC-003,PRG-008,GRP-011,2019,2020,gestión documental;modelamiento estadístico,Financiera,INTERNAL,
PRJ-164,Adopción tecnológica en pequeñas empresas mediante estudio de caso,RESEARCH,FORMULATION,"Se identifican limitaciones institucionales asociadas a adopción tecnológica en pequeñas empresas, con información distribuida entre varias fuentes.","El proyecto analiza adopción tecnológica en pequeñas empresas desde una perspectiva aplicada y contextual, empleando estudio de caso.",Evaluar alternativas para mejorar adopción tecnológica en pequeñas empresas mediante evidencia institucional.,"Recolección de información, estudio de caso, validación y análisis de resultados.","Resultados esperados relacionados con mejora de procesos, evidencia y recomendaciones aplicadas.",adopción tecnológica en pequeñas empresas,FAC-004,PRG-012,GRP-013,2020,2021,adopción tecnológica en pequeñas empresas;estudio de caso,Ciencias de la Educación,INTERNAL,
PRJ-165,Telemetría industrial mediante evaluación comparativa,INSTITUTIONAL,COMPLETED,"Se identifican limitaciones institucionales asociadas a telemetría industrial, con información distribuida entre varias fuentes.","El proyecto analiza telemetría industrial desde una perspectiva aplicada y contextual, empleando evaluación comparativa.",Evaluar alternativas para mejorar telemetría industrial mediante evidencia institucional.,"Recolección de información, evaluación comparativa, validación y análisis de resultados.","Resultados esperados relacionados con mejora de procesos, evidencia y recomendaciones aplicadas.",telemetría industrial,FAC-005,PRG-013,GRP-015,2021,2022,telemetría industrial;evaluación comparativa,Ambiental,PUBLIC_CALL,
PRJ-166,Análisis de movilidad urbana mediante simulación,INNOVATION,ACTIVE,"Se identifican limitaciones institucionales asociadas a análisis de movilidad urbana, con información distribuida entre varias fuentes.","El proyecto analiza análisis de movilidad urbana desde una perspectiva aplicada y contextual, empleando simulación.",Evaluar alternativas para mejorar análisis de movilidad urbana mediante evidencia institucional.,"Recolección de información, simulación, validación y análisis de resultados.","Resultados esperados relacionados con mejora de procesos, evidencia y recomendaciones aplicadas.",análisis de movilidad urbana,FAC-006,PRG-017,GRP-021,2022,2023,análisis de movilidad urbana;simulación,Física,EXTERNAL_PARTNER,
PRJ-167,Bienestar universitario mediante diseño de prototipo,APPLIED_RESEARCH,ACTIVE,"Se identifican limitaciones institucionales asociadas a bienestar universitario, con información distribuida entre varias fuentes.","El proyecto analiza bienestar universitario desde una perspectiva aplicada y contextual, empleando diseño de prototipo.",Evaluar alternativas para mejorar bienestar universitario mediante evidencia institucional.,"Recolección de información, diseño de prototipo, validación y análisis de resultados.","Resultados esperados relacionados con mejora de procesos, evidencia y recomendaciones aplicadas.",bienestar universitario,FAC-001,PRG-003,GRP-004,2023,2024,bienestar universitario;diseño de prototipo,Industrial,INTERNAL,
PRJ-168,Gestión de inventarios mediante simulación,RESEARCH,COMPLETED,"Se identifican limitaciones institucionales asociadas a gestión de inventarios, con información distribuida entre varias fuentes.","El proyecto analiza gestión de inventarios desde una perspectiva aplicada y contextual, empleando simulación.",Evaluar alternativas para mejorar gestión de inventarios mediante evidencia institucional.,"Recolección de información, simulación, validación y análisis de resultados.","Resultados esperados relacionados con mejora de procesos, evidencia y recomendaciones aplicadas.",gestión de inventarios,FAC-002,PRG-004,GRP-007,2024,2025,gestión de inventarios;simulación,Medicina,INTERNAL,
PRJ-169,Educación financiera mediante modelamiento estadístico,INSTITUTIONAL,FORMULATION,"Se identifican limitaciones institucionales asociadas a educación financiera, con información distribuida entre varias fuentes.","El proyecto analiza educación financiera desde una perspectiva aplicada y contextual, empleando modelamiento estadístico.",Evaluar alternativas para mejorar educación financiera mediante evidencia institucional.,"Recolección de información, modelamiento estadístico, validación y análisis de resultados.","Resultados esperados relacionados con mejora de procesos, evidencia y recomendaciones aplicadas.",educación financiera,FAC-003,PRG-007,GRP-011,2025,2026,educación financiera;modelamiento estadístico,Administración de Empresas,PUBLIC_CALL,
PRJ-170,Comunicación organizacional mediante modelamiento estadístico,INNOVATION,COMPLETED,"Se identifican limitaciones institucionales asociadas a comunicación organizacional, con información distribuida entre varias fuentes.","El proyecto analiza comunicación organizacional desde una perspectiva aplicada y contextual, empleando modelamiento estadístico.",Evaluar alternativas para mejorar comunicación organizacional mediante evidencia institucional.,"Recolección de información, modelamiento estadístico, validación y análisis de resultados.","Resultados esperados relacionados con mejora de procesos, evidencia y recomendaciones aplicadas.",comunicación organizacional,FAC-004,PRG-011,GRP-012,2026,,comunicación organizacional;modelamiento estadístico,Psicología,EXTERNAL_PARTNER,
PRJ-171,Gestión de residuos mediante estudio de caso,APPLIED_RESEARCH,ACTIVE,"Se identifican limitaciones institucionales asociadas a gestión de residuos, con información distribuida entre varias fuentes.","El proyecto analiza gestión de residuos desde una perspectiva aplicada y contextual, empleando estudio de caso.",Evaluar alternativas para mejorar gestión de residuos mediante evidencia institucional.,"Recolección de información, estudio de caso, validación y análisis de resultados.","Resultados esperados relacionados con mejora de procesos, evidencia y recomendaciones aplicadas.",gestión de residuos,FAC-005,PRG-015,GRP-017,2017,2018,gestión de residuos;estudio de caso,Civil,INTERNAL,
PRJ-172,Materiales sostenibles mediante evaluación comparativa,RESEARCH,ACTIVE,"Se identifican limitaciones institucionales asociadas a materiales sostenibles, con información distribuida entre varias fuentes.","El proyecto analiza materiales sostenibles desde una perspectiva aplicada y contextual, empleando evaluación comparativa.",Evaluar alternativas para mejorar materiales sostenibles mediante evidencia institucional.,"Recolección de información, evaluación comparativa, validación y análisis de resultados.","Resultados esperados relacionados con mejora de procesos, evidencia y recomendaciones aplicadas.",materiales sostenibles,FAC-006,PRG-016,GRP-018,2018,2019,materiales sostenibles;evaluación comparativa,Matemáticas Aplicadas,INTERNAL,
PRJ-173,Simulación de sistemas físicos mediante modelamiento estadístico,INSTITUTIONAL,COMPLETED,"Se identifican limitaciones institucionales asociadas a simulación de sistemas físicos, con información distribuida entre varias fuentes.","El proyecto analiza simulación de sistemas físicos desde una perspectiva aplicada y contextual, empleando modelamiento estadístico.",Evaluar alternativas para mejorar simulación de sistemas físicos mediante evidencia institucional.,"Recolección de información, modelamiento estadístico, validación y análisis de resultados.","Resultados esperados relacionados con mejora de procesos, evidencia y recomendaciones aplicadas.",simulación de sistemas físicos,FAC-001,PRG-002,GRP-005,2019,2020,simulación de sistemas físicos;modelamiento estadístico,Electrónica,PUBLIC_CALL,
PRJ-174,Optimización de horarios mediante simulación,INNOVATION,FORMULATION,"Se identifican limitaciones institucionales asociadas a optimización de horarios, con información distribuida entre varias fuentes.","El proyecto analiza optimización de horarios desde una perspectiva aplicada y contextual, empleando simulación.",Evaluar alternativas para mejorar optimización de horarios mediante evidencia institucional.,"Recolección de información, simulación, validación y análisis de resultados.","Resultados esperados relacionados con mejora de procesos, evidencia y recomendaciones aplicadas.",optimización de horarios,FAC-002,PRG-005,GRP-007,2020,2021,optimización de horarios;simulación,Enfermería,EXTERNAL_PARTNER,
PRJ-175,Visualización de indicadores mediante análisis descriptivo,APPLIED_RESEARCH,COMPLETED,"Se identifican limitaciones institucionales asociadas a visualización de indicadores, con información distribuida entre varias fuentes.","El proyecto analiza visualización de indicadores desde una perspectiva aplicada y contextual, empleando análisis descriptivo.",Evaluar alternativas para mejorar visualización de indicadores mediante evidencia institucional.,"Recolección de información, análisis descriptivo, validación y análisis de resultados.","Resultados esperados relacionados con mejora de procesos, evidencia y recomendaciones aplicadas.",visualización de indicadores,FAC-003,PRG-008,GRP-010,2021,2022,visualización de indicadores;análisis descriptivo,Financiera,INTERNAL,
PRJ-176,Evaluación de políticas públicas mediante modelamiento estadístico,RESEARCH,ACTIVE,"Se identifican limitaciones institucionales asociadas a evaluación de políticas públicas, con información distribuida entre varias fuentes.","El proyecto analiza evaluación de políticas públicas desde una perspectiva aplicada y contextual, empleando modelamiento estadístico.",Evaluar alternativas para mejorar evaluación de políticas públicas mediante evidencia institucional.,"Recolección de información, modelamiento estadístico, validación y análisis de resultados.","Resultados esperados relacionados con mejora de procesos, evidencia y recomendaciones aplicadas.",evaluación de políticas públicas,FAC-004,PRG-012,GRP-013,2022,2023,evaluación de políticas públicas;modelamiento estadístico,Ciencias de la Educación,INTERNAL,
PRJ-177,Competencias digitales docentes mediante análisis descriptivo,INSTITUTIONAL,ACTIVE,"Se identifican limitaciones institucionales asociadas a competencias digitales docentes, con información distribuida entre varias fuentes.","El proyecto analiza competencias digitales docentes desde una perspectiva aplicada y contextual, empleando análisis descriptivo.",Evaluar alternativas para mejorar competencias digitales docentes mediante evidencia institucional.,"Recolección de información, análisis descriptivo, validación y análisis de resultados.","Resultados esperados relacionados con mejora de procesos, evidencia y recomendaciones aplicadas.",competencias digitales docentes,FAC-005,PRG-015,GRP-017,2023,2024,competencias digitales docentes;análisis descriptivo,Civil,PUBLIC_CALL,
PRJ-178,Gestión de servicios de salud mediante diseño de prototipo,INNOVATION,COMPLETED,"Se identifican limitaciones institucionales asociadas a gestión de servicios de salud, con información distribuida entre varias fuentes.","El proyecto analiza gestión de servicios de salud desde una perspectiva aplicada y contextual, empleando diseño de prototipo.",Evaluar alternativas para mejorar gestión de servicios de salud mediante evidencia institucional.,"Recolección de información, diseño de prototipo, validación y análisis de resultados.","Resultados esperados relacionados con mejora de procesos, evidencia y recomendaciones aplicadas.",gestión de servicios de salud,FAC-006,PRG-017,GRP-020,2024,2025,gestión de servicios de salud;diseño de prototipo,Física,EXTERNAL_PARTNER,
PRJ-179,Calidad de software mediante modelamiento estadístico,APPLIED_RESEARCH,FORMULATION,"Se identifican limitaciones institucionales asociadas a calidad de software, con información distribuida entre varias fuentes.","El proyecto analiza calidad de software desde una perspectiva aplicada y contextual, empleando modelamiento estadístico.",Evaluar alternativas para mejorar calidad de software mediante evidencia institucional.,"Recolección de información, modelamiento estadístico, validación y análisis de resultados.","Resultados esperados relacionados con mejora de procesos, evidencia y recomendaciones aplicadas.",calidad de software,FAC-001,PRG-003,GRP-001,2025,2026,calidad de software;modelamiento estadístico,Industrial,INTERNAL,
PRJ-180,Transformación cultural mediante estudio de caso,RESEARCH,COMPLETED,"Se identifican limitaciones institucionales asociadas a transformación cultural, con información distribuida entre varias fuentes.","El proyecto analiza transformación cultural desde una perspectiva aplicada y contextual, empleando estudio de caso.",Evaluar alternativas para mejorar transformación cultural mediante evidencia institucional.,"Recolección de información, estudio de caso, validación y análisis de resultados.","Resultados esperados relacionados con mejora de procesos, evidencia y recomendaciones aplicadas.",transformación cultural,FAC-002,PRG-006,GRP-008,2026,,transformación cultural;estudio de caso,Seguridad y Salud en el Trabajo,INTERNAL,
PRJ-181,Economía circular mediante simulación,INSTITUTIONAL,ACTIVE,"Se identifican limitaciones institucionales asociadas a economía circular, con información distribuida entre varias fuentes.","El proyecto analiza economía circular desde una perspectiva aplicada y contextual, empleando simulación.",Evaluar alternativas para mejorar economía circular mediante evidencia institucional.,"Recolección de información, simulación, validación y análisis de resultados.","Resultados esperados relacionados con mejora de procesos, evidencia y recomendaciones aplicadas.",economía circular,FAC-003,PRG-008,GRP-011,2017,2018,economía circular;simulación,Financiera,PUBLIC_CALL,
PRJ-182,Gestión de proyectos mediante diseño de prototipo,INNOVATION,ACTIVE,"Se identifican limitaciones institucionales asociadas a gestión de proyectos, con información distribuida entre varias fuentes.","El proyecto analiza gestión de proyectos desde una perspectiva aplicada y contextual, empleando diseño de prototipo.",Evaluar alternativas para mejorar gestión de proyectos mediante evidencia institucional.,"Recolección de información, diseño de prototipo, validación y análisis de resultados.","Resultados esperados relacionados con mejora de procesos, evidencia y recomendaciones aplicadas.",gestión de proyectos,FAC-004,PRG-010,GRP-014,2018,2019,gestión de proyectos;diseño de prototipo,Licenciatura en Tecnología e Informática,EXTERNAL_PARTNER,
PRJ-183,Analítica de satisfacción mediante diseño de prototipo,APPLIED_RESEARCH,COMPLETED,"Se identifican limitaciones institucionales asociadas a analítica de satisfacción, con información distribuida entre varias fuentes.","El proyecto analiza analítica de satisfacción desde una perspectiva aplicada y contextual, empleando diseño de prototipo.",Evaluar alternativas para mejorar analítica de satisfacción mediante evidencia institucional.,"Recolección de información, diseño de prototipo, validación y análisis de resultados.","Resultados esperados relacionados con mejora de procesos, evidencia y recomendaciones aplicadas.",analítica de satisfacción,FAC-005,PRG-013,GRP-016,2019,2020,analítica de satisfacción;diseño de prototipo,Ambiental,INTERNAL,
PRJ-184,Interoperabilidad de datos mediante estudio de caso,RESEARCH,FORMULATION,"Se identifican limitaciones institucionales asociadas a interoperabilidad de datos, con información distribuida entre varias fuentes.","El proyecto analiza interoperabilidad de datos desde una perspectiva aplicada y contextual, empleando estudio de caso.",Evaluar alternativas para mejorar interoperabilidad de datos mediante evidencia institucional.,"Recolección de información, estudio de caso, validación y análisis de resultados.","Resultados esperados relacionados con mejora de procesos, evidencia y recomendaciones aplicadas.",interoperabilidad de datos,FAC-006,PRG-018,GRP-018,2020,2021,interoperabilidad de datos;estudio de caso,Ciencia de Datos,INTERNAL,
PRJ-185,Automatización de procesos administrativos mediante modelamiento estadístico,INSTITUTIONAL,COMPLETED,"Se identifican limitaciones institucionales asociadas a automatización de procesos administrativos, con información distribuida entre varias fuentes.","El proyecto analiza automatización de procesos administrativos desde una perspectiva aplicada y contextual, empleando modelamiento estadístico.",Evaluar alternativas para mejorar automatización de procesos administrativos mediante evidencia institucional.,"Recolección de información, modelamiento estadístico, validación y análisis de resultados.","Resultados esperados relacionados con mejora de procesos, evidencia y recomendaciones aplicadas.",automatización de procesos administrativos,FAC-001,PRG-001,GRP-004,2021,2022,automatización de procesos administrativos;modelamiento estadístico,de Sistemas,PUBLIC_CALL,
PRJ-186,Experiencia de usuario en servicios digitales mediante modelamiento estadístico,INNOVATION,ACTIVE,"Se identifican limitaciones institucionales asociadas a experiencia de usuario en servicios digitales, con información distribuida entre varias fuentes.","El proyecto analiza experiencia de usuario en servicios digitales desde una perspectiva aplicada y contextual, empleando modelamiento estadístico.",Evaluar alternativas para mejorar experiencia de usuario en servicios digitales mediante evidencia institucional.,"Recolección de información, modelamiento estadístico, validación y análisis de resultados.","Resultados esperados relacionados con mejora de procesos, evidencia y recomendaciones aplicadas.",experiencia de usuario en servicios digitales,FAC-002,PRG-006,GRP-008,2022,2023,,Seguridad y Salud en el Trabajo,EXTERNAL_PARTNER,
PRJ-187,Gestión documental mediante simulación,APPLIED_RESEARCH,ACTIVE,"Se identifican limitaciones institucionales asociadas a gestión documental, con información distribuida entre varias fuentes.","El proyecto analiza gestión documental desde una perspectiva aplicada y contextual, empleando simulación.",Evaluar alternativas para mejorar gestión documental mediante evidencia institucional.,"Recolección de información, simulación, validación y análisis de resultados.","Resultados esperados relacionados con mejora de procesos, evidencia y recomendaciones aplicadas.",gestión documental,FAC-003,PRG-009,GRP-010,2023,2024,gestión documental;simulación,Economía,INTERNAL,
PRJ-188,Adopción tecnológica en pequeñas empresas mediante estudio de caso,RESEARCH,COMPLETED,"Se identifican limitaciones institucionales asociadas a adopción tecnológica en pequeñas empresas, con información distribuida entre varias fuentes.","El proyecto analiza adopción tecnológica en pequeñas empresas desde una perspectiva aplicada y contextual, empleando estudio de caso.",Evaluar alternativas para mejorar adopción tecnológica en pequeñas empresas mediante evidencia institucional.,,"Resultados esperados relacionados con mejora de procesos, evidencia y recomendaciones aplicadas.",adopción tecnológica en pequeñas empresas,FAC-004,PRG-011,GRP-013,2024,2025,adopción tecnológica en pequeñas empresas;estudio de caso,Psicología,INTERNAL,
PRJ-189,Telemetría industrial mediante modelamiento estadístico,INSTITUTIONAL,FORMULATION,"Se identifican limitaciones institucionales asociadas a telemetría industrial, con información distribuida entre varias fuentes.","El proyecto analiza telemetría industrial desde una perspectiva aplicada y contextual, empleando modelamiento estadístico.",Evaluar alternativas para mejorar telemetría industrial mediante evidencia institucional.,"Recolección de información, modelamiento estadístico, validación y análisis de resultados.","Resultados esperados relacionados con mejora de procesos, evidencia y recomendaciones aplicadas.",telemetría industrial,FAC-005,PRG-014,GRP-017,2025,2026,telemetría industrial;modelamiento estadístico,Gestión Ambiental,PUBLIC_CALL,
PRJ-190,Análisis de movilidad urbana mediante evaluación comparativa,INNOVATION,COMPLETED,"Se identifican limitaciones institucionales asociadas a análisis de movilidad urbana, con información distribuida entre varias fuentes.","El proyecto analiza análisis de movilidad urbana desde una perspectiva aplicada y contextual, empleando evaluación comparativa.",Evaluar alternativas para mejorar análisis de movilidad urbana mediante evidencia institucional.,"Recolección de información, evaluación comparativa, validación y análisis de resultados.","Resultados esperados relacionados con mejora de procesos, evidencia y recomendaciones aplicadas.",análisis de movilidad urbana,FAC-006,PRG-016,GRP-021,2026,,análisis de movilidad urbana;evaluación comparativa,Matemáticas Aplicadas,EXTERNAL_PARTNER,
PRJ-191,Bienestar universitario mediante evaluación comparativa,APPLIED_RESEARCH,ACTIVE,"Se identifican limitaciones institucionales asociadas a bienestar universitario, con información distribuida entre varias fuentes.","El proyecto analiza bienestar universitario desde una perspectiva aplicada y contextual, empleando evaluación comparativa.",Evaluar alternativas para mejorar bienestar universitario mediante evidencia institucional.,"Recolección de información, evaluación comparativa, validación y análisis de resultados.","Resultados esperados relacionados con mejora de procesos, evidencia y recomendaciones aplicadas.",bienestar universitario,FAC-001,PRG-003,GRP-004,2017,2018,bienestar universitario;evaluación comparativa,Industrial,INTERNAL,
PRJ-192,Gestión de inventarios mediante evaluación comparativa,RESEARCH,ACTIVE,"Se identifican limitaciones institucionales asociadas a gestión de inventarios, con información distribuida entre varias fuentes.","El proyecto analiza gestión de inventarios desde una perspectiva aplicada y contextual, empleando evaluación comparativa.",Evaluar alternativas para mejorar gestión de inventarios mediante evidencia institucional.,"Recolección de información, evaluación comparativa, validación y análisis de resultados.","Resultados esperados relacionados con mejora de procesos, evidencia y recomendaciones aplicadas.",gestión de inventarios,FAC-002,PRG-005,GRP-007,2018,2019,gestión de inventarios;evaluación comparativa,Enfermería,INTERNAL,
PRJ-193,Educación financiera mediante estudio de caso,INSTITUTIONAL,COMPLETED,"Se identifican limitaciones institucionales asociadas a educación financiera, con información distribuida entre varias fuentes.","El proyecto analiza educación financiera desde una perspectiva aplicada y contextual, empleando estudio de caso.",Evaluar alternativas para mejorar educación financiera mediante evidencia institucional.,"Recolección de información, estudio de caso, validación y análisis de resultados.","Resultados esperados relacionados con mejora de procesos, evidencia y recomendaciones aplicadas.",educación financiera,FAC-003,PRG-009,GRP-010,2019,2020,educación financiera;estudio de caso,Economía,PUBLIC_CALL,
PRJ-194,Comunicación organizacional mediante diseño de prototipo,INNOVATION,FORMULATION,"Se identifican limitaciones institucionales asociadas a comunicación organizacional, con información distribuida entre varias fuentes.","El proyecto analiza comunicación organizacional desde una perspectiva aplicada y contextual, empleando diseño de prototipo.",Evaluar alternativas para mejorar comunicación organizacional mediante evidencia institucional.,"Recolección de información, diseño de prototipo, validación y análisis de resultados.","Resultados esperados relacionados con mejora de procesos, evidencia y recomendaciones aplicadas.",comunicación organizacional,FAC-004,PRG-011,GRP-012,2020,2021,comunicación organizacional;diseño de prototipo,Psicología,EXTERNAL_PARTNER,
PRJ-195,Gestión de residuos mediante diseño de prototipo,APPLIED_RESEARCH,COMPLETED,"Se identifican limitaciones institucionales asociadas a gestión de residuos, con información distribuida entre varias fuentes.","El proyecto analiza gestión de residuos desde una perspectiva aplicada y contextual, empleando diseño de prototipo.",Evaluar alternativas para mejorar gestión de residuos mediante evidencia institucional.,"Recolección de información, diseño de prototipo, validación y análisis de resultados.","Resultados esperados relacionados con mejora de procesos, evidencia y recomendaciones aplicadas.",gestión de residuos,FAC-005,PRG-015,GRP-017,2021,2022,gestión de residuos;diseño de prototipo,Civil,INTERNAL,
PRJ-196,Materiales sostenibles mediante modelamiento estadístico,RESEARCH,ACTIVE,"Se identifican limitaciones institucionales asociadas a materiales sostenibles, con información distribuida entre varias fuentes.","El proyecto analiza materiales sostenibles desde una perspectiva aplicada y contextual, empleando modelamiento estadístico.",Evaluar alternativas para mejorar materiales sostenibles mediante evidencia institucional.,"Recolección de información, modelamiento estadístico, validación y análisis de resultados.","Resultados esperados relacionados con mejora de procesos, evidencia y recomendaciones aplicadas.",materiales sostenibles,FAC-006,PRG-016,GRP-021,2022,2023,materiales sostenibles;modelamiento estadístico,Matemáticas Aplicadas,INTERNAL,
PRJ-197,Simulación de sistemas físicos mediante modelamiento estadístico,INSTITUTIONAL,ACTIVE,"Se identifican limitaciones institucionales asociadas a simulación de sistemas físicos, con información distribuida entre varias fuentes.","El proyecto analiza simulación de sistemas físicos desde una perspectiva aplicada y contextual, empleando modelamiento estadístico.",Evaluar alternativas para mejorar simulación de sistemas físicos mediante evidencia institucional.,"Recolección de información, modelamiento estadístico, validación y análisis de resultados.","Resultados esperados relacionados con mejora de procesos, evidencia y recomendaciones aplicadas.",simulación de sistemas físicos,FAC-001,PRG-003,GRP-004,2023,2024,simulación de sistemas físicos;modelamiento estadístico,Industrial,PUBLIC_CALL,
PRJ-198,Optimización de horarios mediante diseño de prototipo,INNOVATION,COMPLETED,"Se identifican limitaciones institucionales asociadas a optimización de horarios, con información distribuida entre varias fuentes.","El proyecto analiza optimización de horarios desde una perspectiva aplicada y contextual, empleando diseño de prototipo.",Evaluar alternativas para mejorar optimización de horarios mediante evidencia institucional.,"Recolección de información, diseño de prototipo, validación y análisis de resultados.","Resultados esperados relacionados con mejora de procesos, evidencia y recomendaciones aplicadas.",optimización de horarios,FAC-002,PRG-006,GRP-008,2024,2025,optimización de horarios;diseño de prototipo,Seguridad y Salud en el Trabajo,EXTERNAL_PARTNER,
PRJ-199,Visualización de indicadores mediante evaluación comparativa,APPLIED_RESEARCH,FORMULATION,"Se identifican limitaciones institucionales asociadas a visualización de indicadores, con información distribuida entre varias fuentes.","El proyecto analiza visualización de indicadores desde una perspectiva aplicada y contextual, empleando evaluación comparativa.",Evaluar alternativas para mejorar visualización de indicadores mediante evidencia institucional.,"Recolección de información, evaluación comparativa, validación y análisis de resultados.","Resultados esperados relacionados con mejora de procesos, evidencia y recomendaciones aplicadas.",visualización de indicadores,FAC-003,PRG-007,GRP-011,2025,2026,visualización de indicadores;evaluación comparativa,Administración de Empresas,INTERNAL,
PRJ-200,Evaluación de políticas públicas mediante diseño de prototipo,RESEARCH,COMPLETED,"Se identifican limitaciones institucionales asociadas a evaluación de políticas públicas, con información distribuida entre varias fuentes.","El proyecto analiza evaluación de políticas públicas desde una perspectiva aplicada y contextual, empleando diseño de prototipo.",Evaluar alternativas para mejorar evaluación de políticas públicas mediante evidencia institucional.,"Recolección de información, diseño de prototipo, validación y análisis de resultados.","Resultados esperados relacionados con mejora de procesos, evidencia y recomendaciones aplicadas.",evaluación de políticas públicas,FAC-004,PRG-011,GRP-012,2026,,evaluación de políticas públicas;diseño de prototipo,Psicología,INTERNAL,
PRJ-201,Competencias digitales docentes mediante evaluación comparativa,INSTITUTIONAL,ACTIVE,"Se identifican limitaciones institucionales asociadas a competencias digitales docentes, con información distribuida entre varias fuentes.","El proyecto analiza competencias digitales docentes desde una perspectiva aplicada y contextual, empleando evaluación comparativa.",Evaluar alternativas para mejorar competencias digitales docentes mediante evidencia institucional.,"Recolección de información, evaluación comparativa, validación y análisis de resultados.","Resultados esperados relacionados con mejora de procesos, evidencia y recomendaciones aplicadas.",competencias digitales docentes,FAC-005,PRG-013,GRP-017,2017,2018,competencias digitales docentes;evaluación comparativa,Ambiental,PUBLIC_CALL,
PRJ-202,Gestión de servicios de salud mediante diseño de prototipo,INNOVATION,ACTIVE,"Se identifican limitaciones institucionales asociadas a gestión de servicios de salud, con información distribuida entre varias fuentes.","El proyecto analiza gestión de servicios de salud desde una perspectiva aplicada y contextual, empleando diseño de prototipo.",Evaluar alternativas para mejorar gestión de servicios de salud mediante evidencia institucional.,"Recolección de información, diseño de prototipo, validación y análisis de resultados.","Resultados esperados relacionados con mejora de procesos, evidencia y recomendaciones aplicadas.",gestión de servicios de salud,FAC-006,PRG-016,GRP-020,2018,2019,gestión de servicios de salud;diseño de prototipo,Matemáticas Aplicadas,EXTERNAL_PARTNER,
PRJ-203,Calidad de software mediante análisis descriptivo,APPLIED_RESEARCH,COMPLETED,"Se identifican limitaciones institucionales asociadas a calidad de software, con información distribuida entre varias fuentes.","El proyecto analiza calidad de software desde una perspectiva aplicada y contextual, empleando análisis descriptivo.",Evaluar alternativas para mejorar calidad de software mediante evidencia institucional.,"Recolección de información, análisis descriptivo, validación y análisis de resultados.","Resultados esperados relacionados con mejora de procesos, evidencia y recomendaciones aplicadas.",calidad de software,FAC-001,PRG-003,GRP-005,2019,2020,calidad de software;análisis descriptivo,Industrial,INTERNAL,
PRJ-204,Transformación cultural mediante simulación,RESEARCH,FORMULATION,"Se identifican limitaciones institucionales asociadas a transformación cultural, con información distribuida entre varias fuentes.","El proyecto analiza transformación cultural desde una perspectiva aplicada y contextual, empleando simulación.",Evaluar alternativas para mejorar transformación cultural mediante evidencia institucional.,"Recolección de información, simulación, validación y análisis de resultados.","Resultados esperados relacionados con mejora de procesos, evidencia y recomendaciones aplicadas.",transformación cultural,FAC-002,PRG-004,GRP-006,2020,2021,transformación cultural;simulación,Medicina,INTERNAL,
PRJ-205,Economía circular mediante análisis descriptivo,INSTITUTIONAL,COMPLETED,"Se identifican limitaciones institucionales asociadas a economía circular, con información distribuida entre varias fuentes.","El proyecto analiza economía circular desde una perspectiva aplicada y contextual, empleando análisis descriptivo.",Evaluar alternativas para mejorar economía circular mediante evidencia institucional.,"Recolección de información, análisis descriptivo, validación y análisis de resultados.","Resultados esperados relacionados con mejora de procesos, evidencia y recomendaciones aplicadas.",economía circular,FAC-003,PRG-009,GRP-010,2021,2022,economía circular;análisis descriptivo,Economía,PUBLIC_CALL,
PRJ-206,Gestión de proyectos mediante modelamiento estadístico,INNOVATION,ACTIVE,"Se identifican limitaciones institucionales asociadas a gestión de proyectos, con información distribuida entre varias fuentes.","El proyecto analiza gestión de proyectos desde una perspectiva aplicada y contextual, empleando modelamiento estadístico.",Evaluar alternativas para mejorar gestión de proyectos mediante evidencia institucional.,"Recolección de información, modelamiento estadístico, validación y análisis de resultados.","Resultados esperados relacionados con mejora de procesos, evidencia y recomendaciones aplicadas.",gestión de proyectos,FAC-004,PRG-011,GRP-013,2022,2023,gestión de proyectos;modelamiento estadístico,Psicología,EXTERNAL_PARTNER,
PRJ-207,Analítica de satisfacción mediante simulación,APPLIED_RESEARCH,ACTIVE,"Se identifican limitaciones institucionales asociadas a analítica de satisfacción, con información distribuida entre varias fuentes.","El proyecto analiza analítica de satisfacción desde una perspectiva aplicada y contextual, empleando simulación.",Evaluar alternativas para mejorar analítica de satisfacción mediante evidencia institucional.,"Recolección de información, simulación, validación y análisis de resultados.","Resultados esperados relacionados con mejora de procesos, evidencia y recomendaciones aplicadas.",analítica de satisfacción,FAC-005,PRG-015,GRP-015,2023,2024,analítica de satisfacción;simulación,Civil,INTERNAL,
PRJ-208,Interoperabilidad de datos mediante modelamiento estadístico,RESEARCH,COMPLETED,"Se identifican limitaciones institucionales asociadas a interoperabilidad de datos, con información distribuida entre varias fuentes.","El proyecto analiza interoperabilidad de datos desde una perspectiva aplicada y contextual, empleando modelamiento estadístico.",Evaluar alternativas para mejorar interoperabilidad de datos mediante evidencia institucional.,"Recolección de información, modelamiento estadístico, validación y análisis de resultados.","Resultados esperados relacionados con mejora de procesos, evidencia y recomendaciones aplicadas.",interoperabilidad de datos,FAC-006,PRG-017,GRP-021,2024,2025,interoperabilidad de datos;modelamiento estadístico,Física,INTERNAL,
PRJ-209,Automatización de procesos administrativos mediante análisis descriptivo,INSTITUTIONAL,FORMULATION,"Se identifican limitaciones institucionales asociadas a automatización de procesos administrativos, con información distribuida entre varias fuentes.","El proyecto analiza automatización de procesos administrativos desde una perspectiva aplicada y contextual, empleando análisis descriptivo.",Evaluar alternativas para mejorar automatización de procesos administrativos mediante evidencia institucional.,"Recolección de información, análisis descriptivo, validación y análisis de resultados.","Resultados esperados relacionados con mejora de procesos, evidencia y recomendaciones aplicadas.",automatización de procesos administrativos,FAC-001,PRG-003,GRP-005,2025,2026,automatización de procesos administrativos;análisis descriptivo,Industrial,PUBLIC_CALL,
PRJ-210,Experiencia de usuario en servicios digitales mediante modelamiento estadístico,INNOVATION,COMPLETED,"Se identifican limitaciones institucionales asociadas a experiencia de usuario en servicios digitales, con información distribuida entre varias fuentes.","El proyecto analiza experiencia de usuario en servicios digitales desde una perspectiva aplicada y contextual, empleando modelamiento estadístico.",Evaluar alternativas para mejorar experiencia de usuario en servicios digitales mediante evidencia institucional.,"Recolección de información, modelamiento estadístico, validación y análisis de resultados.","Resultados esperados relacionados con mejora de procesos, evidencia y recomendaciones aplicadas.",experiencia de usuario en servicios digitales,FAC-002,PRG-005,GRP-008,2026,,experiencia de usuario en servicios digitales;modelamiento estadístico,Enfermería,EXTERNAL_PARTNER,
PRJ-211,Gestión documental mediante modelamiento estadístico,APPLIED_RESEARCH,ACTIVE,"Se identifican limitaciones institucionales asociadas a gestión documental, con información distribuida entre varias fuentes.","El proyecto analiza gestión documental desde una perspectiva aplicada y contextual, empleando modelamiento estadístico.",Evaluar alternativas para mejorar gestión documental mediante evidencia institucional.,"Recolección de información, modelamiento estadístico, validación y análisis de resultados.","Resultados esperados relacionados con mejora de procesos, evidencia y recomendaciones aplicadas.",gestión documental,FAC-003,PRG-009,GRP-009,2017,2018,gestión documental;modelamiento estadístico,Economía,INTERNAL,
PRJ-212,Adopción tecnológica en pequeñas empresas mediante análisis descriptivo,RESEARCH,ACTIVE,"Se identifican limitaciones institucionales asociadas a adopción tecnológica en pequeñas empresas, con información distribuida entre varias fuentes.","El proyecto analiza adopción tecnológica en pequeñas empresas desde una perspectiva aplicada y contextual, empleando análisis descriptivo.",Evaluar alternativas para mejorar adopción tecnológica en pequeñas empresas mediante evidencia institucional.,"Recolección de información, análisis descriptivo, validación y análisis de resultados.","Resultados esperados relacionados con mejora de procesos, evidencia y recomendaciones aplicadas.",,FAC-004,PRG-010,GRP-014,2018,2019,adopción tecnológica en pequeñas empresas;análisis descriptivo,Licenciatura en Tecnología e Informática,INTERNAL,
PRJ-213,Telemetría industrial mediante simulación,INSTITUTIONAL,COMPLETED,"Se identifican limitaciones institucionales asociadas a telemetría industrial, con información distribuida entre varias fuentes.","El proyecto analiza telemetría industrial desde una perspectiva aplicada y contextual, empleando simulación.",Evaluar alternativas para mejorar telemetría industrial mediante evidencia institucional.,"Recolección de información, simulación, validación y análisis de resultados.","Resultados esperados relacionados con mejora de procesos, evidencia y recomendaciones aplicadas.",telemetría industrial,FAC-005,PRG-013,GRP-017,2019,2020,telemetría industrial;simulación,Ambiental,PUBLIC_CALL,
PRJ-214,Análisis de movilidad urbana mediante diseño de prototipo,INNOVATION,FORMULATION,"Se identifican limitaciones institucionales asociadas a análisis de movilidad urbana, con información distribuida entre varias fuentes.","El proyecto analiza análisis de movilidad urbana desde una perspectiva aplicada y contextual, empleando diseño de prototipo.",Evaluar alternativas para mejorar análisis de movilidad urbana mediante evidencia institucional.,"Recolección de información, diseño de prototipo, validación y análisis de resultados.","Resultados esperados relacionados con mejora de procesos, evidencia y recomendaciones aplicadas.",análisis de movilidad urbana,FAC-006,PRG-017,GRP-021,2020,2021,análisis de movilidad urbana;diseño de prototipo,Física,EXTERNAL_PARTNER,
PRJ-215,Bienestar universitario mediante estudio de caso,APPLIED_RESEARCH,COMPLETED,"Se identifican limitaciones institucionales asociadas a bienestar universitario, con información distribuida entre varias fuentes.","El proyecto analiza bienestar universitario desde una perspectiva aplicada y contextual, empleando estudio de caso.",Evaluar alternativas para mejorar bienestar universitario mediante evidencia institucional.,"Recolección de información, estudio de caso, validación y análisis de resultados.","Resultados esperados relacionados con mejora de procesos, evidencia y recomendaciones aplicadas.",bienestar universitario,FAC-001,PRG-001,GRP-002,2021,2022,bienestar universitario;estudio de caso,de Sistemas,INTERNAL,
PRJ-216,Gestión de inventarios mediante evaluación comparativa,RESEARCH,ACTIVE,"Se identifican limitaciones institucionales asociadas a gestión de inventarios, con información distribuida entre varias fuentes.","El proyecto analiza gestión de inventarios desde una perspectiva aplicada y contextual, empleando evaluación comparativa.",Evaluar alternativas para mejorar gestión de inventarios mediante evidencia institucional.,"Recolección de información, evaluación comparativa, validación y análisis de resultados.","Resultados esperados relacionados con mejora de procesos, evidencia y recomendaciones aplicadas.",gestión de inventarios,FAC-002,PRG-004,GRP-006,2022,2023,gestión de inventarios;evaluación comparativa,Medicina,INTERNAL,
PRJ-217,Educación financiera mediante evaluación comparativa,INSTITUTIONAL,ACTIVE,"Se identifican limitaciones institucionales asociadas a educación financiera, con información distribuida entre varias fuentes.","El proyecto analiza educación financiera desde una perspectiva aplicada y contextual, empleando evaluación comparativa.",Evaluar alternativas para mejorar educación financiera mediante evidencia institucional.,"Recolección de información, evaluación comparativa, validación y análisis de resultados.","Resultados esperados relacionados con mejora de procesos, evidencia y recomendaciones aplicadas.",educación financiera,FAC-003,PRG-009,GRP-011,2023,2024,,Economía,PUBLIC_CALL,
PRJ-218,Comunicación organizacional mediante análisis descriptivo,INNOVATION,COMPLETED,"Se identifican limitaciones institucionales asociadas a comunicación organizacional, con información distribuida entre varias fuentes.","El proyecto analiza comunicación organizacional desde una perspectiva aplicada y contextual, empleando análisis descriptivo.",Evaluar alternativas para mejorar comunicación organizacional mediante evidencia institucional.,"Recolección de información, análisis descriptivo, validación y análisis de resultados.","Resultados esperados relacionados con mejora de procesos, evidencia y recomendaciones aplicadas.",comunicación organizacional,FAC-004,PRG-010,GRP-013,2024,2025,comunicación organizacional;análisis descriptivo,Licenciatura en Tecnología e Informática,EXTERNAL_PARTNER,
PRJ-219,Gestión de residuos mediante estudio de caso,APPLIED_RESEARCH,FORMULATION,"Se identifican limitaciones institucionales asociadas a gestión de residuos, con información distribuida entre varias fuentes.","El proyecto analiza gestión de residuos desde una perspectiva aplicada y contextual, empleando estudio de caso.",Evaluar alternativas para mejorar gestión de residuos mediante evidencia institucional.,"Recolección de información, estudio de caso, validación y análisis de resultados.","Resultados esperados relacionados con mejora de procesos, evidencia y recomendaciones aplicadas.",gestión de residuos,FAC-005,PRG-014,GRP-017,2025,2026,gestión de residuos;estudio de caso,Gestión Ambiental,INTERNAL,
PRJ-220,Materiales sostenibles mediante análisis descriptivo,RESEARCH,COMPLETED,"Se identifican limitaciones institucionales asociadas a materiales sostenibles, con información distribuida entre varias fuentes.","El proyecto analiza materiales sostenibles desde una perspectiva aplicada y contextual, empleando análisis descriptivo.",Evaluar alternativas para mejorar materiales sostenibles mediante evidencia institucional.,"Recolección de información, análisis descriptivo, validación y análisis de resultados.","Resultados esperados relacionados con mejora de procesos, evidencia y recomendaciones aplicadas.",materiales sostenibles,FAC-006,PRG-017,GRP-019,2026,,materiales sostenibles;análisis descriptivo,Física,INTERNAL,
PRJ-221,Simulación de sistemas físicos mediante evaluación comparativa,INSTITUTIONAL,ACTIVE,"Se identifican limitaciones institucionales asociadas a simulación de sistemas físicos, con información distribuida entre varias fuentes.","El proyecto analiza simulación de sistemas físicos desde una perspectiva aplicada y contextual, empleando evaluación comparativa.",Evaluar alternativas para mejorar simulación de sistemas físicos mediante evidencia institucional.,"Recolección de información, evaluación comparativa, validación y análisis de resultados.","Resultados esperados relacionados con mejora de procesos, evidencia y recomendaciones aplicadas.",simulación de sistemas físicos,FAC-001,PRG-002,GRP-003,2017,2018,simulación de sistemas físicos;evaluación comparativa,Electrónica,PUBLIC_CALL,
PRJ-222,Optimización de horarios mediante modelamiento estadístico,INNOVATION,ACTIVE,"Se identifican limitaciones institucionales asociadas a optimización de horarios, con información distribuida entre varias fuentes.","El proyecto analiza optimización de horarios desde una perspectiva aplicada y contextual, empleando modelamiento estadístico.",Evaluar alternativas para mejorar optimización de horarios mediante evidencia institucional.,"Recolección de información, modelamiento estadístico, validación y análisis de resultados.","Resultados esperados relacionados con mejora de procesos, evidencia y recomendaciones aplicadas.",optimización de horarios,FAC-002,PRG-006,GRP-008,2018,2019,optimización de horarios;modelamiento estadístico,Seguridad y Salud en el Trabajo,EXTERNAL_PARTNER,
PRJ-223,Visualización de indicadores mediante diseño de prototipo,APPLIED_RESEARCH,COMPLETED,"Se identifican limitaciones institucionales asociadas a visualización de indicadores, con información distribuida entre varias fuentes.","El proyecto analiza visualización de indicadores desde una perspectiva aplicada y contextual, empleando diseño de prototipo.",Evaluar alternativas para mejorar visualización de indicadores mediante evidencia institucional.,"Recolección de información, diseño de prototipo, validación y análisis de resultados.","Resultados esperados relacionados con mejora de procesos, evidencia y recomendaciones aplicadas.",visualización de indicadores,FAC-003,PRG-008,GRP-010,2019,2020,visualización de indicadores;diseño de prototipo,Financiera,INTERNAL,
PRJ-224,Evaluación de políticas públicas mediante diseño de prototipo,RESEARCH,FORMULATION,"Se identifican limitaciones institucionales asociadas a evaluación de políticas públicas, con información distribuida entre varias fuentes.","El proyecto analiza evaluación de políticas públicas desde una perspectiva aplicada y contextual, empleando diseño de prototipo.",Evaluar alternativas para mejorar evaluación de políticas públicas mediante evidencia institucional.,"Recolección de información, diseño de prototipo, validación y análisis de resultados.","Resultados esperados relacionados con mejora de procesos, evidencia y recomendaciones aplicadas.",evaluación de políticas públicas,FAC-004,PRG-011,GRP-013,2020,2021,evaluación de políticas públicas;diseño de prototipo,Psicología,INTERNAL,
PRJ-225,Competencias digitales docentes mediante modelamiento estadístico,INSTITUTIONAL,COMPLETED,"Se identifican limitaciones institucionales asociadas a competencias digitales docentes, con información distribuida entre varias fuentes.","El proyecto analiza competencias digitales docentes desde una perspectiva aplicada y contextual, empleando modelamiento estadístico.",Evaluar alternativas para mejorar competencias digitales docentes mediante evidencia institucional.,"Recolección de información, modelamiento estadístico, validación y análisis de resultados.","Resultados esperados relacionados con mejora de procesos, evidencia y recomendaciones aplicadas.",competencias digitales docentes,FAC-005,PRG-013,GRP-015,2021,2022,competencias digitales docentes;modelamiento estadístico,Ambiental,PUBLIC_CALL,
PRJ-226,Gestión de servicios de salud mediante análisis descriptivo,INNOVATION,ACTIVE,"Se identifican limitaciones institucionales asociadas a gestión de servicios de salud, con información distribuida entre varias fuentes.","El proyecto analiza gestión de servicios de salud desde una perspectiva aplicada y contextual, empleando análisis descriptivo.",Evaluar alternativas para mejorar gestión de servicios de salud mediante evidencia institucional.,"Recolección de información, análisis descriptivo, validación y análisis de resultados.","Resultados esperados relacionados con mejora de procesos, evidencia y recomendaciones aplicadas.",gestión de servicios de salud,FAC-006,PRG-018,GRP-019,2022,2023,gestión de servicios de salud;análisis descriptivo,Ciencia de Datos,EXTERNAL_PARTNER,
PRJ-227,Calidad de software mediante análisis descriptivo,APPLIED_RESEARCH,ACTIVE,"Se identifican limitaciones institucionales asociadas a calidad de software, con información distribuida entre varias fuentes.","El proyecto analiza calidad de software desde una perspectiva aplicada y contextual, empleando análisis descriptivo.",Evaluar alternativas para mejorar calidad de software mediante evidencia institucional.,"Recolección de información, análisis descriptivo, validación y análisis de resultados.","Resultados esperados relacionados con mejora de procesos, evidencia y recomendaciones aplicadas.",calidad de software,FAC-001,PRG-003,GRP-005,2023,2024,calidad de software;análisis descriptivo,Industrial,INTERNAL,
PRJ-228,Transformación cultural mediante modelamiento estadístico,RESEARCH,COMPLETED,"Se identifican limitaciones institucionales asociadas a transformación cultural, con información distribuida entre varias fuentes.","El proyecto analiza transformación cultural desde una perspectiva aplicada y contextual, empleando modelamiento estadístico.",Evaluar alternativas para mejorar transformación cultural mediante evidencia institucional.,"Recolección de información, modelamiento estadístico, validación y análisis de resultados.","Resultados esperados relacionados con mejora de procesos, evidencia y recomendaciones aplicadas.",transformación cultural,FAC-002,PRG-006,GRP-007,2024,2025,transformación cultural;modelamiento estadístico,Seguridad y Salud en el Trabajo,INTERNAL,
PRJ-229,Economía circular mediante diseño de prototipo,INSTITUTIONAL,FORMULATION,"Se identifican limitaciones institucionales asociadas a economía circular, con información distribuida entre varias fuentes.","El proyecto analiza economía circular desde una perspectiva aplicada y contextual, empleando diseño de prototipo.",Evaluar alternativas para mejorar economía circular mediante evidencia institucional.,"Recolección de información, diseño de prototipo, validación y análisis de resultados.","Resultados esperados relacionados con mejora de procesos, evidencia y recomendaciones aplicadas.",economía circular,FAC-003,PRG-007,GRP-010,2025,2026,economía circular;diseño de prototipo,Administración de Empresas,PUBLIC_CALL,
PRJ-230,Gestión de proyectos mediante modelamiento estadístico,INNOVATION,COMPLETED,"Se identifican limitaciones institucionales asociadas a gestión de proyectos, con información distribuida entre varias fuentes.","El proyecto analiza gestión de proyectos desde una perspectiva aplicada y contextual, empleando modelamiento estadístico.",Evaluar alternativas para mejorar gestión de proyectos mediante evidencia institucional.,"Recolección de información, modelamiento estadístico, validación y análisis de resultados.","Resultados esperados relacionados con mejora de procesos, evidencia y recomendaciones aplicadas.",gestión de proyectos,FAC-004,PRG-010,GRP-012,2026,,gestión de proyectos;modelamiento estadístico,Licenciatura en Tecnología e Informática,EXTERNAL_PARTNER,
PRJ-231,Analítica de satisfacción mediante simulación,APPLIED_RESEARCH,ACTIVE,"Se identifican limitaciones institucionales asociadas a analítica de satisfacción, con información distribuida entre varias fuentes.","El proyecto analiza analítica de satisfacción desde una perspectiva aplicada y contextual, empleando simulación.",Evaluar alternativas para mejorar analítica de satisfacción mediante evidencia institucional.,"Recolección de información, simulación, validación y análisis de resultados.","Resultados esperados relacionados con mejora de procesos, evidencia y recomendaciones aplicadas.",analítica de satisfacción,FAC-005,PRG-013,GRP-016,2017,2018,analítica de satisfacción;simulación,Ambiental,INTERNAL,
PRJ-232,Interoperabilidad de datos mediante estudio de caso,RESEARCH,ACTIVE,"Se identifican limitaciones institucionales asociadas a interoperabilidad de datos, con información distribuida entre varias fuentes.","El proyecto analiza interoperabilidad de datos desde una perspectiva aplicada y contextual, empleando estudio de caso.",Evaluar alternativas para mejorar interoperabilidad de datos mediante evidencia institucional.,"Recolección de información, estudio de caso, validación y análisis de resultados.","Resultados esperados relacionados con mejora de procesos, evidencia y recomendaciones aplicadas.",interoperabilidad de datos,FAC-006,PRG-016,GRP-019,2018,2019,interoperabilidad de datos;estudio de caso,Matemáticas Aplicadas,INTERNAL,
PRJ-233,Automatización de procesos administrativos mediante diseño de prototipo,INSTITUTIONAL,COMPLETED,"Se identifican limitaciones institucionales asociadas a automatización de procesos administrativos, con información distribuida entre varias fuentes.","El proyecto analiza automatización de procesos administrativos desde una perspectiva aplicada y contextual, empleando diseño de prototipo.",Evaluar alternativas para mejorar automatización de procesos administrativos mediante evidencia institucional.,"Recolección de información, diseño de prototipo, validación y análisis de resultados.","Resultados esperados relacionados con mejora de procesos, evidencia y recomendaciones aplicadas.",automatización de procesos administrativos,FAC-001,PRG-002,GRP-002,2019,2020,automatización de procesos administrativos;diseño de prototipo,Electrónica,PUBLIC_CALL,
PRJ-234,Experiencia de usuario en servicios digitales mediante estudio de caso,INNOVATION,FORMULATION,"Se identifican limitaciones institucionales asociadas a experiencia de usuario en servicios digitales, con información distribuida entre varias fuentes.","El proyecto analiza experiencia de usuario en servicios digitales desde una perspectiva aplicada y contextual, empleando estudio de caso.",Evaluar alternativas para mejorar experiencia de usuario en servicios digitales mediante evidencia institucional.,"Recolección de información, estudio de caso, validación y análisis de resultados.","Resultados esperados relacionados con mejora de procesos, evidencia y recomendaciones aplicadas.",experiencia de usuario en servicios digitales,FAC-002,PRG-005,GRP-007,2020,2021,experiencia de usuario en servicios digitales;estudio de caso,Enfermería,EXTERNAL_PARTNER,
PRJ-235,Gestión documental mediante análisis descriptivo,APPLIED_RESEARCH,COMPLETED,"Se identifican limitaciones institucionales asociadas a gestión documental, con información distribuida entre varias fuentes.","El proyecto analiza gestión documental desde una perspectiva aplicada y contextual, empleando análisis descriptivo.",Evaluar alternativas para mejorar gestión documental mediante evidencia institucional.,,"Resultados esperados relacionados con mejora de procesos, evidencia y recomendaciones aplicadas.",gestión documental,FAC-003,PRG-009,GRP-011,2021,2022,gestión documental;análisis descriptivo,Economía,INTERNAL,
PRJ-236,Adopción tecnológica en pequeñas empresas mediante análisis descriptivo,RESEARCH,ACTIVE,"Se identifican limitaciones institucionales asociadas a adopción tecnológica en pequeñas empresas, con información distribuida entre varias fuentes.","El proyecto analiza adopción tecnológica en pequeñas empresas desde una perspectiva aplicada y contextual, empleando análisis descriptivo.",Evaluar alternativas para mejorar adopción tecnológica en pequeñas empresas mediante evidencia institucional.,"Recolección de información, análisis descriptivo, validación y análisis de resultados.","Resultados esperados relacionados con mejora de procesos, evidencia y recomendaciones aplicadas.",adopción tecnológica en pequeñas empresas,FAC-004,PRG-012,GRP-014,2022,2023,adopción tecnológica en pequeñas empresas;análisis descriptivo,Ciencias de la Educación,INTERNAL,
PRJ-237,Telemetría industrial mediante estudio de caso,INSTITUTIONAL,ACTIVE,"Se identifican limitaciones institucionales asociadas a telemetría industrial, con información distribuida entre varias fuentes.","El proyecto analiza telemetría industrial desde una perspectiva aplicada y contextual, empleando estudio de caso.",Evaluar alternativas para mejorar telemetría industrial mediante evidencia institucional.,"Recolección de información, estudio de caso, validación y análisis de resultados.","Resultados esperados relacionados con mejora de procesos, evidencia y recomendaciones aplicadas.",telemetría industrial,FAC-005,PRG-013,GRP-016,2023,2024,telemetría industrial;estudio de caso,Ambiental,PUBLIC_CALL,
PRJ-238,Análisis de movilidad urbana mediante modelamiento estadístico,INNOVATION,COMPLETED,"Se identifican limitaciones institucionales asociadas a análisis de movilidad urbana, con información distribuida entre varias fuentes.","El proyecto analiza análisis de movilidad urbana desde una perspectiva aplicada y contextual, empleando modelamiento estadístico.",Evaluar alternativas para mejorar análisis de movilidad urbana mediante evidencia institucional.,"Recolección de información, modelamiento estadístico, validación y análisis de resultados.","Resultados esperados relacionados con mejora de procesos, evidencia y recomendaciones aplicadas.",análisis de movilidad urbana,FAC-006,PRG-018,GRP-018,2024,2025,análisis de movilidad urbana;modelamiento estadístico,Ciencia de Datos,EXTERNAL_PARTNER,
PRJ-239,Bienestar universitario mediante simulación,APPLIED_RESEARCH,FORMULATION,"Se identifican limitaciones institucionales asociadas a bienestar universitario, con información distribuida entre varias fuentes.","El proyecto analiza bienestar universitario desde una perspectiva aplicada y contextual, empleando simulación.",Evaluar alternativas para mejorar bienestar universitario mediante evidencia institucional.,"Recolección de información, simulación, validación y análisis de resultados.","Resultados esperados relacionados con mejora de procesos, evidencia y recomendaciones aplicadas.",bienestar universitario,FAC-001,PRG-001,GRP-001,2025,2026,bienestar universitario;simulación,de Sistemas,INTERNAL,
PRJ-240,Gestión de inventarios mediante evaluación comparativa,RESEARCH,COMPLETED,"Se identifican limitaciones institucionales asociadas a gestión de inventarios, con información distribuida entre varias fuentes.","El proyecto analiza gestión de inventarios desde una perspectiva aplicada y contextual, empleando evaluación comparativa.",Evaluar alternativas para mejorar gestión de inventarios mediante evidencia institucional.,"Recolección de información, evaluación comparativa, validación y análisis de resultados.","Resultados esperados relacionados con mejora de procesos, evidencia y recomendaciones aplicadas.",gestión de inventarios,FAC-002,PRG-005,GRP-008,2026,,gestión de inventarios;evaluación comparativa,Enfermería,INTERNAL,
PRJ-241,Educación financiera mediante análisis descriptivo,INSTITUTIONAL,ACTIVE,"Se identifican limitaciones institucionales asociadas a educación financiera, con información distribuida entre varias fuentes.","El proyecto analiza educación financiera desde una perspectiva aplicada y contextual, empleando análisis descriptivo.",Evaluar alternativas para mejorar educación financiera mediante evidencia institucional.,"Recolección de información, análisis descriptivo, validación y análisis de resultados.","Resultados esperados relacionados con mejora de procesos, evidencia y recomendaciones aplicadas.",educación financiera,FAC-003,PRG-009,GRP-009,2017,2018,educación financiera;análisis descriptivo,Economía,PUBLIC_CALL,
PRJ-242,Comunicación organizacional mediante diseño de prototipo,INNOVATION,ACTIVE,"Se identifican limitaciones institucionales asociadas a comunicación organizacional, con información distribuida entre varias fuentes.","El proyecto analiza comunicación organizacional desde una perspectiva aplicada y contextual, empleando diseño de prototipo.",Evaluar alternativas para mejorar comunicación organizacional mediante evidencia institucional.,"Recolección de información, diseño de prototipo, validación y análisis de resultados.","Resultados esperados relacionados con mejora de procesos, evidencia y recomendaciones aplicadas.",comunicación organizacional,FAC-004,PRG-010,GRP-012,2018,2019,comunicación organizacional;diseño de prototipo,Licenciatura en Tecnología e Informática,EXTERNAL_PARTNER,
PRJ-243,Gestión de residuos mediante estudio de caso,APPLIED_RESEARCH,COMPLETED,"Se identifican limitaciones institucionales asociadas a gestión de residuos, con información distribuida entre varias fuentes.","El proyecto analiza gestión de residuos desde una perspectiva aplicada y contextual, empleando estudio de caso.",Evaluar alternativas para mejorar gestión de residuos mediante evidencia institucional.,"Recolección de información, estudio de caso, validación y análisis de resultados.","Resultados esperados relacionados con mejora de procesos, evidencia y recomendaciones aplicadas.",gestión de residuos,FAC-005,PRG-013,GRP-017,2019,2020,gestión de residuos;estudio de caso,Ambiental,INTERNAL,
PRJ-244,Materiales sostenibles mediante estudio de caso,RESEARCH,FORMULATION,"Se identifican limitaciones institucionales asociadas a materiales sostenibles, con información distribuida entre varias fuentes.","El proyecto analiza materiales sostenibles desde una perspectiva aplicada y contextual, empleando estudio de caso.",Evaluar alternativas para mejorar materiales sostenibles mediante evidencia institucional.,"Recolección de información, estudio de caso, validación y análisis de resultados.","Resultados esperados relacionados con mejora de procesos, evidencia y recomendaciones aplicadas.",materiales sostenibles,FAC-006,PRG-016,GRP-021,2020,2021,materiales sostenibles;estudio de caso,Matemáticas Aplicadas,INTERNAL,
PRJ-245,Simulación de sistemas físicos mediante estudio de caso,INSTITUTIONAL,COMPLETED,"Se identifican limitaciones institucionales asociadas a simulación de sistemas físicos, con información distribuida entre varias fuentes.","El proyecto analiza simulación de sistemas físicos desde una perspectiva aplicada y contextual, empleando estudio de caso.",Evaluar alternativas para mejorar simulación de sistemas físicos mediante evidencia institucional.,"Recolección de información, estudio de caso, validación y análisis de resultados.","Resultados esperados relacionados con mejora de procesos, evidencia y recomendaciones aplicadas.",simulación de sistemas físicos,FAC-001,PRG-001,GRP-002,2021,2022,simulación de sistemas físicos;estudio de caso,de Sistemas,PUBLIC_CALL,
PRJ-246,Optimización de horarios mediante modelamiento estadístico,INNOVATION,ACTIVE,"Se identifican limitaciones institucionales asociadas a optimización de horarios, con información distribuida entre varias fuentes.","El proyecto analiza optimización de horarios desde una perspectiva aplicada y contextual, empleando modelamiento estadístico.",Evaluar alternativas para mejorar optimización de horarios mediante evidencia institucional.,"Recolección de información, modelamiento estadístico, validación y análisis de resultados.","Resultados esperados relacionados con mejora de procesos, evidencia y recomendaciones aplicadas.",optimización de horarios,FAC-002,PRG-004,GRP-007,2022,2023,optimización de horarios;modelamiento estadístico,Medicina,EXTERNAL_PARTNER,
PRJ-247,Visualización de indicadores mediante análisis descriptivo,APPLIED_RESEARCH,ACTIVE,"Se identifican limitaciones institucionales asociadas a visualización de indicadores, con información distribuida entre varias fuentes.","El proyecto analiza visualización de indicadores desde una perspectiva aplicada y contextual, empleando análisis descriptivo.",Evaluar alternativas para mejorar visualización de indicadores mediante evidencia institucional.,"Recolección de información, análisis descriptivo, validación y análisis de resultados.","Resultados esperados relacionados con mejora de procesos, evidencia y recomendaciones aplicadas.",visualización de indicadores,FAC-003,PRG-008,GRP-009,2023,2024,visualización de indicadores;análisis descriptivo,Financiera,INTERNAL,
PRJ-248,Evaluación de políticas públicas mediante estudio de caso,RESEARCH,COMPLETED,"Se identifican limitaciones institucionales asociadas a evaluación de políticas públicas, con información distribuida entre varias fuentes.","El proyecto analiza evaluación de políticas públicas desde una perspectiva aplicada y contextual, empleando estudio de caso.",Evaluar alternativas para mejorar evaluación de políticas públicas mediante evidencia institucional.,"Recolección de información, estudio de caso, validación y análisis de resultados.","Resultados esperados relacionados con mejora de procesos, evidencia y recomendaciones aplicadas.",evaluación de políticas públicas,FAC-004,PRG-012,GRP-012,2024,2025,,Ciencias de la Educación,INTERNAL,
PRJ-249,Competencias digitales docentes mediante evaluación comparativa,INSTITUTIONAL,FORMULATION,"Se identifican limitaciones institucionales asociadas a competencias digitales docentes, con información distribuida entre varias fuentes.","El proyecto analiza competencias digitales docentes desde una perspectiva aplicada y contextual, empleando evaluación comparativa.",Evaluar alternativas para mejorar competencias digitales docentes mediante evidencia institucional.,"Recolección de información, evaluación comparativa, validación y análisis de resultados.","Resultados esperados relacionados con mejora de procesos, evidencia y recomendaciones aplicadas.",competencias digitales docentes,FAC-005,PRG-013,GRP-015,2025,2026,competencias digitales docentes;evaluación comparativa,Ambiental,PUBLIC_CALL,
PRJ-250,Gestión de servicios de salud mediante simulación,INNOVATION,COMPLETED,"Se identifican limitaciones institucionales asociadas a gestión de servicios de salud, con información distribuida entre varias fuentes.","El proyecto analiza gestión de servicios de salud desde una perspectiva aplicada y contextual, empleando simulación.",Evaluar alternativas para mejorar gestión de servicios de salud mediante evidencia institucional.,"Recolección de información, simulación, validación y análisis de resultados.","Resultados esperados relacionados con mejora de procesos, evidencia y recomendaciones aplicadas.",gestión de servicios de salud,FAC-006,PRG-016,GRP-021,2026,,gestión de servicios de salud;simulación,Matemáticas Aplicadas,EXTERNAL_PARTNER,
PRJ-251,Calidad de software mediante estudio de caso,APPLIED_RESEARCH,ACTIVE,"Se identifican limitaciones institucionales asociadas a calidad de software, con información distribuida entre varias fuentes.","El proyecto analiza calidad de software desde una perspectiva aplicada y contextual, empleando estudio de caso.",Evaluar alternativas para mejorar calidad de software mediante evidencia institucional.,"Recolección de información, estudio de caso, validación y análisis de resultados.","Resultados esperados relacionados con mejora de procesos, evidencia y recomendaciones aplicadas.",calidad de software,FAC-001,PRG-002,GRP-005,2017,2018,calidad de software;estudio de caso,Electrónica,INTERNAL,
PRJ-252,Transformación cultural mediante modelamiento estadístico,RESEARCH,ACTIVE,"Se identifican limitaciones institucionales asociadas a transformación cultural, con información distribuida entre varias fuentes.","El proyecto analiza transformación cultural desde una perspectiva aplicada y contextual, empleando modelamiento estadístico.",Evaluar alternativas para mejorar transformación cultural mediante evidencia institucional.,"Recolección de información, modelamiento estadístico, validación y análisis de resultados.","Resultados esperados relacionados con mejora de procesos, evidencia y recomendaciones aplicadas.",transformación cultural,FAC-002,PRG-005,GRP-006,2018,2019,transformación cultural;modelamiento estadístico,Enfermería,INTERNAL,
PRJ-253,Economía circular mediante análisis descriptivo,INSTITUTIONAL,COMPLETED,"Se identifican limitaciones institucionales asociadas a economía circular, con información distribuida entre varias fuentes.","El proyecto analiza economía circular desde una perspectiva aplicada y contextual, empleando análisis descriptivo.",Evaluar alternativas para mejorar economía circular mediante evidencia institucional.,"Recolección de información, análisis descriptivo, validación y análisis de resultados.","Resultados esperados relacionados con mejora de procesos, evidencia y recomendaciones aplicadas.",economía circular,FAC-003,PRG-007,GRP-009,2019,2020,economía circular;análisis descriptivo,Administración de Empresas,PUBLIC_CALL,
PRJ-254,Gestión de proyectos mediante análisis descriptivo,INNOVATION,FORMULATION,"Se identifican limitaciones institucionales asociadas a gestión de proyectos, con información distribuida entre varias fuentes.","El proyecto analiza gestión de proyectos desde una perspectiva aplicada y contextual, empleando análisis descriptivo.",Evaluar alternativas para mejorar gestión de proyectos mediante evidencia institucional.,"Recolección de información, análisis descriptivo, validación y análisis de resultados.","Resultados esperados relacionados con mejora de procesos, evidencia y recomendaciones aplicadas.",gestión de proyectos,FAC-004,PRG-012,GRP-013,2020,2021,gestión de proyectos;análisis descriptivo,Ciencias de la Educación,EXTERNAL_PARTNER,
PRJ-255,Analítica de satisfacción mediante diseño de prototipo,APPLIED_RESEARCH,COMPLETED,"Se identifican limitaciones institucionales asociadas a analítica de satisfacción, con información distribuida entre varias fuentes.","El proyecto analiza analítica de satisfacción desde una perspectiva aplicada y contextual, empleando diseño de prototipo.",Evaluar alternativas para mejorar analítica de satisfacción mediante evidencia institucional.,"Recolección de información, diseño de prototipo, validación y análisis de resultados.","Resultados esperados relacionados con mejora de procesos, evidencia y recomendaciones aplicadas.",analítica de satisfacción,FAC-005,PRG-014,GRP-015,2021,2022,analítica de satisfacción;diseño de prototipo,Gestión Ambiental,INTERNAL,
PRJ-256,Interoperabilidad de datos mediante estudio de caso,RESEARCH,ACTIVE,"Se identifican limitaciones institucionales asociadas a interoperabilidad de datos, con información distribuida entre varias fuentes.","El proyecto analiza interoperabilidad de datos desde una perspectiva aplicada y contextual, empleando estudio de caso.",Evaluar alternativas para mejorar interoperabilidad de datos mediante evidencia institucional.,"Recolección de información, estudio de caso, validación y análisis de resultados.","Resultados esperados relacionados con mejora de procesos, evidencia y recomendaciones aplicadas.",interoperabilidad de datos,FAC-006,PRG-017,GRP-018,2022,2023,interoperabilidad de datos;estudio de caso,Física,INTERNAL,
PRJ-257,Automatización de procesos administrativos mediante evaluación comparativa,INSTITUTIONAL,ACTIVE,"Se identifican limitaciones institucionales asociadas a automatización de procesos administrativos, con información distribuida entre varias fuentes.","El proyecto analiza automatización de procesos administrativos desde una perspectiva aplicada y contextual, empleando evaluación comparativa.",Evaluar alternativas para mejorar automatización de procesos administrativos mediante evidencia institucional.,"Recolección de información, evaluación comparativa, validación y análisis de resultados.","Resultados esperados relacionados con mejora de procesos, evidencia y recomendaciones aplicadas.",automatización de procesos administrativos,FAC-001,PRG-003,GRP-001,2023,2024,automatización de procesos administrativos;evaluación comparativa,Industrial,PUBLIC_CALL,
PRJ-258,Experiencia de usuario en servicios digitales mediante modelamiento estadístico,INNOVATION,COMPLETED,"Se identifican limitaciones institucionales asociadas a experiencia de usuario en servicios digitales, con información distribuida entre varias fuentes.","El proyecto analiza experiencia de usuario en servicios digitales desde una perspectiva aplicada y contextual, empleando modelamiento estadístico.",Evaluar alternativas para mejorar experiencia de usuario en servicios digitales mediante evidencia institucional.,"Recolección de información, modelamiento estadístico, validación y análisis de resultados.","Resultados esperados relacionados con mejora de procesos, evidencia y recomendaciones aplicadas.",experiencia de usuario en servicios digitales,FAC-002,PRG-005,GRP-006,2024,2025,experiencia de usuario en servicios digitales;modelamiento estadístico,Enfermería,EXTERNAL_PARTNER,
PRJ-259,Gestión documental mediante simulación,APPLIED_RESEARCH,FORMULATION,"Se identifican limitaciones institucionales asociadas a gestión documental, con información distribuida entre varias fuentes.","El proyecto analiza gestión documental desde una perspectiva aplicada y contextual, empleando simulación.",Evaluar alternativas para mejorar gestión documental mediante evidencia institucional.,"Recolección de información, simulación, validación y análisis de resultados.","Resultados esperados relacionados con mejora de procesos, evidencia y recomendaciones aplicadas.",gestión documental,FAC-003,PRG-007,GRP-009,2025,2026,gestión documental;simulación,Administración de Empresas,INTERNAL,
PRJ-260,Adopción tecnológica en pequeñas empresas mediante análisis descriptivo,RESEARCH,COMPLETED,"Se identifican limitaciones institucionales asociadas a adopción tecnológica en pequeñas empresas, con información distribuida entre varias fuentes.","El proyecto analiza adopción tecnológica en pequeñas empresas desde una perspectiva aplicada y contextual, empleando análisis descriptivo.",Evaluar alternativas para mejorar adopción tecnológica en pequeñas empresas mediante evidencia institucional.,"Recolección de información, análisis descriptivo, validación y análisis de resultados.","Resultados esperados relacionados con mejora de procesos, evidencia y recomendaciones aplicadas.",adopción tecnológica en pequeñas empresas,FAC-004,PRG-011,GRP-012,2026,,adopción tecnológica en pequeñas empresas;análisis descriptivo,Psicología,INTERNAL,
PRJ-261,Telemetría industrial mediante simulación,INSTITUTIONAL,ACTIVE,"Se identifican limitaciones institucionales asociadas a telemetría industrial, con información distribuida entre varias fuentes.","El proyecto analiza telemetría industrial desde una perspectiva aplicada y contextual, empleando simulación.",Evaluar alternativas para mejorar telemetría industrial mediante evidencia institucional.,"Recolección de información, simulación, validación y análisis de resultados.","Resultados esperados relacionados con mejora de procesos, evidencia y recomendaciones aplicadas.",telemetría industrial,FAC-005,PRG-014,GRP-016,2017,2018,telemetría industrial;simulación,Gestión Ambiental,PUBLIC_CALL,
PRJ-262,Análisis de movilidad urbana mediante evaluación comparativa,INNOVATION,ACTIVE,"Se identifican limitaciones institucionales asociadas a análisis de movilidad urbana, con información distribuida entre varias fuentes.","El proyecto analiza análisis de movilidad urbana desde una perspectiva aplicada y contextual, empleando evaluación comparativa.",Evaluar alternativas para mejorar análisis de movilidad urbana mediante evidencia institucional.,"Recolección de información, evaluación comparativa, validación y análisis de resultados.","Resultados esperados relacionados con mejora de procesos, evidencia y recomendaciones aplicadas.",análisis de movilidad urbana,FAC-006,PRG-016,GRP-018,2018,2019,análisis de movilidad urbana;evaluación comparativa,Matemáticas Aplicadas,EXTERNAL_PARTNER,
PRJ-263,Bienestar universitario mediante análisis descriptivo,APPLIED_RESEARCH,COMPLETED,"Se identifican limitaciones institucionales asociadas a bienestar universitario, con información distribuida entre varias fuentes.","El proyecto analiza bienestar universitario desde una perspectiva aplicada y contextual, empleando análisis descriptivo.",Evaluar alternativas para mejorar bienestar universitario mediante evidencia institucional.,"Recolección de información, análisis descriptivo, validación y análisis de resultados.","Resultados esperados relacionados con mejora de procesos, evidencia y recomendaciones aplicadas.",bienestar universitario,FAC-001,PRG-002,GRP-005,2019,2020,bienestar universitario;análisis descriptivo,Electrónica,INTERNAL,
PRJ-264,Gestión de inventarios mediante análisis descriptivo,RESEARCH,FORMULATION,"Se identifican limitaciones institucionales asociadas a gestión de inventarios, con información distribuida entre varias fuentes.","El proyecto analiza gestión de inventarios desde una perspectiva aplicada y contextual, empleando análisis descriptivo.",Evaluar alternativas para mejorar gestión de inventarios mediante evidencia institucional.,"Recolección de información, análisis descriptivo, validación y análisis de resultados.","Resultados esperados relacionados con mejora de procesos, evidencia y recomendaciones aplicadas.",gestión de inventarios,FAC-002,PRG-006,GRP-008,2020,2021,gestión de inventarios;análisis descriptivo,Seguridad y Salud en el Trabajo,INTERNAL,
PRJ-265,Educación financiera mediante diseño de prototipo,INSTITUTIONAL,COMPLETED,"Se identifican limitaciones institucionales asociadas a educación financiera, con información distribuida entre varias fuentes.","El proyecto analiza educación financiera desde una perspectiva aplicada y contextual, empleando diseño de prototipo.",Evaluar alternativas para mejorar educación financiera mediante evidencia institucional.,"Recolección de información, diseño de prototipo, validación y análisis de resultados.","Resultados esperados relacionados con mejora de procesos, evidencia y recomendaciones aplicadas.",,FAC-003,PRG-009,GRP-010,2021,2022,educación financiera;diseño de prototipo,Economía,PUBLIC_CALL,
PRJ-266,Comunicación organizacional mediante evaluación comparativa,INNOVATION,ACTIVE,"Se identifican limitaciones institucionales asociadas a comunicación organizacional, con información distribuida entre varias fuentes.","El proyecto analiza comunicación organizacional desde una perspectiva aplicada y contextual, empleando evaluación comparativa.",Evaluar alternativas para mejorar comunicación organizacional mediante evidencia institucional.,"Recolección de información, evaluación comparativa, validación y análisis de resultados.","Resultados esperados relacionados con mejora de procesos, evidencia y recomendaciones aplicadas.",comunicación organizacional,FAC-004,PRG-010,GRP-014,2022,2023,comunicación organizacional;evaluación comparativa,Licenciatura en Tecnología e Informática,EXTERNAL_PARTNER,
PRJ-267,Gestión de residuos mediante modelamiento estadístico,APPLIED_RESEARCH,ACTIVE,"Se identifican limitaciones institucionales asociadas a gestión de residuos, con información distribuida entre varias fuentes.","El proyecto analiza gestión de residuos desde una perspectiva aplicada y contextual, empleando modelamiento estadístico.",Evaluar alternativas para mejorar gestión de residuos mediante evidencia institucional.,"Recolección de información, modelamiento estadístico, validación y análisis de resultados.","Resultados esperados relacionados con mejora de procesos, evidencia y recomendaciones aplicadas.",gestión de residuos,FAC-005,PRG-015,GRP-017,2023,2024,gestión de residuos;modelamiento estadístico,Civil,INTERNAL,
PRJ-268,Materiales sostenibles mediante análisis descriptivo,RESEARCH,COMPLETED,"Se identifican limitaciones institucionales asociadas a materiales sostenibles, con información distribuida entre varias fuentes.","El proyecto analiza materiales sostenibles desde una perspectiva aplicada y contextual, empleando análisis descriptivo.",Evaluar alternativas para mejorar materiales sostenibles mediante evidencia institucional.,"Recolección de información, análisis descriptivo, validación y análisis de resultados.","Resultados esperados relacionados con mejora de procesos, evidencia y recomendaciones aplicadas.",materiales sostenibles,FAC-006,PRG-016,GRP-018,2024,2025,materiales sostenibles;análisis descriptivo,Matemáticas Aplicadas,INTERNAL,
PRJ-269,Simulación de sistemas físicos mediante estudio de caso,INSTITUTIONAL,FORMULATION,"Se identifican limitaciones institucionales asociadas a simulación de sistemas físicos, con información distribuida entre varias fuentes.","El proyecto analiza simulación de sistemas físicos desde una perspectiva aplicada y contextual, empleando estudio de caso.",Evaluar alternativas para mejorar simulación de sistemas físicos mediante evidencia institucional.,"Recolección de información, estudio de caso, validación y análisis de resultados.","Resultados esperados relacionados con mejora de procesos, evidencia y recomendaciones aplicadas.",simulación de sistemas físicos,FAC-001,PRG-001,GRP-004,2025,2026,simulación de sistemas físicos;estudio de caso,de Sistemas,PUBLIC_CALL,
PRJ-270,Optimización de horarios mediante evaluación comparativa,INNOVATION,COMPLETED,"Se identifican limitaciones institucionales asociadas a optimización de horarios, con información distribuida entre varias fuentes.","El proyecto analiza optimización de horarios desde una perspectiva aplicada y contextual, empleando evaluación comparativa.",Evaluar alternativas para mejorar optimización de horarios mediante evidencia institucional.,"Recolección de información, evaluación comparativa, validación y análisis de resultados.","Resultados esperados relacionados con mejora de procesos, evidencia y recomendaciones aplicadas.",optimización de horarios,FAC-002,PRG-006,GRP-006,2026,,optimización de horarios;evaluación comparativa,Seguridad y Salud en el Trabajo,EXTERNAL_PARTNER,
PRJ-271,Visualización de indicadores mediante modelamiento estadístico,APPLIED_RESEARCH,ACTIVE,"Se identifican limitaciones institucionales asociadas a visualización de indicadores, con información distribuida entre varias fuentes.","El proyecto analiza visualización de indicadores desde una perspectiva aplicada y contextual, empleando modelamiento estadístico.",Evaluar alternativas para mejorar visualización de indicadores mediante evidencia institucional.,"Recolección de información, modelamiento estadístico, validación y análisis de resultados.","Resultados esperados relacionados con mejora de procesos, evidencia y recomendaciones aplicadas.",visualización de indicadores,FAC-003,PRG-009,GRP-009,2017,2018,visualización de indicadores;modelamiento estadístico,Economía,INTERNAL,
PRJ-272,Evaluación de políticas públicas mediante análisis descriptivo,RESEARCH,ACTIVE,"Se identifican limitaciones institucionales asociadas a evaluación de políticas públicas, con información distribuida entre varias fuentes.","El proyecto analiza evaluación de políticas públicas desde una perspectiva aplicada y contextual, empleando análisis descriptivo.",Evaluar alternativas para mejorar evaluación de políticas públicas mediante evidencia institucional.,"Recolección de información, análisis descriptivo, validación y análisis de resultados.","Resultados esperados relacionados con mejora de procesos, evidencia y recomendaciones aplicadas.",evaluación de políticas públicas,FAC-004,PRG-011,GRP-014,2018,2019,evaluación de políticas públicas;análisis descriptivo,Psicología,INTERNAL,
PRJ-273,Competencias digitales docentes mediante diseño de prototipo,INSTITUTIONAL,COMPLETED,"Se identifican limitaciones institucionales asociadas a competencias digitales docentes, con información distribuida entre varias fuentes.","El proyecto analiza competencias digitales docentes desde una perspectiva aplicada y contextual, empleando diseño de prototipo.",Evaluar alternativas para mejorar competencias digitales docentes mediante evidencia institucional.,"Recolección de información, diseño de prototipo, validación y análisis de resultados.","Resultados esperados relacionados con mejora de procesos, evidencia y recomendaciones aplicadas.",competencias digitales docentes,FAC-005,PRG-013,GRP-015,2019,2020,competencias digitales docentes;diseño de prototipo,Ambiental,PUBLIC_CALL,
PRJ-274,Gestión de servicios de salud mediante estudio de caso,INNOVATION,FORMULATION,"Se identifican limitaciones institucionales asociadas a gestión de servicios de salud, con información distribuida entre varias fuentes.","El proyecto analiza gestión de servicios de salud desde una perspectiva aplicada y contextual, empleando estudio de caso.",Evaluar alternativas para mejorar gestión de servicios de salud mediante evidencia institucional.,"Recolección de información, estudio de caso, validación y análisis de resultados.","Resultados esperados relacionados con mejora de procesos, evidencia y recomendaciones aplicadas.",gestión de servicios de salud,FAC-006,PRG-017,GRP-018,2020,2021,gestión de servicios de salud;estudio de caso,Física,EXTERNAL_PARTNER,
PRJ-275,Calidad de software mediante evaluación comparativa,APPLIED_RESEARCH,COMPLETED,"Se identifican limitaciones institucionales asociadas a calidad de software, con información distribuida entre varias fuentes.","El proyecto analiza calidad de software desde una perspectiva aplicada y contextual, empleando evaluación comparativa.",Evaluar alternativas para mejorar calidad de software mediante evidencia institucional.,"Recolección de información, evaluación comparativa, validación y análisis de resultados.","Resultados esperados relacionados con mejora de procesos, evidencia y recomendaciones aplicadas.",calidad de software,FAC-001,PRG-003,GRP-002,2021,2022,calidad de software;evaluación comparativa,Industrial,INTERNAL,
PRJ-276,Transformación cultural mediante modelamiento estadístico,RESEARCH,ACTIVE,"Se identifican limitaciones institucionales asociadas a transformación cultural, con información distribuida entre varias fuentes.","El proyecto analiza transformación cultural desde una perspectiva aplicada y contextual, empleando modelamiento estadístico.",Evaluar alternativas para mejorar transformación cultural mediante evidencia institucional.,"Recolección de información, modelamiento estadístico, validación y análisis de resultados.","Resultados esperados relacionados con mejora de procesos, evidencia y recomendaciones aplicadas.",transformación cultural,FAC-002,PRG-004,GRP-006,2022,2023,transformación cultural;modelamiento estadístico,Medicina,INTERNAL,
PRJ-277,Economía circular mediante evaluación comparativa,INSTITUTIONAL,ACTIVE,"Se identifican limitaciones institucionales asociadas a economía circular, con información distribuida entre varias fuentes.","El proyecto analiza economía circular desde una perspectiva aplicada y contextual, empleando evaluación comparativa.",Evaluar alternativas para mejorar economía circular mediante evidencia institucional.,"Recolección de información, evaluación comparativa, validación y análisis de resultados.","Resultados esperados relacionados con mejora de procesos, evidencia y recomendaciones aplicadas.",economía circular,FAC-003,PRG-008,GRP-009,2023,2024,economía circular;evaluación comparativa,Financiera,PUBLIC_CALL,
PRJ-278,Gestión de proyectos mediante modelamiento estadístico,INNOVATION,COMPLETED,"Se identifican limitaciones institucionales asociadas a gestión de proyectos, con información distribuida entre varias fuentes.","El proyecto analiza gestión de proyectos desde una perspectiva aplicada y contextual, empleando modelamiento estadístico.",Evaluar alternativas para mejorar gestión de proyectos mediante evidencia institucional.,"Recolección de información, modelamiento estadístico, validación y análisis de resultados.","Resultados esperados relacionados con mejora de procesos, evidencia y recomendaciones aplicadas.",gestión de proyectos,FAC-004,PRG-011,GRP-012,2024,2025,gestión de proyectos;modelamiento estadístico,Psicología,EXTERNAL_PARTNER,
PRJ-279,Analítica de satisfacción mediante análisis descriptivo,APPLIED_RESEARCH,FORMULATION,"Se identifican limitaciones institucionales asociadas a analítica de satisfacción, con información distribuida entre varias fuentes.","El proyecto analiza analítica de satisfacción desde una perspectiva aplicada y contextual, empleando análisis descriptivo.",Evaluar alternativas para mejorar analítica de satisfacción mediante evidencia institucional.,"Recolección de información, análisis descriptivo, validación y análisis de resultados.","Resultados esperados relacionados con mejora de procesos, evidencia y recomendaciones aplicadas.",analítica de satisfacción,FAC-005,PRG-014,GRP-015,2025,2026,,Gestión Ambiental,INTERNAL,
PRJ-280,Interoperabilidad de datos mediante modelamiento estadístico,RESEARCH,COMPLETED,"Se identifican limitaciones institucionales asociadas a interoperabilidad de datos, con información distribuida entre varias fuentes.","El proyecto analiza interoperabilidad de datos desde una perspectiva aplicada y contextual, empleando modelamiento estadístico.",Evaluar alternativas para mejorar interoperabilidad de datos mediante evidencia institucional.,"Recolección de información, modelamiento estadístico, validación y análisis de resultados.","Resultados esperados relacionados con mejora de procesos, evidencia y recomendaciones aplicadas.",interoperabilidad de datos,FAC-006,PRG-016,GRP-020,2026,,interoperabilidad de datos;modelamiento estadístico,Matemáticas Aplicadas,INTERNAL,
PRJ-281,Automatización de procesos administrativos mediante modelamiento estadístico,INSTITUTIONAL,ACTIVE,"Se identifican limitaciones institucionales asociadas a automatización de procesos administrativos, con información distribuida entre varias fuentes.","El proyecto analiza automatización de procesos administrativos desde una perspectiva aplicada y contextual, empleando modelamiento estadístico.",Evaluar alternativas para mejorar automatización de procesos administrativos mediante evidencia institucional.,"Recolección de información, modelamiento estadístico, validación y análisis de resultados.","Resultados esperados relacionados con mejora de procesos, evidencia y recomendaciones aplicadas.",automatización de procesos administrativos,FAC-001,PRG-003,GRP-004,2017,2018,automatización de procesos administrativos;modelamiento estadístico,Industrial,PUBLIC_CALL,
PRJ-282,Experiencia de usuario en servicios digitales mediante evaluación comparativa,INNOVATION,ACTIVE,"Se identifican limitaciones institucionales asociadas a experiencia de usuario en servicios digitales, con información distribuida entre varias fuentes.","El proyecto analiza experiencia de usuario en servicios digitales desde una perspectiva aplicada y contextual, empleando evaluación comparativa.",Evaluar alternativas para mejorar experiencia de usuario en servicios digitales mediante evidencia institucional.,,"Resultados esperados relacionados con mejora de procesos, evidencia y recomendaciones aplicadas.",experiencia de usuario en servicios digitales,FAC-002,PRG-006,GRP-008,2018,2019,experiencia de usuario en servicios digitales;evaluación comparativa,Seguridad y Salud en el Trabajo,EXTERNAL_PARTNER,
PRJ-283,Gestión documental mediante evaluación comparativa,APPLIED_RESEARCH,COMPLETED,"Se identifican limitaciones institucionales asociadas a gestión documental, con información distribuida entre varias fuentes.","El proyecto analiza gestión documental desde una perspectiva aplicada y contextual, empleando evaluación comparativa.",Evaluar alternativas para mejorar gestión documental mediante evidencia institucional.,"Recolección de información, evaluación comparativa, validación y análisis de resultados.","Resultados esperados relacionados con mejora de procesos, evidencia y recomendaciones aplicadas.",gestión documental,FAC-003,PRG-007,GRP-011,2019,2020,gestión documental;evaluación comparativa,Administración de Empresas,INTERNAL,
PRJ-284,Adopción tecnológica en pequeñas empresas mediante análisis descriptivo,RESEARCH,FORMULATION,"Se identifican limitaciones institucionales asociadas a adopción tecnológica en pequeñas empresas, con información distribuida entre varias fuentes.","El proyecto analiza adopción tecnológica en pequeñas empresas desde una perspectiva aplicada y contextual, empleando análisis descriptivo.",Evaluar alternativas para mejorar adopción tecnológica en pequeñas empresas mediante evidencia institucional.,"Recolección de información, análisis descriptivo, validación y análisis de resultados.","Resultados esperados relacionados con mejora de procesos, evidencia y recomendaciones aplicadas.",adopción tecnológica en pequeñas empresas,FAC-004,PRG-010,GRP-014,2020,2021,adopción tecnológica en pequeñas empresas;análisis descriptivo,Licenciatura en Tecnología e Informática,INTERNAL,
PRJ-285,Telemetría industrial mediante evaluación comparativa,INSTITUTIONAL,COMPLETED,"Se identifican limitaciones institucionales asociadas a telemetría industrial, con información distribuida entre varias fuentes.","El proyecto analiza telemetría industrial desde una perspectiva aplicada y contextual, empleando evaluación comparativa.",Evaluar alternativas para mejorar telemetría industrial mediante evidencia institucional.,"Recolección de información, evaluación comparativa, validación y análisis de resultados.","Resultados esperados relacionados con mejora de procesos, evidencia y recomendaciones aplicadas.",telemetría industrial,FAC-005,PRG-014,GRP-016,2021,2022,telemetría industrial;evaluación comparativa,Gestión Ambiental,PUBLIC_CALL,
PRJ-286,Análisis de movilidad urbana mediante simulación,INNOVATION,ACTIVE,"Se identifican limitaciones institucionales asociadas a análisis de movilidad urbana, con información distribuida entre varias fuentes.","El proyecto analiza análisis de movilidad urbana desde una perspectiva aplicada y contextual, empleando simulación.",Evaluar alternativas para mejorar análisis de movilidad urbana mediante evidencia institucional.,"Recolección de información, simulación, validación y análisis de resultados.","Resultados esperados relacionados con mejora de procesos, evidencia y recomendaciones aplicadas.",análisis de movilidad urbana,FAC-006,PRG-016,GRP-021,2022,2023,análisis de movilidad urbana;simulación,Matemáticas Aplicadas,EXTERNAL_PARTNER,
PRJ-287,Bienestar universitario mediante diseño de prototipo,APPLIED_RESEARCH,ACTIVE,"Se identifican limitaciones institucionales asociadas a bienestar universitario, con información distribuida entre varias fuentes.","El proyecto analiza bienestar universitario desde una perspectiva aplicada y contextual, empleando diseño de prototipo.",Evaluar alternativas para mejorar bienestar universitario mediante evidencia institucional.,"Recolección de información, diseño de prototipo, validación y análisis de resultados.","Resultados esperados relacionados con mejora de procesos, evidencia y recomendaciones aplicadas.",bienestar universitario,FAC-001,PRG-003,GRP-002,2023,2024,bienestar universitario;diseño de prototipo,Industrial,INTERNAL,
PRJ-288,Gestión de inventarios mediante evaluación comparativa,RESEARCH,COMPLETED,"Se identifican limitaciones institucionales asociadas a gestión de inventarios, con información distribuida entre varias fuentes.","El proyecto analiza gestión de inventarios desde una perspectiva aplicada y contextual, empleando evaluación comparativa.",Evaluar alternativas para mejorar gestión de inventarios mediante evidencia institucional.,"Recolección de información, evaluación comparativa, validación y análisis de resultados.","Resultados esperados relacionados con mejora de procesos, evidencia y recomendaciones aplicadas.",gestión de inventarios,FAC-002,PRG-004,GRP-008,2024,2025,gestión de inventarios;evaluación comparativa,Medicina,INTERNAL,
PRJ-289,Educación financiera mediante análisis descriptivo,INSTITUTIONAL,FORMULATION,"Se identifican limitaciones institucionales asociadas a educación financiera, con información distribuida entre varias fuentes.","El proyecto analiza educación financiera desde una perspectiva aplicada y contextual, empleando análisis descriptivo.",Evaluar alternativas para mejorar educación financiera mediante evidencia institucional.,"Recolección de información, análisis descriptivo, validación y análisis de resultados.","Resultados esperados relacionados con mejora de procesos, evidencia y recomendaciones aplicadas.",educación financiera,FAC-003,PRG-009,GRP-011,2025,2026,educación financiera;análisis descriptivo,Economía,PUBLIC_CALL,
PRJ-290,Comunicación organizacional mediante diseño de prototipo,INNOVATION,COMPLETED,"Se identifican limitaciones institucionales asociadas a comunicación organizacional, con información distribuida entre varias fuentes.","El proyecto analiza comunicación organizacional desde una perspectiva aplicada y contextual, empleando diseño de prototipo.",Evaluar alternativas para mejorar comunicación organizacional mediante evidencia institucional.,"Recolección de información, diseño de prototipo, validación y análisis de resultados.","Resultados esperados relacionados con mejora de procesos, evidencia y recomendaciones aplicadas.",comunicación organizacional,FAC-004,PRG-010,GRP-012,2026,,comunicación organizacional;diseño de prototipo,Licenciatura en Tecnología e Informática,EXTERNAL_PARTNER,
PRJ-291,Gestión de residuos mediante análisis descriptivo,APPLIED_RESEARCH,ACTIVE,"Se identifican limitaciones institucionales asociadas a gestión de residuos, con información distribuida entre varias fuentes.","El proyecto analiza gestión de residuos desde una perspectiva aplicada y contextual, empleando análisis descriptivo.",Evaluar alternativas para mejorar gestión de residuos mediante evidencia institucional.,"Recolección de información, análisis descriptivo, validación y análisis de resultados.","Resultados esperados relacionados con mejora de procesos, evidencia y recomendaciones aplicadas.",gestión de residuos,FAC-005,PRG-015,GRP-015,2017,2018,gestión de residuos;análisis descriptivo,Civil,INTERNAL,
PRJ-292,Materiales sostenibles mediante diseño de prototipo,RESEARCH,ACTIVE,"Se identifican limitaciones institucionales asociadas a materiales sostenibles, con información distribuida entre varias fuentes.","El proyecto analiza materiales sostenibles desde una perspectiva aplicada y contextual, empleando diseño de prototipo.",Evaluar alternativas para mejorar materiales sostenibles mediante evidencia institucional.,"Recolección de información, diseño de prototipo, validación y análisis de resultados.","Resultados esperados relacionados con mejora de procesos, evidencia y recomendaciones aplicadas.",materiales sostenibles,FAC-006,PRG-018,GRP-018,2018,2019,materiales sostenibles;diseño de prototipo,Ciencia de Datos,INTERNAL,
PRJ-293,Simulación de sistemas físicos mediante modelamiento estadístico,INSTITUTIONAL,COMPLETED,"Se identifican limitaciones institucionales asociadas a simulación de sistemas físicos, con información distribuida entre varias fuentes.","El proyecto analiza simulación de sistemas físicos desde una perspectiva aplicada y contextual, empleando modelamiento estadístico.",Evaluar alternativas para mejorar simulación de sistemas físicos mediante evidencia institucional.,"Recolección de información, modelamiento estadístico, validación y análisis de resultados.","Resultados esperados relacionados con mejora de procesos, evidencia y recomendaciones aplicadas.",simulación de sistemas físicos,FAC-001,PRG-003,GRP-002,2019,2020,simulación de sistemas físicos;modelamiento estadístico,Industrial,PUBLIC_CALL,
PRJ-294,Optimización de horarios mediante evaluación comparativa,INNOVATION,FORMULATION,"Se identifican limitaciones institucionales asociadas a optimización de horarios, con información distribuida entre varias fuentes.","El proyecto analiza optimización de horarios desde una perspectiva aplicada y contextual, empleando evaluación comparativa.",Evaluar alternativas para mejorar optimización de horarios mediante evidencia institucional.,"Recolección de información, evaluación comparativa, validación y análisis de resultados.","Resultados esperados relacionados con mejora de procesos, evidencia y recomendaciones aplicadas.",optimización de horarios,FAC-002,PRG-006,GRP-006,2020,2021,optimización de horarios;evaluación comparativa,Seguridad y Salud en el Trabajo,EXTERNAL_PARTNER,
PRJ-295,Visualización de indicadores mediante estudio de caso,APPLIED_RESEARCH,COMPLETED,"Se identifican limitaciones institucionales asociadas a visualización de indicadores, con información distribuida entre varias fuentes.","El proyecto analiza visualización de indicadores desde una perspectiva aplicada y contextual, empleando estudio de caso.",Evaluar alternativas para mejorar visualización de indicadores mediante evidencia institucional.,"Recolección de información, estudio de caso, validación y análisis de resultados.","Resultados esperados relacionados con mejora de procesos, evidencia y recomendaciones aplicadas.",visualización de indicadores,FAC-003,PRG-008,GRP-009,2021,2022,visualización de indicadores;estudio de caso,Financiera,INTERNAL,
PRJ-296,Evaluación de políticas públicas mediante estudio de caso,RESEARCH,ACTIVE,"Se identifican limitaciones institucionales asociadas a evaluación de políticas públicas, con información distribuida entre varias fuentes.","El proyecto analiza evaluación de políticas públicas desde una perspectiva aplicada y contextual, empleando estudio de caso.",Evaluar alternativas para mejorar evaluación de políticas públicas mediante evidencia institucional.,"Recolección de información, estudio de caso, validación y análisis de resultados.","Resultados esperados relacionados con mejora de procesos, evidencia y recomendaciones aplicadas.",evaluación de políticas públicas,FAC-004,PRG-010,GRP-014,2022,2023,evaluación de políticas públicas;estudio de caso,Licenciatura en Tecnología e Informática,INTERNAL,
PRJ-297,Competencias digitales docentes mediante estudio de caso,INSTITUTIONAL,ACTIVE,"Se identifican limitaciones institucionales asociadas a competencias digitales docentes, con información distribuida entre varias fuentes.","El proyecto analiza competencias digitales docentes desde una perspectiva aplicada y contextual, empleando estudio de caso.",Evaluar alternativas para mejorar competencias digitales docentes mediante evidencia institucional.,"Recolección de información, estudio de caso, validación y análisis de resultados.","Resultados esperados relacionados con mejora de procesos, evidencia y recomendaciones aplicadas.",competencias digitales docentes,FAC-005,PRG-015,GRP-017,2023,2024,competencias digitales docentes;estudio de caso,Civil,PUBLIC_CALL,
PRJ-298,Gestión de servicios de salud mediante diseño de prototipo,INNOVATION,COMPLETED,"Se identifican limitaciones institucionales asociadas a gestión de servicios de salud, con información distribuida entre varias fuentes.","El proyecto analiza gestión de servicios de salud desde una perspectiva aplicada y contextual, empleando diseño de prototipo.",Evaluar alternativas para mejorar gestión de servicios de salud mediante evidencia institucional.,"Recolección de información, diseño de prototipo, validación y análisis de resultados.","Resultados esperados relacionados con mejora de procesos, evidencia y recomendaciones aplicadas.",gestión de servicios de salud,FAC-006,PRG-016,GRP-020,2024,2025,gestión de servicios de salud;diseño de prototipo,Matemáticas Aplicadas,EXTERNAL_PARTNER,
PRJ-299,Calidad de software mediante estudio de caso,APPLIED_RESEARCH,FORMULATION,"Se identifican limitaciones institucionales asociadas a calidad de software, con información distribuida entre varias fuentes.","El proyecto analiza calidad de software desde una perspectiva aplicada y contextual, empleando estudio de caso.",Evaluar alternativas para mejorar calidad de software mediante evidencia institucional.,"Recolección de información, estudio de caso, validación y análisis de resultados.","Resultados esperados relacionados con mejora de procesos, evidencia y recomendaciones aplicadas.",calidad de software,FAC-001,PRG-001,GRP-001,2025,2026,calidad de software;estudio de caso,de Sistemas,INTERNAL,
PRJ-300,Transformación cultural mediante modelamiento estadístico,RESEARCH,COMPLETED,"Se identifican limitaciones institucionales asociadas a transformación cultural, con información distribuida entre varias fuentes.","El proyecto analiza transformación cultural desde una perspectiva aplicada y contextual, empleando modelamiento estadístico.",Evaluar alternativas para mejorar transformación cultural mediante evidencia institucional.,"Recolección de información, modelamiento estadístico, validación y análisis de resultados.","Resultados esperados relacionados con mejora de procesos, evidencia y recomendaciones aplicadas.",transformación cultural,FAC-002,PRG-005,GRP-008,2026,,transformación cultural;modelamiento estadístico,Enfermería,INTERNAL,
PRJ-301,Economía circular mediante evaluación comparativa,INSTITUTIONAL,ACTIVE,"Se identifican limitaciones institucionales asociadas a economía circular, con información distribuida entre varias fuentes.","El proyecto analiza economía circular desde una perspectiva aplicada y contextual, empleando evaluación comparativa.",Evaluar alternativas para mejorar economía circular mediante evidencia institucional.,"Recolección de información, evaluación comparativa, validación y análisis de resultados.","Resultados esperados relacionados con mejora de procesos, evidencia y recomendaciones aplicadas.",economía circular,FAC-003,PRG-009,GRP-009,2017,2018,economía circular;evaluación comparativa,Economía,PUBLIC_CALL,
PRJ-302,Gestión de proyectos mediante modelamiento estadístico,INNOVATION,ACTIVE,"Se identifican limitaciones institucionales asociadas a gestión de proyectos, con información distribuida entre varias fuentes.","El proyecto analiza gestión de proyectos desde una perspectiva aplicada y contextual, empleando modelamiento estadístico.",Evaluar alternativas para mejorar gestión de proyectos mediante evidencia institucional.,"Recolección de información, modelamiento estadístico, validación y análisis de resultados.","Resultados esperados relacionados con mejora de procesos, evidencia y recomendaciones aplicadas.",gestión de proyectos,FAC-004,PRG-012,GRP-013,2018,2019,gestión de proyectos;modelamiento estadístico,Ciencias de la Educación,EXTERNAL_PARTNER,
PRJ-303,Analítica de satisfacción mediante análisis descriptivo,APPLIED_RESEARCH,COMPLETED,"Se identifican limitaciones institucionales asociadas a analítica de satisfacción, con información distribuida entre varias fuentes.","El proyecto analiza analítica de satisfacción desde una perspectiva aplicada y contextual, empleando análisis descriptivo.",Evaluar alternativas para mejorar analítica de satisfacción mediante evidencia institucional.,"Recolección de información, análisis descriptivo, validación y análisis de resultados.","Resultados esperados relacionados con mejora de procesos, evidencia y recomendaciones aplicadas.",analítica de satisfacción,FAC-005,PRG-015,GRP-015,2019,2020,analítica de satisfacción;análisis descriptivo,Civil,INTERNAL,
PRJ-304,Interoperabilidad de datos mediante estudio de caso,RESEARCH,FORMULATION,"Se identifican limitaciones institucionales asociadas a interoperabilidad de datos, con información distribuida entre varias fuentes.","El proyecto analiza interoperabilidad de datos desde una perspectiva aplicada y contextual, empleando estudio de caso.",Evaluar alternativas para mejorar interoperabilidad de datos mediante evidencia institucional.,"Recolección de información, estudio de caso, validación y análisis de resultados.","Resultados esperados relacionados con mejora de procesos, evidencia y recomendaciones aplicadas.",interoperabilidad de datos,FAC-006,PRG-018,GRP-021,2020,2021,interoperabilidad de datos;estudio de caso,Ciencia de Datos,INTERNAL,
PRJ-305,Automatización de procesos administrativos mediante estudio de caso,INSTITUTIONAL,COMPLETED,"Se identifican limitaciones institucionales asociadas a automatización de procesos administrativos, con información distribuida entre varias fuentes.","El proyecto analiza automatización de procesos administrativos desde una perspectiva aplicada y contextual, empleando estudio de caso.",Evaluar alternativas para mejorar automatización de procesos administrativos mediante evidencia institucional.,"Recolección de información, estudio de caso, validación y análisis de resultados.","Resultados esperados relacionados con mejora de procesos, evidencia y recomendaciones aplicadas.",automatización de procesos administrativos,FAC-001,PRG-003,GRP-003,2021,2022,automatización de procesos administrativos;estudio de caso,Industrial,PUBLIC_CALL,
PRJ-306,Experiencia de usuario en servicios digitales mediante estudio de caso,INNOVATION,ACTIVE,"Se identifican limitaciones institucionales asociadas a experiencia de usuario en servicios digitales, con información distribuida entre varias fuentes.","El proyecto analiza experiencia de usuario en servicios digitales desde una perspectiva aplicada y contextual, empleando estudio de caso.",Evaluar alternativas para mejorar experiencia de usuario en servicios digitales mediante evidencia institucional.,"Recolección de información, estudio de caso, validación y análisis de resultados.","Resultados esperados relacionados con mejora de procesos, evidencia y recomendaciones aplicadas.",experiencia de usuario en servicios digitales,FAC-002,PRG-005,GRP-006,2022,2023,experiencia de usuario en servicios digitales;estudio de caso,Enfermería,EXTERNAL_PARTNER,
PRJ-307,Gestión documental mediante modelamiento estadístico,APPLIED_RESEARCH,ACTIVE,"Se identifican limitaciones institucionales asociadas a gestión documental, con información distribuida entre varias fuentes.","El proyecto analiza gestión documental desde una perspectiva aplicada y contextual, empleando modelamiento estadístico.",Evaluar alternativas para mejorar gestión documental mediante evidencia institucional.,"Recolección de información, modelamiento estadístico, validación y análisis de resultados.","Resultados esperados relacionados con mejora de procesos, evidencia y recomendaciones aplicadas.",gestión documental,FAC-003,PRG-007,GRP-009,2023,2024,gestión documental;modelamiento estadístico,Administración de Empresas,INTERNAL,
PRJ-308,Adopción tecnológica en pequeñas empresas mediante diseño de prototipo,RESEARCH,COMPLETED,"Se identifican limitaciones institucionales asociadas a adopción tecnológica en pequeñas empresas, con información distribuida entre varias fuentes.","El proyecto analiza adopción tecnológica en pequeñas empresas desde una perspectiva aplicada y contextual, empleando diseño de prototipo.",Evaluar alternativas para mejorar adopción tecnológica en pequeñas empresas mediante evidencia institucional.,"Recolección de información, diseño de prototipo, validación y análisis de resultados.","Resultados esperados relacionados con mejora de procesos, evidencia y recomendaciones aplicadas.",adopción tecnológica en pequeñas empresas,FAC-004,PRG-012,GRP-014,2024,2025,adopción tecnológica en pequeñas empresas;diseño de prototipo,Ciencias de la Educación,INTERNAL,
PRJ-309,Telemetría industrial mediante simulación,INSTITUTIONAL,FORMULATION,"Se identifican limitaciones institucionales asociadas a telemetría industrial, con información distribuida entre varias fuentes.","El proyecto analiza telemetría industrial desde una perspectiva aplicada y contextual, empleando simulación.",Evaluar alternativas para mejorar telemetría industrial mediante evidencia institucional.,"Recolección de información, simulación, validación y análisis de resultados.","Resultados esperados relacionados con mejora de procesos, evidencia y recomendaciones aplicadas.",telemetría industrial,FAC-005,PRG-014,GRP-015,2025,2026,telemetría industrial;simulación,Gestión Ambiental,PUBLIC_CALL,
PRJ-310,Análisis de movilidad urbana mediante estudio de caso,INNOVATION,COMPLETED,"Se identifican limitaciones institucionales asociadas a análisis de movilidad urbana, con información distribuida entre varias fuentes.","El proyecto analiza análisis de movilidad urbana desde una perspectiva aplicada y contextual, empleando estudio de caso.",Evaluar alternativas para mejorar análisis de movilidad urbana mediante evidencia institucional.,"Recolección de información, estudio de caso, validación y análisis de resultados.","Resultados esperados relacionados con mejora de procesos, evidencia y recomendaciones aplicadas.",análisis de movilidad urbana,FAC-006,PRG-018,GRP-019,2026,,,Ciencia de Datos,EXTERNAL_PARTNER,
PRJ-311,Bienestar universitario mediante modelamiento estadístico,APPLIED_RESEARCH,ACTIVE,"Se identifican limitaciones institucionales asociadas a bienestar universitario, con información distribuida entre varias fuentes.","El proyecto analiza bienestar universitario desde una perspectiva aplicada y contextual, empleando modelamiento estadístico.",Evaluar alternativas para mejorar bienestar universitario mediante evidencia institucional.,"Recolección de información, modelamiento estadístico, validación y análisis de resultados.","Resultados esperados relacionados con mejora de procesos, evidencia y recomendaciones aplicadas.",bienestar universitario,FAC-001,PRG-003,GRP-001,2017,2018,bienestar universitario;modelamiento estadístico,Industrial,INTERNAL,
PRJ-312,Gestión de inventarios mediante simulación,RESEARCH,ACTIVE,"Se identifican limitaciones institucionales asociadas a gestión de inventarios, con información distribuida entre varias fuentes.","El proyecto analiza gestión de inventarios desde una perspectiva aplicada y contextual, empleando simulación.",Evaluar alternativas para mejorar gestión de inventarios mediante evidencia institucional.,"Recolección de información, simulación, validación y análisis de resultados.","Resultados esperados relacionados con mejora de procesos, evidencia y recomendaciones aplicadas.",gestión de inventarios,FAC-002,PRG-006,GRP-007,2018,2019,gestión de inventarios;simulación,Seguridad y Salud en el Trabajo,INTERNAL,
PRJ-313,Educación financiera mediante análisis descriptivo,INSTITUTIONAL,COMPLETED,"Se identifican limitaciones institucionales asociadas a educación financiera, con información distribuida entre varias fuentes.","El proyecto analiza educación financiera desde una perspectiva aplicada y contextual, empleando análisis descriptivo.",Evaluar alternativas para mejorar educación financiera mediante evidencia institucional.,"Recolección de información, análisis descriptivo, validación y análisis de resultados.","Resultados esperados relacionados con mejora de procesos, evidencia y recomendaciones aplicadas.",educación financiera,FAC-003,PRG-008,GRP-011,2019,2020,educación financiera;análisis descriptivo,Financiera,PUBLIC_CALL,
PRJ-314,Comunicación organizacional mediante análisis descriptivo,INNOVATION,FORMULATION,"Se identifican limitaciones institucionales asociadas a comunicación organizacional, con información distribuida entre varias fuentes.","El proyecto analiza comunicación organizacional desde una perspectiva aplicada y contextual, empleando análisis descriptivo.",Evaluar alternativas para mejorar comunicación organizacional mediante evidencia institucional.,"Recolección de información, análisis descriptivo, validación y análisis de resultados.","Resultados esperados relacionados con mejora de procesos, evidencia y recomendaciones aplicadas.",comunicación organizacional,FAC-004,PRG-012,GRP-012,2020,2021,comunicación organizacional;análisis descriptivo,Ciencias de la Educación,EXTERNAL_PARTNER,
PRJ-315,Gestión de residuos mediante análisis descriptivo,APPLIED_RESEARCH,COMPLETED,"Se identifican limitaciones institucionales asociadas a gestión de residuos, con información distribuida entre varias fuentes.","El proyecto analiza gestión de residuos desde una perspectiva aplicada y contextual, empleando análisis descriptivo.",Evaluar alternativas para mejorar gestión de residuos mediante evidencia institucional.,"Recolección de información, análisis descriptivo, validación y análisis de resultados.","Resultados esperados relacionados con mejora de procesos, evidencia y recomendaciones aplicadas.",gestión de residuos,FAC-005,PRG-014,GRP-015,2021,2022,gestión de residuos;análisis descriptivo,Gestión Ambiental,INTERNAL,
PRJ-316,Materiales sostenibles mediante evaluación comparativa,RESEARCH,ACTIVE,"Se identifican limitaciones institucionales asociadas a materiales sostenibles, con información distribuida entre varias fuentes.","El proyecto analiza materiales sostenibles desde una perspectiva aplicada y contextual, empleando evaluación comparativa.",Evaluar alternativas para mejorar materiales sostenibles mediante evidencia institucional.,"Recolección de información, evaluación comparativa, validación y análisis de resultados.","Resultados esperados relacionados con mejora de procesos, evidencia y recomendaciones aplicadas.",materiales sostenibles,FAC-006,PRG-016,GRP-020,2022,2023,materiales sostenibles;evaluación comparativa,Matemáticas Aplicadas,INTERNAL,
PRJ-317,Simulación de sistemas físicos mediante diseño de prototipo,INSTITUTIONAL,ACTIVE,"Se identifican limitaciones institucionales asociadas a simulación de sistemas físicos, con información distribuida entre varias fuentes.","El proyecto analiza simulación de sistemas físicos desde una perspectiva aplicada y contextual, empleando diseño de prototipo.",Evaluar alternativas para mejorar simulación de sistemas físicos mediante evidencia institucional.,"Recolección de información, diseño de prototipo, validación y análisis de resultados.","Resultados esperados relacionados con mejora de procesos, evidencia y recomendaciones aplicadas.",simulación de sistemas físicos,FAC-001,PRG-001,GRP-004,2023,2024,simulación de sistemas físicos;diseño de prototipo,de Sistemas,PUBLIC_CALL,
PRJ-318,Optimización de horarios mediante estudio de caso,INNOVATION,COMPLETED,"Se identifican limitaciones institucionales asociadas a optimización de horarios, con información distribuida entre varias fuentes.","El proyecto analiza optimización de horarios desde una perspectiva aplicada y contextual, empleando estudio de caso.",Evaluar alternativas para mejorar optimización de horarios mediante evidencia institucional.,"Recolección de información, estudio de caso, validación y análisis de resultados.","Resultados esperados relacionados con mejora de procesos, evidencia y recomendaciones aplicadas.",,FAC-002,PRG-004,GRP-006,2024,2025,optimización de horarios;estudio de caso,Medicina,EXTERNAL_PARTNER,
PRJ-319,Visualización de indicadores mediante diseño de prototipo,APPLIED_RESEARCH,FORMULATION,"Se identifican limitaciones institucionales asociadas a visualización de indicadores, con información distribuida entre varias fuentes.","El proyecto analiza visualización de indicadores desde una perspectiva aplicada y contextual, empleando diseño de prototipo.",Evaluar alternativas para mejorar visualización de indicadores mediante evidencia institucional.,"Recolección de información, diseño de prototipo, validación y análisis de resultados.","Resultados esperados relacionados con mejora de procesos, evidencia y recomendaciones aplicadas.",visualización de indicadores,FAC-003,PRG-007,GRP-009,2025,2026,visualización de indicadores;diseño de prototipo,Administración de Empresas,INTERNAL,
PRJ-320,Evaluación de políticas públicas mediante evaluación comparativa,RESEARCH,COMPLETED,"Se identifican limitaciones institucionales asociadas a evaluación de políticas públicas, con información distribuida entre varias fuentes.","El proyecto analiza evaluación de políticas públicas desde una perspectiva aplicada y contextual, empleando evaluación comparativa.",Evaluar alternativas para mejorar evaluación de políticas públicas mediante evidencia institucional.,"Recolección de información, evaluación comparativa, validación y análisis de resultados.","Resultados esperados relacionados con mejora de procesos, evidencia y recomendaciones aplicadas.",evaluación de políticas públicas,FAC-004,PRG-012,GRP-012,2026,,evaluación de políticas públicas;evaluación comparativa,Ciencias de la Educación,INTERNAL,
