publication_id,title,abstract,year,publication_type,researchers,keywords,journal_or_event,related_project_id
PUB-001,Permanencia Estudiantil using clasificación supervisada: evidence from a Latin American university,"This publication reports an applied study on permanencia estudiantil using clasificación supervisada, emphasizing traceable evidence and contextual validation.",2019,ARTICLE,INV-101;INV-117,permanencia estudiantil;clasificación supervisada,Journal of Applied Nexus Studies,PRJ-001
PUB-002,Riesgo académico: evidencia aplicada mediante analítica educativa,"Publicación que reporta resultados aplicados sobre riesgo académico mediante analítica educativa, con énfasis en evidencia trazable y validación contextual.",2020,ARTICLE,INV-116;INV-101,riesgo académico;analítica educativa,Journal of Applied Nexus Studies,PRJ-002
PUB-003,Trayectorias educativas: evidencia aplicada mediante modelos longitudinales,"Publicación que reporta resultados aplicados sobre trayectorias educativas mediante modelos longitudinales, con énfasis en evidencia trazable y validación contextual.",2021,ARTICLE,INV-121;INV-106,trayectorias educativas;modelos longitudinales,Journal of Applied Nexus Studies,PRJ-003
PUB-004,Student Attrition using clasificación supervisada: evidence from a Latin American university,"This publication reports an applied study on student attrition using clasificación supervisada, emphasizing traceable evidence and contextual validation.",2022,ARTICLE,INV-122;INV-116,student attrition;clasificación supervisada,Journal of Applied Nexus Studies,PRJ-004
PUB-005,Acompañamiento temprano: evidencia aplicada mediante analítica educativa,"Publicación que reporta resultados aplicados sobre acompañamiento temprano mediante analítica educativa, con énfasis en evidencia trazable y validación contextual.",2023,ARTICLE,INV-115;INV-118,acompañamiento temprano;analítica educativa,Journal of Applied Nexus Studies,PRJ-005
PUB-006,Permanencia estudiantil: evidencia aplicada mediante modelos longitudinales,"Publicación que reporta resultados aplicados sobre permanencia estudiantil mediante modelos longitudinales, con énfasis en evidencia trazable y validación contextual.",2024,ARTICLE,INV-121;INV-124,permanencia estudiantil;modelos longitudinales,Journal of Applied Nexus Studies,PRJ-006
PUB-007,Riesgo Académico using clasificación supervisada: evidence from a Latin American university,"This publication reports an applied study on riesgo académico using clasificación supervisada, emphasizing traceable evidence and contextual validation.",2025,ARTICLE,INV-110;INV-116,riesgo académico;clasificación supervisada,Journal of Applied Nexus Studies,PRJ-007
PUB-008,Trayectorias educativas: evidencia aplicada mediante analítica educativa,"Publicación que reporta resultados aplicados sobre trayectorias educativas mediante analítica educativa, con énfasis en evidencia trazable y validación contextual.",2026,ARTICLE,INV-101;INV-126,trayectorias educativas;analítica educativa,Journal of Applied Nexus Studies,PRJ-008
PUB-009,Student attrition: evidencia aplicada mediante modelos longitudinales,"Publicación que reporta resultados aplicados sobre student attrition mediante modelos longitudinales, con énfasis en evidencia trazable y validación contextual.",2018,ARTICLE,INV-105;INV-127,student attrition;modelos longitudinales,Journal of Applied Nexus Studies,PRJ-001
PUB-010,Acompañamiento Temprano using clasificación supervisada: evidence from a Latin American university,"This publication reports an applied study on acompañamiento temprano using clasificación supervisada, emphasizing traceable evidence and contextual validation.",2019,ARTICLE,INV-101;INV-127,acompañamiento temprano;clasificación supervisada,Journal of Applied Nexus Studies,PRJ-002
PUB-011,Aprendizaje Adaptativo using sistemas recomendadores: evidence from a Latin American university,"This publication reports an applied study on aprendizaje adaptativo using sistemas recomendadores, emphasizing traceable evidence and contextual validation.",2020,ARTICLE,INV-102;INV-104,aprendizaje adaptativo;sistemas recomendadores,Journal of Applied Nexus Studies,PRJ-009
PUB-012,Personalización: evidencia aplicada mediante analítica educativa,"Publicación que reporta resultados aplicados sobre personalización mediante analítica educativa, con énfasis en evidencia trazable y validación contextual.",2021,ARTICLE,INV-108;INV-110,personalización;analítica educativa,Journal of Applied Nexus Studies,PRJ-010
PUB-013,Secuencias de aprendizaje: evidencia aplicada mediante modelamiento de usuarios,"Publicación que reporta resultados aplicados sobre secuencias de aprendizaje mediante modelamiento de usuarios, con énfasis en evidencia trazable y validación contextual.",2022,ARTICLE,INV-101;INV-121,secuencias de aprendizaje;modelamiento de usuarios,Journal of Applied Nexus Studies,PRJ-011
PUB-014,Learning Analytics using sistemas recomendadores: evidence from a Latin American university,"This publication reports an applied study on learning analytics using sistemas recomendadores, emphasizing traceable evidence and contextual validation.",2023,ARTICLE,INV-101;INV-126,learning analytics;sistemas recomendadores,Journal of Applied Nexus Studies,PRJ-012
PUB-015,Perfil del estudiante: evidencia aplicada mediante analítica educativa,"Publicación que reporta resultados aplicados sobre perfil del estudiante mediante analítica educativa, con énfasis en evidencia trazable y validación contextual.",2024,ARTICLE,INV-104;INV-106,perfil del estudiante;analítica educativa,Journal of Applied Nexus Studies,PRJ-013
PUB-016,Aprendizaje adaptativo: evidencia aplicada mediante modelamiento de usuarios,"Publicación que reporta resultados aplicados sobre aprendizaje adaptativo mediante modelamiento de usuarios, con énfasis en evidencia trazable y validación contextual.",2025,ARTICLE,INV-119;INV-126,aprendizaje adaptativo;modelamiento de usuarios,Journal of Applied Nexus Studies,PRJ-014
PUB-017,Personalización using sistemas recomendadores: evidence from a Latin American university,"This publication reports an applied study on personalización using sistemas recomendadores, emphasizing traceable evidence and contextual validation.",2026,ARTICLE,INV-110;INV-105,personalización;sistemas recomendadores,Journal of Applied Nexus Studies,PRJ-015
PUB-018,Secuencias de aprendizaje: evidencia aplicada mediante analítica educativa,"Publicación que reporta resultados aplicados sobre secuencias de aprendizaje mediante analítica educativa, con énfasis en evidencia trazable y validación contextual.",2018,ARTICLE,INV-108;INV-112,secuencias de aprendizaje;analítica educativa,Journal of Applied Nexus Studies,PRJ-016
PUB-019,Learning analytics: evidencia aplicada mediante modelamiento de usuarios,"Publicación que reporta resultados aplicados sobre learning analytics mediante modelamiento de usuarios, con énfasis en evidencia trazable y validación contextual.",2019,ARTICLE,INV-106;INV-110,learning analytics;modelamiento de usuarios,Journal of Applied Nexus Studies,PRJ-009
PUB-020,Perfil Del Estudiante using sistemas recomendadores: evidence from a Latin American university,"This publication reports an applied study on perfil del estudiante using sistemas recomendadores, emphasizing traceable evidence and contextual validation.",2020,ARTICLE,INV-123;INV-106,perfil del estudiante;sistemas recomendadores,Journal of Applied Nexus Studies,PRJ-010
PUB-021,Competencias using procesamiento de lenguaje natural: evidence from a Latin American university,"This publication reports an applied study on competencias using procesamiento de lenguaje natural, emphasizing traceable evidence and contextual validation.",2021,ARTICLE,INV-120;INV-105,competencias;procesamiento de lenguaje natural,Journal of Applied Nexus Studies,PRJ-017
PUB-022,Evidencias de aprendizaje: evidencia aplicada mediante clasificación de textos,"Publicación que reporta resultados aplicados sobre evidencias de aprendizaje mediante clasificación de textos, con énfasis en evidencia trazable y validación contextual.",2022,ARTICLE,INV-100;INV-105,evidencias de aprendizaje;clasificación de textos,Journal of Applied Nexus Studies,PRJ-018
PUB-023,Evaluación formativa: evidencia aplicada mediante analítica curricular,"Publicación que reporta resultados aplicados sobre evaluación formativa mediante analítica curricular, con énfasis en evidencia trazable y validación contextual.",2023,ARTICLE,INV-123;INV-119,evaluación formativa;analítica curricular,Journal of Applied Nexus Studies,PRJ-019
PUB-024,Rubric Analysis using procesamiento de lenguaje natural: evidence from a Latin American university,"This publication reports an applied study on rubric analysis using procesamiento de lenguaje natural, emphasizing traceable evidence and contextual validation.",2024,ARTICLE,INV-100;INV-101,rubric analysis;procesamiento de lenguaje natural,Journal of Applied Nexus Studies,PRJ-020
PUB-025,Resultados de aprendizaje: evidencia aplicada mediante clasificación de textos,"Publicación que reporta resultados aplicados sobre resultados de aprendizaje mediante clasificación de textos, con énfasis en evidencia trazable y validación contextual.",2025,ARTICLE,INV-117;INV-101,resultados de aprendizaje;clasificación de textos,Journal of Applied Nexus Studies,PRJ-021
PUB-026,Competencias: evidencia aplicada mediante analítica curricular,"Publicación que reporta resultados aplicados sobre competencias mediante analítica curricular, con énfasis en evidencia trazable y validación contextual.",2026,ARTICLE,INV-125;INV-121,competencias;analítica curricular,Journal of Applied Nexus Studies,PRJ-022
PUB-027,Evidencias De Aprendizaje using procesamiento de lenguaje natural: evidence from a Latin American university,"This publication reports an applied study on evidencias de aprendizaje using procesamiento de lenguaje natural, emphasizing traceable evidence and contextual validation.",2018,ARTICLE,INV-109;INV-122,evidencias de aprendizaje;procesamiento de lenguaje natural,Journal of Applied Nexus Studies,PRJ-023
PUB-028,Evaluación formativa: evidencia aplicada mediante clasificación de textos,"Publicación que reporta resultados aplicados sobre evaluación formativa mediante clasificación de textos, con énfasis en evidencia trazable y validación contextual.",2019,ARTICLE,INV-120;INV-117,evaluación formativa;clasificación de textos,Journal of Applied Nexus Studies,PRJ-024
PUB-029,Rubric analysis: evidencia aplicada mediante analítica curricular,"Publicación que reporta resultados aplicados sobre rubric analysis mediante analítica curricular, con énfasis en evidencia trazable y validación contextual.",2020,ARTICLE,INV-107;INV-100,rubric analysis;analítica curricular,Journal of Applied Nexus Studies,PRJ-017
PUB-030,Resultados De Aprendizaje using procesamiento de lenguaje natural: evidence from a Latin American university,"This publication reports an applied study on resultados de aprendizaje using procesamiento de lenguaje natural, emphasizing traceable evidence and contextual validation.",2021,ARTICLE,INV-113;INV-117,resultados de aprendizaje;procesamiento de lenguaje natural,Journal of Applied Nexus Studies,PRJ-018
PUB-031,Antecedentes Investigativos using recuperación de información: evidence from a Latin American university,"This publication reports an applied study on antecedentes investigativos using recuperación de información, emphasizing traceable evidence and contextual validation.",2022,ARTICLE,INV-163;INV-177,antecedentes investigativos;recuperación de información,Journal of Applied Nexus Studies,PRJ-025
PUB-032,Similitud conceptual: evidencia aplicada mediante NLP,"Publicación que reporta resultados aplicados sobre similitud conceptual mediante NLP, con énfasis en evidencia trazable y validación contextual.",2023,ARTICLE,INV-160;INV-161,similitud conceptual;NLP,Journal of Applied Nexus Studies,PRJ-026
PUB-033,Trabajos de grado: evidencia aplicada mediante representaciones semánticas,"Publicación que reporta resultados aplicados sobre trabajos de grado mediante representaciones semánticas, con énfasis en evidencia trazable y validación contextual.",2024,ARTICLE,INV-179;INV-175,trabajos de grado;representaciones semánticas,Journal of Applied Nexus Studies,PRJ-027
PUB-034,Research Similarity using recuperación de información: evidence from a Latin American university,"This publication reports an applied study on research similarity using recuperación de información, emphasizing traceable evidence and contextual validation.",2025,ARTICLE,INV-168;INV-155,research similarity;recuperación de información,Journal of Applied Nexus Studies,PRJ-028
PUB-035,Recuperación semántica: evidencia aplicada mediante NLP,"Publicación que reporta resultados aplicados sobre recuperación semántica mediante NLP, con énfasis en evidencia trazable y validación contextual.",2026,ARTICLE,INV-173;INV-178,recuperación semántica;NLP,Journal of Applied Nexus Studies,PRJ-029
PUB-036,Antecedentes investigativos: evidencia aplicada mediante representaciones semánticas,"Publicación que reporta resultados aplicados sobre antecedentes investigativos mediante representaciones semánticas, con énfasis en evidencia trazable y validación contextual.",2018,ARTICLE,INV-156;INV-177,antecedentes investigativos;representaciones semánticas,Journal of Applied Nexus Studies,PRJ-030
PUB-037,Similitud Conceptual using recuperación de información: evidence from a Latin American university,"This publication reports an applied study on similitud conceptual using recuperación de información, emphasizing traceable evidence and contextual validation.",2019,ARTICLE,INV-174;INV-179,,Journal of Applied Nexus Studies,PRJ-031
PUB-038,Trabajos de grado: evidencia aplicada mediante NLP,"Publicación que reporta resultados aplicados sobre trabajos de grado mediante NLP, con énfasis en evidencia trazable y validación contextual.",2020,ARTICLE,INV-164;INV-160,trabajos de grado;NLP,Journal of Applied Nexus Studies,PRJ-032
PUB-039,Research similarity: evidencia aplicada mediante representaciones semánticas,"Publicación que reporta resultados aplicados sobre research similarity mediante representaciones semánticas, con énfasis en evidencia trazable y validación contextual.",2021,ARTICLE,INV-168;INV-172,research similarity;representaciones semánticas,Journal of Applied Nexus Studies,PRJ-025
PUB-040,Recuperación Semántica using recuperación de información: evidence from a Latin American university,"This publication reports an applied study on recuperación semántica using recuperación de información, emphasizing traceable evidence and contextual validation.",2022,ARTICLE,INV-176;INV-159,recuperación semántica;recuperación de información,Journal of Applied Nexus Studies,PRJ-026
PUB-041,Monitoreo Cardiovascular using procesamiento de señales: evidence from a Latin American university,"This publication reports an applied study on monitoreo cardiovascular using procesamiento de señales, emphasizing traceable evidence and contextual validation.",2023,ARTICLE,INV-056;INV-052,monitoreo cardiovascular;procesamiento de señales,Journal of Applied Nexus Studies,PRJ-033
PUB-042,Ecg: evidencia aplicada mediante IoT,"Publicación que reporta resultados aplicados sobre ECG mediante IoT, con énfasis en evidencia trazable y validación contextual.",2024,ARTICLE,INV-058;INV-046,ECG;IoT,Journal of Applied Nexus Studies,PRJ-034
PUB-043,Wearables: evidencia aplicada mediante clasificación,"Publicación que reporta resultados aplicados sobre wearables mediante clasificación, con énfasis en evidencia trazable y validación contextual.",2025,ARTICLE,INV-058;INV-049,wearables;clasificación,Journal of Applied Nexus Studies,PRJ-035
PUB-044,Telemonitoring using procesamiento de señales: evidence from a Latin American university,"This publication reports an applied study on telemonitoring using procesamiento de señales, emphasizing traceable evidence and contextual validation.",2026,ARTICLE,INV-062;INV-063,telemonitoring;procesamiento de señales,Journal of Applied Nexus Studies,PRJ-036
PUB-045,Señales fisiológicas: evidencia aplicada mediante IoT,"Publicación que reporta resultados aplicados sobre señales fisiológicas mediante IoT, con énfasis en evidencia trazable y validación contextual.",2018,ARTICLE,INV-043;INV-057,señales fisiológicas;IoT,Journal of Applied Nexus Studies,PRJ-037
PUB-046,Monitoreo cardiovascular: evidencia aplicada mediante clasificación,"Publicación que reporta resultados aplicados sobre monitoreo cardiovascular mediante clasificación, con énfasis en evidencia trazable y validación contextual.",2019,ARTICLE,INV-072;INV-046,monitoreo cardiovascular;clasificación,Journal of Applied Nexus Studies,PRJ-038
PUB-047,Ecg using procesamiento de señales: evidence from a Latin American university,"This publication reports an applied study on ECG using procesamiento de señales, emphasizing traceable evidence and contextual validation.",2020,ARTICLE,INV-071;INV-052,ECG;procesamiento de señales,Journal of Applied Nexus Studies,PRJ-039
PUB-048,Wearables: evidencia aplicada mediante IoT,"Publicación que reporta resultados aplicados sobre wearables mediante IoT, con énfasis en evidencia trazable y validación contextual.",2021,ARTICLE,INV-051;INV-065,wearables;IoT,Journal of Applied Nexus Studies,PRJ-040
PUB-049,Telemonitoring: evidencia aplicada mediante clasificación,"Publicación que reporta resultados aplicados sobre telemonitoring mediante clasificación, con énfasis en evidencia trazable y validación contextual.",2022,ARTICLE,INV-060;INV-073,telemonitoring;clasificación,Journal of Applied Nexus Studies,PRJ-033
PUB-050,Señales Fisiológicas using procesamiento de señales: evidence from a Latin American university,"This publication reports an applied study on señales fisiológicas using procesamiento de señales, emphasizing traceable evidence and contextual validation.",2023,ARTICLE,INV-053;INV-072,señales fisiológicas;procesamiento de señales,Journal of Applied Nexus Studies,PRJ-034
PUB-051,Epidemiología using series temporales: evidence from a Latin American university,"This publication reports an applied study on epidemiología using series temporales, emphasizing traceable evidence and contextual validation.",2024,ARTICLE,INV-053;INV-045,epidemiología;series temporales,Journal of Applied Nexus Studies,PRJ-041
PUB-052,Enfermedades respiratorias: evidencia aplicada mediante modelos dinámicos,"Publicación que reporta resultados aplicados sobre enfermedades respiratorias mediante modelos dinámicos, con énfasis en evidencia trazable y validación contextual.",2025,ARTICLE,INV-059;INV-073,enfermedades respiratorias;modelos dinámicos,Journal of Applied Nexus Studies,PRJ-042
PUB-053,Vigilancia poblacional: evidencia aplicada mediante modelamiento probabilístico,"Publicación que reporta resultados aplicados sobre vigilancia poblacional mediante modelamiento probabilístico, con énfasis en evidencia trazable y validación contextual.",2026,ARTICLE,INV-044;INV-066,vigilancia poblacional;modelamiento probabilístico,Journal of Applied Nexus Studies,PRJ-043
PUB-054,Outbreak Forecasting using series temporales: evidence from a Latin American university,"This publication reports an applied study on outbreak forecasting using series temporales, emphasizing traceable evidence and contextual validation.",2018,ARTICLE,INV-072;INV-062,outbreak forecasting;series temporales,Journal of Applied Nexus Studies,PRJ-044
PUB-055,Riesgo sanitario: evidencia aplicada mediante modelos dinámicos,"Publicación que reporta resultados aplicados sobre riesgo sanitario mediante modelos dinámicos, con énfasis en evidencia trazable y validación contextual.",2019,ARTICLE,INV-043;INV-055,riesgo sanitario;modelos dinámicos,Journal of Applied Nexus Studies,PRJ-045
PUB-056,Epidemiología: evidencia aplicada mediante modelamiento probabilístico,"Publicación que reporta resultados aplicados sobre epidemiología mediante modelamiento probabilístico, con énfasis en evidencia trazable y validación contextual.",2020,ARTICLE,INV-051;INV-045,epidemiología;modelamiento probabilístico,Journal of Applied Nexus Studies,PRJ-046
PUB-057,Enfermedades Respiratorias using series temporales: evidence from a Latin American university,"This publication reports an applied study on enfermedades respiratorias using series temporales, emphasizing traceable evidence and contextual validation.",2021,ARTICLE,INV-068;INV-058,enfermedades respiratorias;series temporales,Journal of Applied Nexus Studies,PRJ-047
PUB-058,Vigilancia poblacional: evidencia aplicada mediante modelos dinámicos,"Publicación que reporta resultados aplicados sobre vigilancia poblacional mediante modelos dinámicos, con énfasis en evidencia trazable y validación contextual.",2022,ARTICLE,INV-055;INV-046,vigilancia poblacional;modelos dinámicos,Journal of Applied Nexus Studies,PRJ-048
PUB-059,Outbreak forecasting: evidencia aplicada mediante modelamiento probabilístico,"Publicación que reporta resultados aplicados sobre outbreak forecasting mediante modelamiento probabilístico, con énfasis en evidencia trazable y validación contextual.",2023,ARTICLE,INV-062;INV-055,outbreak forecasting;modelamiento probabilístico,Journal of Applied Nexus Studies,PRJ-041
PUB-060,Riesgo Sanitario using series temporales: evidence from a Latin American university,"This publication reports an applied study on riesgo sanitario using series temporales, emphasizing traceable evidence and contextual validation.",2024,ARTICLE,INV-063;INV-054,riesgo sanitario;series temporales,Journal of Applied Nexus Studies,PRJ-042
PUB-061,Historias Clínicas using ciberseguridad: evidence from a Latin American university,"This publication reports an applied study on historias clínicas using ciberseguridad, emphasizing traceable evidence and contextual validation.",2025,ARTICLE,INV-048;INV-058,historias clínicas;ciberseguridad,Journal of Applied Nexus Studies,PRJ-049
PUB-062,Privacidad: evidencia aplicada mediante arquitecturas de software,"Publicación que reporta resultados aplicados sobre privacidad mediante arquitecturas de software, con énfasis en evidencia trazable y validación contextual.",2026,ARTICLE,INV-055;INV-058,privacidad;arquitecturas de software,Journal of Applied Nexus Studies,PRJ-050
PUB-063,Interoperabilidad: evidencia aplicada mediante gestión de identidades,"Publicación que reporta resultados aplicados sobre interoperabilidad mediante gestión de identidades, con énfasis en evidencia trazable y validación contextual.",2018,ARTICLE,INV-044;INV-072,interoperabilidad;gestión de identidades,Journal of Applied Nexus Studies,PRJ-051
PUB-064,Clinical Data Security using ciberseguridad: evidence from a Latin American university,"This publication reports an applied study on clinical data security using ciberseguridad, emphasizing traceable evidence and contextual validation.",2019,ARTICLE,INV-053;INV-063,clinical data security;ciberseguridad,Journal of Applied Nexus Studies,PRJ-052
PUB-065,Control de acceso: evidencia aplicada mediante arquitecturas de software,"Publicación que reporta resultados aplicados sobre control de acceso mediante arquitecturas de software, con énfasis en evidencia trazable y validación contextual.",2020,ARTICLE,INV-069;INV-061,control de acceso;arquitecturas de software,Journal of Applied Nexus Studies,PRJ-053
PUB-066,Historias clínicas: evidencia aplicada mediante gestión de identidades,"Publicación que reporta resultados aplicados sobre historias clínicas mediante gestión de identidades, con énfasis en evidencia trazable y validación contextual.",2021,ARTICLE,INV-071;INV-047,historias clínicas;gestión de identidades,Journal of Applied Nexus Studies,PRJ-054
PUB-067,Privacidad using ciberseguridad: evidence from a Latin American university,"This publication reports an applied study on privacidad using ciberseguridad, emphasizing traceable evidence and contextual validation.",2022,ARTICLE,INV-049;INV-065,privacidad;ciberseguridad,Journal of Applied Nexus Studies,PRJ-055
PUB-068,Interoperabilidad: evidencia aplicada mediante arquitecturas de software,"Publicación que reporta resultados aplicados sobre interoperabilidad mediante arquitecturas de software, con énfasis en evidencia trazable y validación contextual.",2023,ARTICLE,INV-047;INV-062,interoperabilidad;arquitecturas de software,Journal of Applied Nexus Studies,PRJ-056
PUB-069,Clinical data security: evidencia aplicada mediante gestión de identidades,"Publicación que reporta resultados aplicados sobre clinical data security mediante gestión de identidades, con énfasis en evidencia trazable y validación contextual.",2024,ARTICLE,INV-071;INV-051,clinical data security;gestión de identidades,Journal of Applied Nexus Studies,PRJ-049
PUB-070,Control De Acceso using ciberseguridad: evidence from a Latin American university,"This publication reports an applied study on control de acceso using ciberseguridad, emphasizing traceable evidence and contextual validation.",2025,ARTICLE,INV-053;INV-044,control de acceso;ciberseguridad,Journal of Applied Nexus Studies,PRJ-050
PUB-071,Exposición Ocupacional using IoT: evidence from a Latin American university,"This publication reports an applied study on exposición ocupacional using IoT, emphasizing traceable evidence and contextual validation.",2026,ARTICLE,INV-070;INV-054,exposición ocupacional;IoT,Journal of Applied Nexus Studies,PRJ-057
PUB-072,Riesgo térmico: evidencia aplicada mediante analítica de riesgo,"Publicación que reporta resultados aplicados sobre riesgo térmico mediante analítica de riesgo, con énfasis en evidencia trazable y validación contextual.",2018,ARTICLE,INV-071;INV-070,riesgo térmico;analítica de riesgo,Journal of Applied Nexus Studies,PRJ-058
PUB-073,Ergonomía: evidencia aplicada mediante procesamiento de señales,"Publicación que reporta resultados aplicados sobre ergonomía mediante procesamiento de señales, con énfasis en evidencia trazable y validación contextual.",2019,ARTICLE,INV-045;INV-044,ergonomía;procesamiento de señales,Journal of Applied Nexus Studies,PRJ-059
PUB-074,Worker Safety using IoT: evidence from a Latin American university,"This publication reports an applied study on worker safety using IoT, emphasizing traceable evidence and contextual validation.",2020,ARTICLE,INV-056;INV-044,,Journal of Applied Nexus Studies,PRJ-060
PUB-075,Monitoreo ambiental laboral: evidencia aplicada mediante analítica de riesgo,"Publicación que reporta resultados aplicados sobre monitoreo ambiental laboral mediante analítica de riesgo, con énfasis en evidencia trazable y validación contextual.",2021,ARTICLE,INV-060;INV-047,monitoreo ambiental laboral;analítica de riesgo,Journal of Applied Nexus Studies,PRJ-061
PUB-076,Exposición ocupacional: evidencia aplicada mediante procesamiento de señales,"Publicación que reporta resultados aplicados sobre exposición ocupacional mediante procesamiento de señales, con énfasis en evidencia trazable y validación contextual.",2022,ARTICLE,INV-058;INV-060,exposición ocupacional;procesamiento de señales,Journal of Applied Nexus Studies,PRJ-062
PUB-077,Riesgo Térmico using IoT: evidence from a Latin American university,"This publication reports an applied study on riesgo térmico using IoT, emphasizing traceable evidence and contextual validation.",2023,ARTICLE,INV-051;INV-073,riesgo térmico;IoT,Journal of Applied Nexus Studies,PRJ-063
PUB-078,Ergonomía: evidencia aplicada mediante analítica de riesgo,"Publicación que reporta resultados aplicados sobre ergonomía mediante analítica de riesgo, con énfasis en evidencia trazable y validación contextual.",2024,ARTICLE,INV-066;INV-057,ergonomía;analítica de riesgo,Journal of Applied Nexus Studies,PRJ-064
PUB-079,Worker safety: evidencia aplicada mediante procesamiento de señales,"Publicación que reporta resultados aplicados sobre worker safety mediante procesamiento de señales, con énfasis en evidencia trazable y validación contextual.",2025,ARTICLE,INV-062;INV-052,worker safety;procesamiento de señales,Journal of Applied Nexus Studies,PRJ-057
PUB-080,Monitoreo Ambiental Laboral using IoT: evidence from a Latin American university,"This publication reports an applied study on monitoreo ambiental laboral using IoT, emphasizing traceable evidence and contextual validation.",2026,ARTICLE,INV-051;INV-062,monitoreo ambiental laboral;IoT,Journal of Applied Nexus Studies,PRJ-058
PUB-081,Calidad Del Agua using IoT: evidence from a Latin American university,"This publication reports an applied study on calidad del agua using IoT, emphasizing traceable evidence and contextual validation.",2018,ARTICLE,INV-128;INV-139,calidad del agua;IoT,Journal of Applied Nexus Studies,PRJ-065
PUB-082,Variables fisicoquímicas: evidencia aplicada mediante detección de anomalías,"Publicación que reporta resultados aplicados sobre variables fisicoquímicas mediante detección de anomalías, con énfasis en evidencia trazable y validación contextual.",2019,ARTICLE,INV-137;INV-135,variables fisicoquímicas;detección de anomalías,Journal of Applied Nexus Studies,PRJ-066
PUB-083,Cuencas: evidencia aplicada mediante series temporales,"Publicación que reporta resultados aplicados sobre cuencas mediante series temporales, con énfasis en evidencia trazable y validación contextual.",2020,ARTICLE,INV-137;INV-134,cuencas;series temporales,Journal of Applied Nexus Studies,PRJ-067
PUB-084,Water Monitoring using IoT: evidence from a Latin American university,"This publication reports an applied study on water monitoring using IoT, emphasizing traceable evidence and contextual validation.",2021,ARTICLE,INV-153;INV-147,water monitoring;IoT,Journal of Applied Nexus Studies,PRJ-068
PUB-085,Contaminación hídrica: evidencia aplicada mediante detección de anomalías,"Publicación que reporta resultados aplicados sobre contaminación hídrica mediante detección de anomalías, con énfasis en evidencia trazable y validación contextual.",2022,ARTICLE,INV-143;INV-137,contaminación hídrica;detección de anomalías,Journal of Applied Nexus Studies,PRJ-069
PUB-086,Calidad del agua: evidencia aplicada mediante series temporales,"Publicación que reporta resultados aplicados sobre calidad del agua mediante series temporales, con énfasis en evidencia trazable y validación contextual.",2023,ARTICLE,INV-150;INV-135,calidad del agua;series temporales,Journal of Applied Nexus Studies,PRJ-070
PUB-087,Variables Fisicoquímicas using IoT: evidence from a Latin American university,"This publication reports an applied study on variables fisicoquímicas using IoT, emphasizing traceable evidence and contextual validation.",2024,ARTICLE,INV-137;INV-141,variables fisicoquímicas;IoT,Journal of Applied Nexus Studies,PRJ-071
PUB-088,Cuencas: evidencia aplicada mediante detección de anomalías,"Publicación que reporta resultados aplicados sobre cuencas mediante detección de anomalías, con énfasis en evidencia trazable y validación contextual.",2025,ARTICLE,INV-153;INV-140,cuencas;detección de anomalías,Journal of Applied Nexus Studies,PRJ-072
PUB-089,Water monitoring: evidencia aplicada mediante series temporales,"Publicación que reporta resultados aplicados sobre water monitoring mediante series temporales, con énfasis en evidencia trazable y validación contextual.",2026,ARTICLE,INV-141;INV-129,water monitoring;series temporales,Journal of Applied Nexus Studies,PRJ-065
PUB-090,Contaminación Hídrica using IoT: evidence from a Latin American university,"This publication reports an applied study on contaminación hídrica using IoT, emphasizing traceable evidence and contextual validation.",2018,ARTICLE,INV-134;INV-135,contaminación hídrica;IoT,Journal of Applied Nexus Studies,PRJ-066
PUB-091,Riesgo Climático using modelamiento ambiental: evidence from a Latin American university,"This publication reports an applied study on riesgo climático using modelamiento ambiental, emphasizing traceable evidence and contextual validation.",2019,ARTICLE,INV-142;INV-144,riesgo climático;modelamiento ambiental,Journal of Applied Nexus Studies,PRJ-073
PUB-092,Eventos extremos: evidencia aplicada mediante series temporales,"Publicación que reporta resultados aplicados sobre eventos extremos mediante series temporales, con énfasis en evidencia trazable y validación contextual.",2020,ARTICLE,INV-131;INV-137,eventos extremos;series temporales,Journal of Applied Nexus Studies,PRJ-074
PUB-093,Territorio: evidencia aplicada mediante análisis espacial,"Publicación que reporta resultados aplicados sobre territorio mediante análisis espacial, con énfasis en evidencia trazable y validación contextual.",2021,ARTICLE,INV-128;INV-142,territorio;análisis espacial,Journal of Applied Nexus Studies,PRJ-075
PUB-094,Climate Resilience using modelamiento ambiental: evidence from a Latin American university,"This publication reports an applied study on climate resilience using modelamiento ambiental, emphasizing traceable evidence and contextual validation.",2022,ARTICLE,INV-153;INV-134,climate resilience;modelamiento ambiental,Journal of Applied Nexus Studies,PRJ-076
PUB-095,Vulnerabilidad: evidencia aplicada mediante series temporales,"Publicación que reporta resultados aplicados sobre vulnerabilidad mediante series temporales, con énfasis en evidencia trazable y validación contextual.",2023,ARTICLE,INV-135;INV-154,vulnerabilidad;series temporales,Journal of Applied Nexus Studies,PRJ-077
PUB-096,Riesgo climático: evidencia aplicada mediante análisis espacial,"Publicación que reporta resultados aplicados sobre riesgo climático mediante análisis espacial, con énfasis en evidencia trazable y validación contextual.",2024,ARTICLE,INV-130;INV-149,riesgo climático;análisis espacial,Journal of Applied Nexus Studies,PRJ-078
PUB-097,Eventos Extremos using modelamiento ambiental: evidence from a Latin American university,"This publication reports an applied study on eventos extremos using modelamiento ambiental, emphasizing traceable evidence and contextual validation.",2025,ARTICLE,INV-139;INV-149,eventos extremos;modelamiento ambiental,Journal of Applied Nexus Studies,PRJ-079
PUB-098,Territorio: evidencia aplicada mediante series temporales,"Publicación que reporta resultados aplicados sobre territorio mediante series temporales, con énfasis en evidencia trazable y validación contextual.",2026,ARTICLE,INV-139;INV-149,territorio;series temporales,Journal of Applied Nexus Studies,PRJ-080
PUB-099,Climate resilience: evidencia aplicada mediante análisis espacial,"Publicación que reporta resultados aplicados sobre climate resilience mediante análisis espacial, con énfasis en evidencia trazable y validación contextual.",2018,ARTICLE,INV-141;INV-143,climate resilience;análisis espacial,Journal of Applied Nexus Studies,PRJ-073
PUB-100,Vulnerabilidad using modelamiento ambiental: evidence from a Latin American university,"This publication reports an applied study on vulnerabilidad using modelamiento ambiental, emphasizing traceable evidence and contextual validation.",2019,ARTICLE,INV-152;INV-136,vulnerabilidad;modelamiento ambiental,Journal of Applied Nexus Studies,PRJ-074
PUB-101,Monitoreo Estructural using sensores: evidence from a Latin American university,"This publication reports an applied study on monitoreo estructural using sensores, emphasizing traceable evidence and contextual validation.",2020,ARTICLE,INV-149;INV-133,monitoreo estructural;sensores,Journal of Applied Nexus Studies,PRJ-081
PUB-102,Infraestructura urbana: evidencia aplicada mediante procesamiento de señales,"Publicación que reporta resultados aplicados sobre infraestructura urbana mediante procesamiento de señales, con énfasis en evidencia trazable y validación contextual.",2021,ARTICLE,INV-132;INV-146,infraestructura urbana;procesamiento de señales,Journal of Applied Nexus Studies,PRJ-082
PUB-103,Vibraciones: evidencia aplicada mediante detección de anomalías,"Publicación que reporta resultados aplicados sobre vibraciones mediante detección de anomalías, con énfasis en evidencia trazable y validación contextual.",2022,ARTICLE,INV-146;INV-147,vibraciones;detección de anomalías,Journal of Applied Nexus Studies,PRJ-083
PUB-104,Smart Infrastructure using sensores: evidence from a Latin American university,"This publication reports an applied study on smart infrastructure using sensores, emphasizing traceable evidence and contextual validation.",2023,ARTICLE,INV-145;INV-148,smart infrastructure;sensores,Journal of Applied Nexus Studies,PRJ-084
PUB-105,Deterioro: evidencia aplicada mediante procesamiento de señales,"Publicación que reporta resultados aplicados sobre deterioro mediante procesamiento de señales, con énfasis en evidencia trazable y validación contextual.",2024,ARTICLE,INV-130;INV-145,deterioro;procesamiento de señales,Journal of Applied Nexus Studies,PRJ-085
PUB-106,Monitoreo estructural: evidencia aplicada mediante detección de anomalías,"Publicación que reporta resultados aplicados sobre monitoreo estructural mediante detección de anomalías, con énfasis en evidencia trazable y validación contextual.",2025,ARTICLE,INV-141;INV-146,monitoreo estructural;detección de anomalías,Journal of Applied Nexus Studies,PRJ-086
PUB-107,Infraestructura Urbana using sensores: evidence from a Latin American university,"This publication reports an applied study on infraestructura urbana using sensores, emphasizing traceable evidence and contextual validation.",2026,ARTICLE,INV-132;INV-148,infraestructura urbana;sensores,Journal of Applied Nexus Studies,PRJ-087
PUB-108,Vibraciones: evidencia aplicada mediante procesamiento de señales,"Publicación que reporta resultados aplicados sobre vibraciones mediante procesamiento de señales, con énfasis en evidencia trazable y validación contextual.",2018,ARTICLE,INV-144;INV-136,vibraciones;procesamiento de señales,Journal of Applied Nexus Studies,PRJ-088
PUB-109,Smart infrastructure: evidencia aplicada mediante detección de anomalías,"Publicación que reporta resultados aplicados sobre smart infrastructure mediante detección de anomalías, con énfasis en evidencia trazable y validación contextual.",2019,ARTICLE,INV-144;INV-134,smart infrastructure;detección de anomalías,Journal of Applied Nexus Studies,PRJ-081
PUB-110,Deterioro using sensores: evidence from a Latin American university,"This publication reports an applied study on deterioro using sensores, emphasizing traceable evidence and contextual validation.",2020,ARTICLE,INV-148;INV-136,deterioro;sensores,Journal of Applied Nexus Studies,PRJ-082
PUB-111,Consumo Energético using series temporales: evidence from a Latin American university,"This publication reports an applied study on consumo energético using series temporales, emphasizing traceable evidence and contextual validation.",2021,ARTICLE,INV-180;INV-157,,Journal of Applied Nexus Studies,PRJ-089
PUB-112,Eficiencia energética: evidencia aplicada mediante optimización,"Publicación que reporta resultados aplicados sobre eficiencia energética mediante optimización, con énfasis en evidencia trazable y validación contextual.",2022,ARTICLE,INV-180;INV-173,eficiencia energética;optimización,Journal of Applied Nexus Studies,PRJ-090
PUB-113,Edificios: evidencia aplicada mediante IoT,"Publicación que reporta resultados aplicados sobre edificios mediante IoT, con énfasis en evidencia trazable y validación contextual.",2023,ARTICLE,INV-180;INV-167,edificios;IoT,Journal of Applied Nexus Studies,PRJ-091
PUB-114,Energy Optimization using series temporales: evidence from a Latin American university,"This publication reports an applied study on energy optimization using series temporales, emphasizing traceable evidence and contextual validation.",2024,ARTICLE,INV-167;INV-156,energy optimization;series temporales,Journal of Applied Nexus Studies,PRJ-092
PUB-115,Demanda: evidencia aplicada mediante optimización,"Publicación que reporta resultados aplicados sobre demanda mediante optimización, con énfasis en evidencia trazable y validación contextual.",2025,ARTICLE,INV-166;INV-179,demanda;optimización,Journal of Applied Nexus Studies,PRJ-093
PUB-116,Consumo energético: evidencia aplicada mediante IoT,"Publicación que reporta resultados aplicados sobre consumo energético mediante IoT, con énfasis en evidencia trazable y validación contextual.",2026,ARTICLE,INV-177;INV-157,consumo energético;IoT,Journal of Applied Nexus Studies,PRJ-094
PUB-117,Eficiencia Energética using series temporales: evidence from a Latin American university,"This publication reports an applied study on eficiencia energética using series temporales, emphasizing traceable evidence and contextual validation.",2018,ARTICLE,INV-166;INV-172,eficiencia energética;series temporales,Journal of Applied Nexus Studies,PRJ-095
PUB-118,Edificios: evidencia aplicada mediante optimización,"Publicación que reporta resultados aplicados sobre edificios mediante optimización, con énfasis en evidencia trazable y validación contextual.",2019,ARTICLE,INV-169;INV-170,edificios;optimización,Journal of Applied Nexus Studies,PRJ-096
PUB-119,Energy optimization: evidencia aplicada mediante IoT,"Publicación que reporta resultados aplicados sobre energy optimization mediante IoT, con énfasis en evidencia trazable y validación contextual.",2020,ARTICLE,INV-156;INV-166,energy optimization;IoT,Journal of Applied Nexus Studies,PRJ-089
PUB-120,Demanda using series temporales: evidence from a Latin American university,"This publication reports an applied study on demanda using series temporales, emphasizing traceable evidence and contextual validation.",2021,ARTICLE,INV-167;INV-174,demanda;series temporales,Journal of Applied Nexus Studies,PRJ-090
PUB-121,Fraude Financiero using detección de anomalías: evidence from a Latin American university,"This publication reports an applied study on fraude financiero using detección de anomalías, emphasizing traceable evidence and contextual validation.",2022,ARTICLE,INV-095;INV-097,fraude financiero;detección de anomalías,Journal of Applied Nexus Studies,PRJ-097
PUB-122,Transacciones atípicas: evidencia aplicada mediante aprendizaje automático,"Publicación que reporta resultados aplicados sobre transacciones atípicas mediante aprendizaje automático, con énfasis en evidencia trazable y validación contextual.",2023,ARTICLE,INV-088;INV-086,transacciones atípicas;aprendizaje automático,Journal of Applied Nexus Studies,PRJ-098
PUB-123,Financial anomaly: evidencia aplicada mediante series temporales,"Publicación que reporta resultados aplicados sobre financial anomaly mediante series temporales, con énfasis en evidencia trazable y validación contextual.",2024,ARTICLE,INV-092;INV-084,financial anomaly;series temporales,Journal of Applied Nexus Studies,PRJ-099
PUB-124,Operaciones Sospechosas using detección de anomalías: evidence from a Latin American university,"This publication reports an applied study on operaciones sospechosas using detección de anomalías, emphasizing traceable evidence and contextual validation.",2025,ARTICLE,INV-084;INV-080,operaciones sospechosas;detección de anomalías,Journal of Applied Nexus Studies,PRJ-100
PUB-125,Riesgo: evidencia aplicada mediante aprendizaje automático,"Publicación que reporta resultados aplicados sobre riesgo mediante aprendizaje automático, con énfasis en evidencia trazable y validación contextual.",2026,ARTICLE,INV-083;INV-080,riesgo;aprendizaje automático,Journal of Applied Nexus Studies,PRJ-101
PUB-126,Fraude financiero: evidencia aplicada mediante series temporales,"Publicación que reporta resultados aplicados sobre fraude financiero mediante series temporales, con énfasis en evidencia trazable y validación contextual.",2018,ARTICLE,INV-090;INV-098,fraude financiero;series temporales,Journal of Applied Nexus Studies,PRJ-102
PUB-127,Transacciones Atípicas using detección de anomalías: evidence from a Latin American university,"This publication reports an applied study on transacciones atípicas using detección de anomalías, emphasizing traceable evidence and contextual validation.",2019,ARTICLE,INV-076;INV-087,transacciones atípicas;detección de anomalías,Journal of Applied Nexus Studies,PRJ-103
PUB-128,Financial anomaly: evidencia aplicada mediante aprendizaje automático,"Publicación que reporta resultados aplicados sobre financial anomaly mediante aprendizaje automático, con énfasis en evidencia trazable y validación contextual.",2020,ARTICLE,INV-099;INV-096,financial anomaly;aprendizaje automático,Journal of Applied Nexus Studies,PRJ-104
PUB-129,Operaciones sospechosas: evidencia aplicada mediante series temporales,"Publicación que reporta resultados aplicados sobre operaciones sospechosas mediante series temporales, con énfasis en evidencia trazable y validación contextual.",2021,ARTICLE,INV-086;INV-098,operaciones sospechosas;series temporales,Journal of Applied Nexus Studies,PRJ-097
PUB-130,Riesgo using detección de anomalías: evidence from a Latin American university,"This publication reports an applied study on riesgo using detección de anomalías, emphasizing traceable evidence and contextual validation.",2022,ARTICLE,INV-091;INV-080,riesgo;detección de anomalías,Journal of Applied Nexus Studies,PRJ-098
PUB-131,Riesgo Crediticio using IA explicable: evidence from a Latin American university,"This publication reports an applied study on riesgo crediticio using IA explicable, emphasizing traceable evidence and contextual validation.",2023,ARTICLE,INV-089;INV-074,riesgo crediticio;IA explicable,Journal of Applied Nexus Studies,PRJ-105
PUB-132,Transparencia: evidencia aplicada mediante modelamiento estadístico,"Publicación que reporta resultados aplicados sobre transparencia mediante modelamiento estadístico, con énfasis en evidencia trazable y validación contextual.",2024,ARTICLE,INV-099;INV-084,transparencia;modelamiento estadístico,Journal of Applied Nexus Studies,PRJ-106
PUB-133,Credit scoring: evidencia aplicada mediante clasificación,"Publicación que reporta resultados aplicados sobre credit scoring mediante clasificación, con énfasis en evidencia trazable y validación contextual.",2025,ARTICLE,INV-078;INV-096,credit scoring;clasificación,Journal of Applied Nexus Studies,PRJ-107
PUB-134,Decisiones Explicables using IA explicable: evidence from a Latin American university,"This publication reports an applied study on decisiones explicables using IA explicable, emphasizing traceable evidence and contextual validation.",2026,ARTICLE,INV-077;INV-090,decisiones explicables;IA explicable,Journal of Applied Nexus Studies,PRJ-108
PUB-135,Incumplimiento: evidencia aplicada mediante modelamiento estadístico,"Publicación que reporta resultados aplicados sobre incumplimiento mediante modelamiento estadístico, con énfasis en evidencia trazable y validación contextual.",2018,ARTICLE,INV-081;INV-083,incumplimiento;modelamiento estadístico,Journal of Applied Nexus Studies,PRJ-109
PUB-136,Riesgo crediticio: evidencia aplicada mediante clasificación,"Publicación que reporta resultados aplicados sobre riesgo crediticio mediante clasificación, con énfasis en evidencia trazable y validación contextual.",2019,ARTICLE,INV-094;INV-087,riesgo crediticio;clasificación,Journal of Applied Nexus Studies,PRJ-110
PUB-137,Transparencia using IA explicable: evidence from a Latin American university,"This publication reports an applied study on transparencia using IA explicable, emphasizing traceable evidence and contextual validation.",2020,ARTICLE,INV-080;INV-098,transparencia;IA explicable,Journal of Applied Nexus Studies,PRJ-111
PUB-138,Credit scoring: evidencia aplicada mediante modelamiento estadístico,"Publicación que reporta resultados aplicados sobre credit scoring mediante modelamiento estadístico, con énfasis en evidencia trazable y validación contextual.",2021,ARTICLE,INV-095;INV-082,credit scoring;modelamiento estadístico,Journal of Applied Nexus Studies,PRJ-112
PUB-139,Decisiones explicables: evidencia aplicada mediante clasificación,"Publicación que reporta resultados aplicados sobre decisiones explicables mediante clasificación, con énfasis en evidencia trazable y validación contextual.",2022,ARTICLE,INV-080;INV-095,decisiones explicables;clasificación,Journal of Applied Nexus Studies,PRJ-105
PUB-140,Incumplimiento using IA explicable: evidence from a Latin American university,"This publication reports an applied study on incumplimiento using IA explicable, emphasizing traceable evidence and contextual validation.",2023,ARTICLE,INV-086;INV-075,incumplimiento;IA explicable,Journal of Applied Nexus Studies,PRJ-106
PUB-141,Logística using optimización combinatoria: evidence from a Latin American university,"This publication reports an applied study on logística using optimización combinatoria, emphasizing traceable evidence and contextual validation.",2024,ARTICLE,INV-029;INV-034,logística;optimización combinatoria,Journal of Applied Nexus Studies,PRJ-113
PUB-142,Ruteo: evidencia aplicada mediante investigación de operaciones,"Publicación que reporta resultados aplicados sobre ruteo mediante investigación de operaciones, con énfasis en evidencia trazable y validación contextual.",2025,ARTICLE,INV-009;INV-019,ruteo;investigación de operaciones,Journal of Applied Nexus Studies,PRJ-114
PUB-143,Última milla: evidencia aplicada mediante simulación,"Publicación que reporta resultados aplicados sobre última milla mediante simulación, con énfasis en evidencia trazable y validación contextual.",2026,ARTICLE,INV-012;INV-035,última milla;simulación,Journal of Applied Nexus Studies,PRJ-115
PUB-144,Resource Allocation using optimización combinatoria: evidence from a Latin American university,"This publication reports an applied study on resource allocation using optimización combinatoria, emphasizing traceable evidence and contextual validation.",2018,ARTICLE,INV-013;INV-010,resource allocation;optimización combinatoria,Journal of Applied Nexus Studies,PRJ-116
PUB-145,Distribución: evidencia aplicada mediante investigación de operaciones,"Publicación que reporta resultados aplicados sobre distribución mediante investigación de operaciones, con énfasis en evidencia trazable y validación contextual.",2019,ARTICLE,INV-029;INV-004,distribución;investigación de operaciones,Journal of Applied Nexus Studies,PRJ-117
PUB-146,Logística: evidencia aplicada mediante simulación,"Publicación que reporta resultados aplicados sobre logística mediante simulación, con énfasis en evidencia trazable y validación contextual.",2020,ARTICLE,INV-025;INV-022,logística;simulación,Journal of Applied Nexus Studies,PRJ-118
PUB-147,Ruteo using optimización combinatoria: evidence from a Latin American university,"This publication reports an applied study on ruteo using optimización combinatoria, emphasizing traceable evidence and contextual validation.",2021,ARTICLE,INV-041;INV-032,ruteo;optimización combinatoria,Journal of Applied Nexus Studies,PRJ-119
PUB-148,Última milla: evidencia aplicada mediante investigación de operaciones,"Publicación que reporta resultados aplicados sobre última milla mediante investigación de operaciones, con énfasis en evidencia trazable y validación contextual.",2022,ARTICLE,INV-016;INV-030,,Journal of Applied Nexus Studies,PRJ-120
PUB-149,Resource allocation: evidencia aplicada mediante simulación,"Publicación que reporta resultados aplicados sobre resource allocation mediante simulación, con énfasis en evidencia trazable y validación contextual.",2023,ARTICLE,INV-040;INV-017,resource allocation;simulación,Journal of Applied Nexus Studies,PRJ-113
PUB-150,Distribución using optimización combinatoria: evidence from a Latin American university,"This publication reports an applied study on distribución using optimización combinatoria, emphasizing traceable evidence and contextual validation.",2024,ARTICLE,INV-024;INV-005,distribución;optimización combinatoria,Journal of Applied Nexus Studies,PRJ-114
PUB-151,Mantenimiento Predictivo using procesamiento de señales: evidence from a Latin American university,"This publication reports an applied study on mantenimiento predictivo using procesamiento de señales, emphasizing traceable evidence and contextual validation.",2025,ARTICLE,INV-029;INV-033,mantenimiento predictivo;procesamiento de señales,Journal of Applied Nexus Studies,PRJ-121
PUB-152,Fallas: evidencia aplicada mediante series temporales,"Publicación que reporta resultados aplicados sobre fallas mediante series temporales, con énfasis en evidencia trazable y validación contextual.",2026,ARTICLE,INV-026;INV-034,fallas;series temporales,Journal of Applied Nexus Studies,PRJ-122
PUB-153,Vibraciones: evidencia aplicada mediante detección de anomalías,"Publicación que reporta resultados aplicados sobre vibraciones mediante detección de anomalías, con énfasis en evidencia trazable y validación contextual.",2018,ARTICLE,INV-031;INV-042,vibraciones;detección de anomalías,Journal of Applied Nexus Studies,PRJ-123
PUB-154,Predictive Maintenance using procesamiento de señales: evidence from a Latin American university,"This publication reports an applied study on predictive maintenance using procesamiento de señales, emphasizing traceable evidence and contextual validation.",2019,ARTICLE,INV-031;INV-030,predictive maintenance;procesamiento de señales,Journal of Applied Nexus Studies,PRJ-124
PUB-155,Activos industriales: evidencia aplicada mediante series temporales,"Publicación que reporta resultados aplicados sobre activos industriales mediante series temporales, con énfasis en evidencia trazable y validación contextual.",2020,ARTICLE,INV-028;INV-026,activos industriales;series temporales,Journal of Applied Nexus Studies,PRJ-125
PUB-156,Mantenimiento predictivo: evidencia aplicada mediante detección de anomalías,"Publicación que reporta resultados aplicados sobre mantenimiento predictivo mediante detección de anomalías, con énfasis en evidencia trazable y validación contextual.",2021,ARTICLE,INV-030;INV-040,mantenimiento predictivo;detección de anomalías,Journal of Applied Nexus Studies,PRJ-126
PUB-157,Fallas using procesamiento de señales: evidence from a Latin American university,"This publication reports an applied study on fallas using procesamiento de señales, emphasizing traceable evidence and contextual validation.",2022,ARTICLE,INV-027;INV-039,fallas;procesamiento de señales,Journal of Applied Nexus Studies,PRJ-127
PUB-158,Vibraciones: evidencia aplicada mediante series temporales,"Publicación que reporta resultados aplicados sobre vibraciones mediante series temporales, con énfasis en evidencia trazable y validación contextual.",2023,ARTICLE,INV-007;INV-021,vibraciones;series temporales,Journal of Applied Nexus Studies,PRJ-128
PUB-159,Predictive maintenance: evidencia aplicada mediante detección de anomalías,"Publicación que reporta resultados aplicados sobre predictive maintenance mediante detección de anomalías, con énfasis en evidencia trazable y validación contextual.",2024,ARTICLE,INV-010;INV-042,predictive maintenance;detección de anomalías,Journal of Applied Nexus Studies,PRJ-121
PUB-160,Activos Industriales using procesamiento de señales: evidence from a Latin American university,"This publication reports an applied study on activos industriales using procesamiento de señales, emphasizing traceable evidence and contextual validation.",2025,ARTICLE,INV-027;INV-013,activos industriales;procesamiento de señales,Journal of Applied Nexus Studies,PRJ-122
PUB-161,Comportamiento De Usuarios using ciberseguridad: evidence from a Latin American university,"This publication reports an applied study on comportamiento de usuarios using ciberseguridad, emphasizing traceable evidence and contextual validation.",2026,ARTICLE,INV-033;INV-007,comportamiento de usuarios;ciberseguridad,Journal of Applied Nexus Studies,PRJ-129
PUB-162,Phishing: evidencia aplicada mediante modelamiento de comportamiento,"Publicación que reporta resultados aplicados sobre phishing mediante modelamiento de comportamiento, con énfasis en evidencia trazable y validación contextual.",2018,ARTICLE,INV-004;INV-021,phishing;modelamiento de comportamiento,Journal of Applied Nexus Studies,PRJ-130
PUB-163,Riesgo humano: evidencia aplicada mediante clasificación,"Publicación que reporta resultados aplicados sobre riesgo humano mediante clasificación, con énfasis en evidencia trazable y validación contextual.",2019,ARTICLE,INV-029;INV-012,riesgo humano;clasificación,Journal of Applied Nexus Studies,PRJ-131
PUB-164,Behavioral Cybersecurity using ciberseguridad: evidence from a Latin American university,"This publication reports an applied study on behavioral cybersecurity using ciberseguridad, emphasizing traceable evidence and contextual validation.",2020,ARTICLE,INV-041;INV-028,behavioral cybersecurity;ciberseguridad,Journal of Applied Nexus Studies,PRJ-132
PUB-165,Incidentes: evidencia aplicada mediante modelamiento de comportamiento,"Publicación que reporta resultados aplicados sobre incidentes mediante modelamiento de comportamiento, con énfasis en evidencia trazable y validación contextual.",2021,ARTICLE,INV-006;INV-009,incidentes;modelamiento de comportamiento,Journal of Applied Nexus Studies,PRJ-133
PUB-166,Comportamiento de usuarios: evidencia aplicada mediante clasificación,"Publicación que reporta resultados aplicados sobre comportamiento de usuarios mediante clasificación, con énfasis en evidencia trazable y validación contextual.",2022,ARTICLE,INV-032;INV-016,comportamiento de usuarios;clasificación,Journal of Applied Nexus Studies,PRJ-134
PUB-167,Phishing using ciberseguridad: evidence from a Latin American university,"This publication reports an applied study on phishing using ciberseguridad, emphasizing traceable evidence and contextual validation.",2023,ARTICLE,INV-033;INV-040,phishing;ciberseguridad,Journal of Applied Nexus Studies,PRJ-135
PUB-168,Riesgo humano: evidencia aplicada mediante modelamiento de comportamiento,"Publicación que reporta resultados aplicados sobre riesgo humano mediante modelamiento de comportamiento, con énfasis en evidencia trazable y validación contextual.",2024,ARTICLE,INV-022;INV-035,riesgo humano;modelamiento de comportamiento,Journal of Applied Nexus Studies,PRJ-136
PUB-169,Behavioral cybersecurity: evidencia aplicada mediante clasificación,"Publicación que reporta resultados aplicados sobre behavioral cybersecurity mediante clasificación, con énfasis en evidencia trazable y validación contextual.",2025,ARTICLE,INV-039;INV-029,behavioral cybersecurity;clasificación,Journal of Applied Nexus Studies,PRJ-129
PUB-170,Incidentes using ciberseguridad: evidence from a Latin American university,"This publication reports an applied study on incidentes using ciberseguridad, emphasizing traceable evidence and contextual validation.",2026,ARTICLE,INV-020;INV-037,incidentes;ciberseguridad,Journal of Applied Nexus Studies,PRJ-130
PUB-171,Producción Científica using NLP: evidence from a Latin American university,"This publication reports an applied study on producción científica using NLP, emphasizing traceable evidence and contextual validation.",2018,ARTICLE,INV-177;INV-163,producción científica;NLP,Journal of Applied Nexus Studies,PRJ-137
PUB-172,Tendencias de investigación: evidencia aplicada mediante grafos,"Publicación que reporta resultados aplicados sobre tendencias de investigación mediante grafos, con énfasis en evidencia trazable y validación contextual.",2019,ARTICLE,INV-179;INV-176,tendencias de investigación;grafos,Journal of Applied Nexus Studies,PRJ-138
PUB-173,Bibliometría: evidencia aplicada mediante recuperación de información,"Publicación que reporta resultados aplicados sobre bibliometría mediante recuperación de información, con énfasis en evidencia trazable y validación contextual.",2020,ARTICLE,INV-179;INV-176,bibliometría;recuperación de información,Journal of Applied Nexus Studies,PRJ-139
PUB-174,Research Intelligence using NLP: evidence from a Latin American university,"This publication reports an applied study on research intelligence using NLP, emphasizing traceable evidence and contextual validation.",2021,ARTICLE,INV-180;INV-175,research intelligence;NLP,Journal of Applied Nexus Studies,PRJ-140
PUB-175,Colaboración: evidencia aplicada mediante grafos,"Publicación que reporta resultados aplicados sobre colaboración mediante grafos, con énfasis en evidencia trazable y validación contextual.",2022,ARTICLE,INV-157;INV-166,colaboración;grafos,Journal of Applied Nexus Studies,PRJ-141
PUB-176,Producción científica: evidencia aplicada mediante recuperación de información,"Publicación que reporta resultados aplicados sobre producción científica mediante recuperación de información, con énfasis en evidencia trazable y validación contextual.",2023,ARTICLE,INV-158;INV-174,producción científica;recuperación de información,Journal of Applied Nexus Studies,PRJ-142
PUB-177,Tendencias De Investigación using NLP: evidence from a Latin American university,"This publication reports an applied study on tendencias de investigación using NLP, emphasizing traceable evidence and contextual validation.",2024,ARTICLE,INV-169;INV-171,tendencias de investigación;NLP,Journal of Applied Nexus Studies,PRJ-143
PUB-178,Bibliometría: evidencia aplicada mediante grafos,"Publicación que reporta resultados aplicados sobre bibliometría mediante grafos, con énfasis en evidencia trazable y validación contextual.",2025,ARTICLE,INV-178;INV-170,bibliometría;grafos,Journal of Applied Nexus Studies,PRJ-144
PUB-179,Research intelligence: evidencia aplicada mediante recuperación de información,"Publicación que reporta resultados aplicados sobre research intelligence mediante recuperación de información, con énfasis en evidencia trazable y validación contextual.",2026,ARTICLE,INV-167;INV-160,research intelligence;recuperación de información,Journal of Applied Nexus Studies,PRJ-137
PUB-180,Colaboración using NLP: evidence from a Latin American university,"This publication reports an applied study on colaboración using NLP, emphasizing traceable evidence and contextual validation.",2018,ARTICLE,INV-173;INV-171,colaboración;NLP,Journal of Applied Nexus Studies,PRJ-138
PUB-181,Desarrollo Territorial using analítica socioeconómica: evidence from a Latin American university,"This publication reports an applied study on desarrollo territorial using analítica socioeconómica, emphasizing traceable evidence and contextual validation.",2019,ARTICLE,INV-079;INV-080,desarrollo territorial;analítica socioeconómica,Journal of Applied Nexus Studies,PRJ-145
PUB-182,Capacidades locales: evidencia aplicada mediante evaluación de impacto,"Publicación que reporta resultados aplicados sobre capacidades locales mediante evaluación de impacto, con énfasis en evidencia trazable y validación contextual.",2020,ARTICLE,INV-074;INV-075,capacidades locales;evaluación de impacto,Journal of Applied Nexus Studies,PRJ-146
PUB-183,Innovación social: evidencia aplicada mediante análisis territorial,"Publicación que reporta resultados aplicados sobre innovación social mediante análisis territorial, con énfasis en evidencia trazable y validación contextual.",2021,ARTICLE,INV-084;INV-089,innovación social;análisis territorial,Journal of Applied Nexus Studies,PRJ-147
PUB-184,Regional Development using analítica socioeconómica: evidence from a Latin American university,"This publication reports an applied study on regional development using analítica socioeconómica, emphasizing traceable evidence and contextual validation.",2022,ARTICLE,INV-075;INV-077,regional development;analítica socioeconómica,Journal of Applied Nexus Studies,PRJ-148
PUB-185,Brechas: evidencia aplicada mediante evaluación de impacto,"Publicación que reporta resultados aplicados sobre brechas mediante evaluación de impacto, con énfasis en evidencia trazable y validación contextual.",2023,ARTICLE,INV-080;INV-081,,Journal of Applied Nexus Studies,PRJ-149
PUB-186,Desarrollo territorial: evidencia aplicada mediante análisis territorial,"Publicación que reporta resultados aplicados sobre desarrollo territorial mediante análisis territorial, con énfasis en evidencia trazable y validación contextual.",2024,ARTICLE,INV-078;INV-091,desarrollo territorial;análisis territorial,Journal of Applied Nexus Studies,PRJ-150
PUB-187,Capacidades Locales using analítica socioeconómica: evidence from a Latin American university,"This publication reports an applied study on capacidades locales using analítica socioeconómica, emphasizing traceable evidence and contextual validation.",2025,ARTICLE,INV-095;INV-077,capacidades locales;analítica socioeconómica,Journal of Applied Nexus Studies,PRJ-151
PUB-188,Innovación social: evidencia aplicada mediante evaluación de impacto,"Publicación que reporta resultados aplicados sobre innovación social mediante evaluación de impacto, con énfasis en evidencia trazable y validación contextual.",2026,ARTICLE,INV-094;INV-074,innovación social;evaluación de impacto,Journal of Applied Nexus Studies,PRJ-152
PUB-189,Regional development: evidencia aplicada mediante análisis territorial,"Publicación que reporta resultados aplicados sobre regional development mediante análisis territorial, con énfasis en evidencia trazable y validación contextual.",2018,ARTICLE,INV-080;INV-075,regional development;análisis territorial,Journal of Applied Nexus Studies,PRJ-145
PUB-190,Brechas using analítica socioeconómica: evidence from a Latin American university,"This publication reports an applied study on brechas using analítica socioeconómica, emphasizing traceable evidence and contextual validation.",2019,ARTICLE,INV-085;INV-082,brechas;analítica socioeconómica,Journal of Applied Nexus Studies,PRJ-146
PUB-191,Resiliencia Urbana using analítica interdisciplinaria: evidence from a Latin American university,"This publication reports an applied study on resiliencia urbana using analítica interdisciplinaria, emphasizing traceable evidence and contextual validation.",2020,ARTICLE,INV-139;INV-131,resiliencia urbana;analítica interdisciplinaria,Journal of Applied Nexus Studies,PRJ-153
PUB-192,Salud pública: evidencia aplicada mediante modelamiento de riesgo,"Publicación que reporta resultados aplicados sobre salud pública mediante modelamiento de riesgo, con énfasis en evidencia trazable y validación contextual.",2021,ARTICLE,INV-137;INV-146,salud pública;modelamiento de riesgo,Journal of Applied Nexus Studies,PRJ-154
PUB-193,Infraestructura: evidencia aplicada mediante integración de datos,"Publicación que reporta resultados aplicados sobre infraestructura mediante integración de datos, con énfasis en evidencia trazable y validación contextual.",2022,ARTICLE,INV-150;INV-154,infraestructura;integración de datos,Journal of Applied Nexus Studies,PRJ-155
PUB-194,Environmental Extremes using analítica interdisciplinaria: evidence from a Latin American university,"This publication reports an applied study on environmental extremes using analítica interdisciplinaria, emphasizing traceable evidence and contextual validation.",2023,ARTICLE,INV-128;INV-147,environmental extremes;analítica interdisciplinaria,Journal of Applied Nexus Studies,PRJ-156
PUB-195,Vulnerabilidad socioeconómica: evidencia aplicada mediante modelamiento de riesgo,"Publicación que reporta resultados aplicados sobre vulnerabilidad socioeconómica mediante modelamiento de riesgo, con énfasis en evidencia trazable y validación contextual.",2024,ARTICLE,INV-133;INV-130,vulnerabilidad socioeconómica;modelamiento de riesgo,Journal of Applied Nexus Studies,PRJ-157
PUB-196,Resiliencia urbana: evidencia aplicada mediante integración de datos,"Publicación que reporta resultados aplicados sobre resiliencia urbana mediante integración de datos, con énfasis en evidencia trazable y validación contextual.",2025,ARTICLE,INV-150;INV-130,resiliencia urbana;integración de datos,Journal of Applied Nexus Studies,PRJ-158
PUB-197,Salud Pública using analítica interdisciplinaria: evidence from a Latin American university,"This publication reports an applied study on salud pública using analítica interdisciplinaria, emphasizing traceable evidence and contextual validation.",2026,ARTICLE,INV-130;INV-148,salud pública;analítica interdisciplinaria,Journal of Applied Nexus Studies,PRJ-159
PUB-198,Infraestructura: evidencia aplicada mediante modelamiento de riesgo,"Publicación que reporta resultados aplicados sobre infraestructura mediante modelamiento de riesgo, con énfasis en evidencia trazable y validación contextual.",2018,ARTICLE,INV-140;INV-129,infraestructura;modelamiento de riesgo,Journal of Applied Nexus Studies,PRJ-160
PUB-199,Environmental extremes: evidencia aplicada mediante integración de datos,"Publicación que reporta resultados aplicados sobre environmental extremes mediante integración de datos, con énfasis en evidencia trazable y validación contextual.",2019,ARTICLE,INV-152;INV-130,environmental extremes;integración de datos,Journal of Applied Nexus Studies,PRJ-153
PUB-200,Vulnerabilidad Socioeconómica using analítica interdisciplinaria: evidence from a Latin American university,"This publication reports an applied study on vulnerabilidad socioeconómica using analítica interdisciplinaria, emphasizing traceable evidence and contextual validation.",2020,ARTICLE,INV-148;INV-129,vulnerabilidad socioeconómica;analítica interdisciplinaria,Journal of Applied Nexus Studies,PRJ-154
PUB-201,Resultados aplicados en automatización de procesos administrativos,Artículo que sintetiza hallazgos sobre automatización de procesos administrativos en un contexto institucional.,2017,ARTICLE,INV-015;INV-038,automatización de procesos administrativos,Revista Latinoamericana de Investigación Aplicada,
PUB-202,Resultados aplicados en experiencia de usuario en servicios digitales,Artículo que sintetiza hallazgos sobre experiencia de usuario en servicios digitales en un contexto institucional.,2018,ARTICLE,INV-062;INV-043,experiencia de usuario en servicios digitales,Revista Latinoamericana de Investigación Aplicada,
PUB-203,Resultados aplicados en gestión documental,Artículo que sintetiza hallazgos sobre gestión documental en un contexto institucional.,2019,ARTICLE,INV-095;INV-099,gestión documental,Revista Latinoamericana de Investigación Aplicada,
PUB-204,Resultados aplicados en adopción tecnológica en pequeñas empresas,Artículo que sintetiza hallazgos sobre adopción tecnológica en pequeñas empresas en un contexto institucional.,2020,ARTICLE,INV-117;INV-119,adopción tecnológica en pequeñas empresas,Revista Latinoamericana de Investigación Aplicada,
PUB-205,Resultados aplicados en telemetría industrial,Artículo que sintetiza hallazgos sobre telemetría industrial en un contexto institucional.,2021,ARTICLE,INV-136;INV-154,telemetría industrial,Revista Latinoamericana de Investigación Aplicada,
PUB-206,Resultados aplicados en análisis de movilidad urbana,Artículo que sintetiza hallazgos sobre análisis de movilidad urbana en un contexto institucional.,2022,ARTICLE,INV-165;INV-162,análisis de movilidad urbana,Revista Latinoamericana de Investigación Aplicada,
PUB-207,Resultados aplicados en bienestar universitario,Artículo que sintetiza hallazgos sobre bienestar universitario en un contexto institucional.,2023,ARTICLE,INV-029;INV-033,bienestar universitario,Revista Latinoamericana de Investigación Aplicada,
PUB-208,Resultados aplicados en gestión de inventarios,Artículo que sintetiza hallazgos sobre gestión de inventarios en un contexto institucional.,2024,ARTICLE,INV-073;INV-052,gestión de inventarios,Revista Latinoamericana de Investigación Aplicada,
PUB-209,Resultados aplicados en educación financiera,Artículo que sintetiza hallazgos sobre educación financiera en un contexto institucional.,2025,ARTICLE,INV-093;INV-079,educación financiera,Revista Latinoamericana de Investigación Aplicada,
PUB-210,Resultados aplicados en comunicación organizacional,Artículo que sintetiza hallazgos sobre comunicación organizacional en un contexto institucional.,2026,ARTICLE,INV-122;INV-112,comunicación organizacional,Revista Latinoamericana de Investigación Aplicada,
PUB-211,Resultados aplicados en gestión de residuos,Artículo que sintetiza hallazgos sobre gestión de residuos en un contexto institucional.,2017,ARTICLE,INV-132;INV-146,gestión de residuos,Revista Latinoamericana de Investigación Aplicada,
PUB-212,Resultados aplicados en materiales sostenibles,Artículo que sintetiza hallazgos sobre materiales sostenibles en un contexto institucional.,2018,ARTICLE,INV-173;INV-159,materiales sostenibles,Revista Latinoamericana de Investigación Aplicada,
PUB-213,Resultados aplicados en simulación de sistemas físicos,Artículo que sintetiza hallazgos sobre simulación de sistemas físicos en un contexto institucional.,2019,ARTICLE,INV-012;INV-007,simulación de sistemas físicos,Revista Latinoamericana de Investigación Aplicada,
PUB-214,Resultados aplicados en optimización de horarios,Artículo que sintetiza hallazgos sobre optimización de horarios en un contexto institucional.,2020,ARTICLE,INV-046;INV-070,optimización de horarios,Revista Latinoamericana de Investigación Aplicada,
PUB-215,Resultados aplicados en visualización de indicadores,Artículo que sintetiza hallazgos sobre visualización de indicadores en un contexto institucional.,2021,ARTICLE,INV-090;INV-076,visualización de indicadores,Revista Latinoamericana de Investigación Aplicada,
PUB-216,Resultados aplicados en evaluación de políticas públicas,Artículo que sintetiza hallazgos sobre evaluación de políticas públicas en un contexto institucional.,2022,ARTICLE,INV-119;INV-101,evaluación de políticas públicas,Revista Latinoamericana de Investigación Aplicada,
PUB-217,Resultados aplicados en competencias digitales docentes,Artículo que sintetiza hallazgos sobre competencias digitales docentes en un contexto institucional.,2023,ARTICLE,INV-133;INV-152,competencias digitales docentes,Revista Latinoamericana de Investigación Aplicada,
PUB-218,Resultados aplicados en gestión de servicios de salud,Artículo que sintetiza hallazgos sobre gestión de servicios de salud en un contexto institucional.,2024,ARTICLE,INV-158;INV-168,gestión de servicios de salud,Revista Latinoamericana de Investigación Aplicada,
PUB-219,Resultados aplicados en calidad de software,Artículo que sintetiza hallazgos sobre calidad de software en un contexto institucional.,2025,ARTICLE,INV-007;INV-028,calidad de software,Revista Latinoamericana de Investigación Aplicada,
PUB-220,Resultados aplicados en transformación cultural,Artículo que sintetiza hallazgos sobre transformación cultural en un contexto institucional.,2026,ARTICLE,INV-065;INV-057,transformación cultural,Revista Latinoamericana de Investigación Aplicada,
PUB-221,Resultados aplicados en economía circular,Artículo que sintetiza hallazgos sobre economía circular en un contexto institucional.,2017,ARTICLE,INV-089;INV-096,economía circular,Revista Latinoamericana de Investigación Aplicada,
PUB-222,Resultados aplicados en gestión de proyectos,Artículo que sintetiza hallazgos sobre gestión de proyectos en un contexto institucional.,2018,ARTICLE,INV-101;INV-105,,Revista Latinoamericana de Investigación Aplicada,
PUB-223,Resultados aplicados en analítica de satisfacción,Artículo que sintetiza hallazgos sobre analítica de satisfacción en un contexto institucional.,2019,ARTICLE,INV-134;INV-150,analítica de satisfacción,Revista Latinoamericana de Investigación Aplicada,
PUB-224,Resultados aplicados en interoperabilidad de datos,Artículo que sintetiza hallazgos sobre interoperabilidad de datos en un contexto institucional.,2020,ARTICLE,INV-160;INV-167,interoperabilidad de datos,Revista Latinoamericana de Investigación Aplicada,
PUB-225,Resultados aplicados en automatización de procesos administrativos,Artículo que sintetiza hallazgos sobre automatización de procesos administrativos en un contexto institucional.,2021,ARTICLE,INV-038;INV-002,automatización de procesos administrativos,Revista Latinoamericana de Investigación Aplicada,
PUB-226,Resultados aplicados en experiencia de usuario en servicios digitales,Artículo que sintetiza hallazgos sobre experiencia de usuario en servicios digitales en un contexto institucional.,2022,ARTICLE,INV-047;INV-048,experiencia de usuario en servicios digitales,Revista Latinoamericana de Investigación Aplicada,
PUB-227,Resultados aplicados en gestión documental,Artículo que sintetiza hallazgos sobre gestión documental en un contexto institucional.,2023,ARTICLE,INV-086;INV-095,gestión documental,Revista Latinoamericana de Investigación Aplicada,
PUB-228,Resultados aplicados en adopción tecnológica en pequeñas empresas,Artículo que sintetiza hallazgos sobre adopción tecnológica en pequeñas empresas en un contexto institucional.,2024,ARTICLE,INV-111;INV-101,adopción tecnológica en pequeñas empresas,Revista Latinoamericana de Investigación Aplicada,
PUB-229,Resultados aplicados en telemetría industrial,Artículo que sintetiza hallazgos sobre telemetría industrial en un contexto institucional.,2025,ARTICLE,INV-143;INV-136,telemetría industrial,Revista Latinoamericana de Investigación Aplicada,
PUB-230,Resultados aplicados en análisis de movilidad urbana,Artículo que sintetiza hallazgos sobre análisis de movilidad urbana en un contexto institucional.,2026,ARTICLE,INV-175;INV-157,análisis de movilidad urbana,Revista Latinoamericana de Investigación Aplicada,
PUB-231,Resultados aplicados en bienestar universitario,Artículo que sintetiza hallazgos sobre bienestar universitario en un contexto institucional.,2017,ARTICLE,INV-009;INV-025,bienestar universitario,Revista Latinoamericana de Investigación Aplicada,
PUB-232,Resultados aplicados en gestión de inventarios,Artículo que sintetiza hallazgos sobre gestión de inventarios en un contexto institucional.,2018,ARTICLE,INV-065;INV-067,gestión de inventarios,Revista Latinoamericana de Investigación Aplicada,
PUB-233,Resultados aplicados en educación financiera,Artículo que sintetiza hallazgos sobre educación financiera en un contexto institucional.,2019,ARTICLE,INV-086;INV-089,educación financiera,Revista Latinoamericana de Investigación Aplicada,
PUB-234,Resultados aplicados en comunicación organizacional,Artículo que sintetiza hallazgos sobre comunicación organizacional en un contexto institucional.,2020,ARTICLE,INV-107;INV-106,comunicación organizacional,Revista Latinoamericana de Investigación Aplicada,
PUB-235,Resultados aplicados en gestión de residuos,Artículo que sintetiza hallazgos sobre gestión de residuos en un contexto institucional.,2021,ARTICLE,INV-130;INV-133,gestión de residuos,Revista Latinoamericana de Investigación Aplicada,
PUB-236,Resultados aplicados en materiales sostenibles,Artículo que sintetiza hallazgos sobre materiales sostenibles en un contexto institucional.,2022,ARTICLE,INV-156;INV-164,materiales sostenibles,Revista Latinoamericana de Investigación Aplicada,
PUB-237,Resultados aplicados en simulación de sistemas físicos,Artículo que sintetiza hallazgos sobre simulación de sistemas físicos en un contexto institucional.,2023,ARTICLE,INV-001;INV-038,simulación de sistemas físicos,Revista Latinoamericana de Investigación Aplicada,
PUB-238,Resultados aplicados en optimización de horarios,Artículo que sintetiza hallazgos sobre optimización de horarios en un contexto institucional.,2024,ARTICLE,INV-043;INV-044,optimización de horarios,Revista Latinoamericana de Investigación Aplicada,
PUB-239,Resultados aplicados en visualización de indicadores,Artículo que sintetiza hallazgos sobre visualización de indicadores en un contexto institucional.,2025,ARTICLE,INV-092;INV-081,visualización de indicadores,Revista Latinoamericana de Investigación Aplicada,
PUB-240,Resultados aplicados en evaluación de políticas públicas,Artículo que sintetiza hallazgos sobre evaluación de políticas públicas en un contexto institucional.,2026,ARTICLE,INV-109;INV-118,evaluación de políticas públicas,Revista Latinoamericana de Investigación Aplicada,
PUB-241,Resultados aplicados en competencias digitales docentes,Artículo que sintetiza hallazgos sobre competencias digitales docentes en un contexto institucional.,2017,ARTICLE,INV-153;INV-144,competencias digitales docentes,Revista Latinoamericana de Investigación Aplicada,
PUB-242,Resultados aplicados en gestión de servicios de salud,Artículo que sintetiza hallazgos sobre gestión de servicios de salud en un contexto institucional.,2018,ARTICLE,INV-171;INV-166,gestión de servicios de salud,Revista Latinoamericana de Investigación Aplicada,
PUB-243,Resultados aplicados en calidad de software,Artículo que sintetiza hallazgos sobre calidad de software en un contexto institucional.,2019,ARTICLE,INV-039;INV-020,calidad de software,Revista Latinoamericana de Investigación Aplicada,
PUB-244,Resultados aplicados en transformación cultural,Artículo que sintetiza hallazgos sobre transformación cultural en un contexto institucional.,2020,ARTICLE,INV-064;INV-068,transformación cultural,Revista Latinoamericana de Investigación Aplicada,
PUB-245,Resultados aplicados en economía circular,Artículo que sintetiza hallazgos sobre economía circular en un contexto institucional.,2021,ARTICLE,INV-095;INV-087,economía circular,Revista Latinoamericana de Investigación Aplicada,
PUB-246,Resultados aplicados en gestión de proyectos,Artículo que sintetiza hallazgos sobre gestión de proyectos en un contexto institucional.,2022,ARTICLE,INV-119;INV-106,gestión de proyectos,Revista Latinoamericana de Investigación Aplicada,
PUB-247,Resultados aplicados en analítica de satisfacción,Artículo que sintetiza hallazgos sobre analítica de satisfacción en un contexto institucional.,2023,ARTICLE,INV-146;INV-133,analítica de satisfacción,Revista Latinoamericana de Investigación Aplicada,
PUB-248,Resultados aplicados en interoperabilidad de datos,Artículo que sintetiza hallazgos sobre interoperabilidad de datos en un contexto institucional.,2024,ARTICLE,INV-174;INV-163,interoperabilidad de datos,Revista Latinoamericana de Investigación Aplicada,
PUB-249,Resultados aplicados en automatización de procesos administrativos,Artículo que sintetiza hallazgos sobre automatización de procesos administrativos en un contexto institucional.,2025,ARTICLE,INV-032;INV-012,automatización de procesos administrativos,Revista Latinoamericana de Investigación Aplicada,
PUB-250,Resultados aplicados en experiencia de usuario en servicios digitales,Artículo que sintetiza hallazgos sobre experiencia de usuario en servicios digitales en un contexto institucional.,2026,ARTICLE,INV-064;INV-059,experiencia de usuario en servicios digitales,Revista Latinoamericana de Investigación Aplicada,
PUB-251,Resultados aplicados en gestión documental,Artículo que sintetiza hallazgos sobre gestión documental en un contexto institucional.,2017,ARTICLE,INV-081;INV-097,gestión documental,Revista Latinoamericana de Investigación Aplicada,
PUB-252,Resultados aplicados en adopción tecnológica en pequeñas empresas,Artículo que sintetiza hallazgos sobre adopción tecnológica en pequeñas empresas en un contexto institucional.,2018,ARTICLE,INV-111;INV-108,adopción tecnológica en pequeñas empresas,Revista Latinoamericana de Investigación Aplicada,
PUB-253,Resultados aplicados en telemetría industrial,Artículo que sintetiza hallazgos sobre telemetría industrial en un contexto institucional.,2019,ARTICLE,INV-143;INV-132,telemetría industrial,Revista Latinoamericana de Investigación Aplicada,
PUB-254,Resultados aplicados en análisis de movilidad urbana,Artículo que sintetiza hallazgos sobre análisis de movilidad urbana en un contexto institucional.,2020,ARTICLE,INV-159;INV-160,análisis de movilidad urbana,Revista Latinoamericana de Investigación Aplicada,
PUB-255,Resultados aplicados en bienestar universitario,Artículo que sintetiza hallazgos sobre bienestar universitario en un contexto institucional.,2021,ARTICLE,INV-010;INV-034,bienestar universitario,Revista Latinoamericana de Investigación Aplicada,
PUB-256,Resultados aplicados en gestión de inventarios,Artículo que sintetiza hallazgos sobre gestión de inventarios en un contexto institucional.,2022,ARTICLE,INV-066;INV-055,gestión de inventarios,Revista Latinoamericana de Investigación Aplicada,
PUB-257,Resultados aplicados en educación financiera,Artículo que sintetiza hallazgos sobre educación financiera en un contexto institucional.,2023,ARTICLE,INV-075;INV-090,educación financiera,Revista Latinoamericana de Investigación Aplicada,
PUB-258,Resultados aplicados en comunicación organizacional,Artículo que sintetiza hallazgos sobre comunicación organizacional en un contexto institucional.,2024,ARTICLE,INV-118;INV-120,comunicación organizacional,Revista Latinoamericana de Investigación Aplicada,
PUB-259,Resultados aplicados en gestión de residuos,Artículo que sintetiza hallazgos sobre gestión de residuos en un contexto institucional.,2025,ARTICLE,INV-144;INV-154,,Revista Latinoamericana de Investigación Aplicada,
PUB-260,Resultados aplicados en materiales sostenibles,Artículo que sintetiza hallazgos sobre materiales sostenibles en un contexto institucional.,2026,ARTICLE,INV-160;INV-158,materiales sostenibles,Revista Latinoamericana de Investigación Aplicada,
PUB-261,Resultados aplicados en simulación de sistemas físicos,Artículo que sintetiza hallazgos sobre simulación de sistemas físicos en un contexto institucional.,2017,ARTICLE,INV-035;INV-041,simulación de sistemas físicos,Revista Latinoamericana de Investigación Aplicada,
PUB-262,Resultados aplicados en optimización de horarios,Artículo que sintetiza hallazgos sobre optimización de horarios en un contexto institucional.,2018,ARTICLE,INV-054;INV-071,optimización de horarios,Revista Latinoamericana de Investigación Aplicada,
PUB-263,Resultados aplicados en visualización de indicadores,Artículo que sintetiza hallazgos sobre visualización de indicadores en un contexto institucional.,2019,ARTICLE,INV-075;INV-079,visualización de indicadores,Revista Latinoamericana de Investigación Aplicada,
PUB-264,Resultados aplicados en evaluación de políticas públicas,Artículo que sintetiza hallazgos sobre evaluación de políticas públicas en un contexto institucional.,2020,ARTICLE,INV-124;INV-101,evaluación de políticas públicas,Revista Latinoamericana de Investigación Aplicada,
PUB-265,Resultados aplicados en competencias digitales docentes,Artículo que sintetiza hallazgos sobre competencias digitales docentes en un contexto institucional.,2021,ARTICLE,INV-129;INV-154,competencias digitales docentes,Revista Latinoamericana de Investigación Aplicada,
PUB-266,Resultados aplicados en gestión de servicios de salud,Artículo que sintetiza hallazgos sobre gestión de servicios de salud en un contexto institucional.,2022,ARTICLE,INV-175;INV-173,gestión de servicios de salud,Revista Latinoamericana de Investigación Aplicada,
PUB-267,Resultados aplicados en calidad de software,Artículo que sintetiza hallazgos sobre calidad de software en un contexto institucional.,2023,ARTICLE,INV-041;INV-007,calidad de software,Revista Latinoamericana de Investigación Aplicada,
PUB-268,Resultados aplicados en transformación cultural,Artículo que sintetiza hallazgos sobre transformación cultural en un contexto institucional.,2024,ARTICLE,INV-048;INV-044,transformación cultural,Revista Latinoamericana de Investigación Aplicada,
PUB-269,Resultados aplicados en economía circular,Artículo que sintetiza hallazgos sobre economía circular en un contexto institucional.,2025,ARTICLE,INV-083;INV-093,economía circular,Revista Latinoamericana de Investigación Aplicada,
PUB-270,Resultados aplicados en gestión de proyectos,Artículo que sintetiza hallazgos sobre gestión de proyectos en un contexto institucional.,2026,ARTICLE,INV-117;INV-119,gestión de proyectos,Revista Latinoamericana de Investigación Aplicada,
PUB-271,Resultados aplicados en analítica de satisfacción,Artículo que sintetiza hallazgos sobre analítica de satisfacción en un contexto institucional.,2017,ARTICLE,INV-140;INV-147,analítica de satisfacción,Revista Latinoamericana de Investigación Aplicada,
PUB-272,Resultados aplicados en interoperabilidad de datos,Artículo que sintetiza hallazgos sobre interoperabilidad de datos en un contexto institucional.,2018,ARTICLE,INV-169;INV-164,interoperabilidad de datos,Revista Latinoamericana de Investigación Aplicada,
PUB-273,Resultados aplicados en automatización de procesos administrativos,Artículo que sintetiza hallazgos sobre automatización de procesos administrativos en un contexto institucional.,2019,ARTICLE,INV-026;INV-002,automatización de procesos administrativos,Revista Latinoamericana de Investigación Aplicada,
PUB-274,Resultados aplicados en experiencia de usuario en servicios digitales,Artículo que sintetiza hallazgos sobre experiencia de usuario en servicios digitales en un contexto institucional.,2020,ARTICLE,INV-043;INV-071,experiencia de usuario en servicios digitales,Revista Latinoamericana de Investigación Aplicada,
PUB-275,Resultados aplicados en gestión documental,Artículo que sintetiza hallazgos sobre gestión documental en un contexto institucional.,2021,ARTICLE,INV-085;INV-094,gestión documental,Revista Latinoamericana de Investigación Aplicada,
PUB-276,Resultados aplicados en adopción tecnológica en pequeñas empresas,Artículo que sintetiza hallazgos sobre adopción tecnológica en pequeñas empresas en un contexto institucional.,2022,ARTICLE,INV-114;INV-107,adopción tecnológica en pequeñas empresas,Revista Latinoamericana de Investigación Aplicada,
PUB-277,Resultados aplicados en telemetría industrial,Artículo que sintetiza hallazgos sobre telemetría industrial en un contexto institucional.,2023,ARTICLE,INV-152;INV-129,telemetría industrial,Revista Latinoamericana de Investigación Aplicada,
PUB-278,Resultados aplicados en análisis de movilidad urbana,Artículo que sintetiza hallazgos sobre análisis de movilidad urbana en un contexto institucional.,2024,ARTICLE,INV-158;INV-164,análisis de movilidad urbana,Revista Latinoamericana de Investigación Aplicada,
PUB-279,Resultados aplicados en bienestar universitario,Artículo que sintetiza hallazgos sobre bienestar universitario en un contexto institucional.,2025,ARTICLE,INV-010;INV-013,bienestar universitario,Revista Latinoamericana de Investigación Aplicada,
PUB-280,Resultados aplicados en gestión de inventarios,Artículo que sintetiza hallazgos sobre gestión de inventarios en un contexto institucional.,2026,ARTICLE,INV-065;INV-050,gestión de inventarios,Revista Latinoamericana de Investigación Aplicada,
PUB-281,Resultados aplicados en educación financiera,Artículo que sintetiza hallazgos sobre educación financiera en un contexto institucional.,2017,ARTICLE,INV-080;INV-075,educación financiera,Revista Latinoamericana de Investigación Aplicada,
PUB-282,Resultados aplicados en comunicación organizacional,Artículo que sintetiza hallazgos sobre comunicación organizacional en un contexto institucional.,2018,ARTICLE,INV-120;INV-109,comunicación organizacional,Revista Latinoamericana de Investigación Aplicada,
PUB-283,Resultados aplicados en gestión de residuos,Artículo que sintetiza hallazgos sobre gestión de residuos en un contexto institucional.,2019,ARTICLE,INV-139;INV-145,gestión de residuos,Revista Latinoamericana de Investigación Aplicada,
PUB-284,Resultados aplicados en materiales sostenibles,Artículo que sintetiza hallazgos sobre materiales sostenibles en un contexto institucional.,2020,ARTICLE,INV-169;INV-170,materiales sostenibles,Revista Latinoamericana de Investigación Aplicada,
PUB-285,Resultados aplicados en simulación de sistemas físicos,Artículo que sintetiza hallazgos sobre simulación de sistemas físicos en un contexto institucional.,2021,ARTICLE,INV-009;INV-028,simulación de sistemas físicos,Revista Latinoamericana de Investigación Aplicada,
PUB-286,Resultados aplicados en optimización de horarios,Artículo que sintetiza hallazgos sobre optimización de horarios en un contexto institucional.,2022,ARTICLE,INV-052;INV-072,optimización de horarios,Revista Latinoamericana de Investigación Aplicada,
PUB-287,Resultados aplicados en visualización de indicadores,Artículo que sintetiza hallazgos sobre visualización de indicadores en un contexto institucional.,2023,ARTICLE,INV-092;INV-086,visualización de indicadores,Revista Latinoamericana de Investigación Aplicada,
PUB-288,Resultados aplicados en evaluación de políticas públicas,Artículo que sintetiza hallazgos sobre evaluación de políticas públicas en un contexto institucional.,2024,ARTICLE,INV-118;INV-123,evaluación de políticas públicas,Revista Latinoamericana de Investigación Aplicada,
PUB-289,Resultados aplicados en competencias digitales docentes,Artículo que sintetiza hallazgos sobre competencias digitales docentes en un contexto institucional.,2025,ARTICLE,INV-138;INV-151,competencias digitales docentes,Revista Latinoamericana de Investigación Aplicada,
PUB-290,Resultados aplicados en gestión de servicios de salud,Artículo que sintetiza hallazgos sobre gestión de servicios de salud en un contexto institucional.,2026,ARTICLE,INV-174;INV-175,gestión de servicios de salud,Revista Latinoamericana de Investigación Aplicada,
PUB-291,Resultados aplicados en calidad de software,Artículo que sintetiza hallazgos sobre calidad de software en un contexto institucional.,2017,ARTICLE,INV-020;INV-035,calidad de software,Revista Latinoamericana de Investigación Aplicada,
PUB-292,Resultados aplicados en transformación cultural,Artículo que sintetiza hallazgos sobre transformación cultural en un contexto institucional.,2018,ARTICLE,INV-044;INV-055,transformación cultural,Revista Latinoamericana de Investigación Aplicada,
PUB-293,Resultados aplicados en economía circular,Artículo que sintetiza hallazgos sobre economía circular en un contexto institucional.,2019,ARTICLE,INV-090;INV-077,economía circular,Revista Latinoamericana de Investigación Aplicada,
PUB-294,Resultados aplicados en gestión de proyectos,Artículo que sintetiza hallazgos sobre gestión de proyectos en un contexto institucional.,2020,ARTICLE,INV-122;INV-119,gestión de proyectos,Revista Latinoamericana de Investigación Aplicada,
PUB-295,Resultados aplicados en analítica de satisfacción,Artículo que sintetiza hallazgos sobre analítica de satisfacción en un contexto institucional.,2021,ARTICLE,INV-128;INV-137,analítica de satisfacción,Revista Latinoamericana de Investigación Aplicada,
PUB-296,Resultados aplicados en interoperabilidad de datos,Artículo que sintetiza hallazgos sobre interoperabilidad de datos en un contexto institucional.,2022,ARTICLE,INV-162;INV-177,,Revista Latinoamericana de Investigación Aplicada,
PUB-297,Resultados aplicados en automatización de procesos administrativos,Artículo que sintetiza hallazgos sobre automatización de procesos administrativos en un contexto institucional.,2023,ARTICLE,INV-041;INV-013,automatización de procesos administrativos,Revista Latinoamericana de Investigación Aplicada,
PUB-298,Resultados aplicados en experiencia de usuario en servicios digitales,Artículo que sintetiza hallazgos sobre experiencia de usuario en servicios digitales en un contexto institucional.,2024,ARTICLE,INV-059;INV-069,experiencia de usuario en servicios digitales,Revista Latinoamericana de Investigación Aplicada,
PUB-299,Resultados aplicados en gestión documental,Artículo que sintetiza hallazgos sobre gestión documental en un contexto institucional.,2025,ARTICLE,INV-091;INV-090,gestión documental,Revista Latinoamericana de Investigación Aplicada,
PUB-300,Resultados aplicados en adopción tecnológica en pequeñas empresas,Artículo que sintetiza hallazgos sobre adopción tecnológica en pequeñas empresas en un contexto institucional.,2026,ARTICLE,INV-108;INV-120,adopción tecnológica en pequeñas empresas,Revista Latinoamericana de Investigación Aplicada,
PUB-301,Resultados aplicados en telemetría industrial,Artículo que sintetiza hallazgos sobre telemetría industrial en un contexto institucional.,2017,ARTICLE,INV-130;INV-154,telemetría industrial,Revista Latinoamericana de Investigación Aplicada,
PUB-302,Resultados aplicados en análisis de movilidad urbana,Artículo que sintetiza hallazgos sobre análisis de movilidad urbana en un contexto institucional.,2018,ARTICLE,INV-163;INV-180,análisis de movilidad urbana,Revista Latinoamericana de Investigación Aplicada,
PUB-303,Resultados aplicados en bienestar universitario,Artículo que sintetiza hallazgos sobre bienestar universitario en un contexto institucional.,2019,ARTICLE,INV-027;INV-009,bienestar universitario,Revista Latinoamericana de Investigación Aplicada,
PUB-304,Resultados aplicados en gestión de inventarios,Artículo que sintetiza hallazgos sobre gestión de inventarios en un contexto institucional.,2020,ARTICLE,INV-055;INV-062,gestión de inventarios,Revista Latinoamericana de Investigación Aplicada,
PUB-305,Resultados aplicados en educación financiera,Artículo que sintetiza hallazgos sobre educación financiera en un contexto institucional.,2021,ARTICLE,INV-094;INV-096,educación financiera,Revista Latinoamericana de Investigación Aplicada,
PUB-306,Resultados aplicados en comunicación organizacional,Artículo que sintetiza hallazgos sobre comunicación organizacional en un contexto institucional.,2022,ARTICLE,INV-106;INV-110,comunicación organizacional,Revista Latinoamericana de Investigación Aplicada,
PUB-307,Resultados aplicados en gestión de residuos,Artículo que sintetiza hallazgos sobre gestión de residuos en un contexto institucional.,2023,ARTICLE,INV-148;INV-146,gestión de residuos,Revista Latinoamericana de Investigación Aplicada,
PUB-308,Resultados aplicados en materiales sostenibles,Artículo que sintetiza hallazgos sobre materiales sostenibles en un contexto institucional.,2024,ARTICLE,INV-173;INV-165,materiales sostenibles,Revista Latinoamericana de Investigación Aplicada,
PUB-309,Resultados aplicados en simulación de sistemas físicos,Artículo que sintetiza hallazgos sobre simulación de sistemas físicos en un contexto institucional.,2025,ARTICLE,INV-042;INV-035,simulación de sistemas físicos,Revista Latinoamericana de Investigación Aplicada,
PUB-310,Resultados aplicados en optimización de horarios,Artículo que sintetiza hallazgos sobre optimización de horarios en un contexto institucional.,2026,ARTICLE,INV-073;INV-061,optimización de horarios,Revista Latinoamericana de Investigación Aplicada,
PUB-311,Resultados aplicados en visualización de indicadores,Artículo que sintetiza hallazgos sobre visualización de indicadores en un contexto institucional.,2017,ARTICLE,INV-087;INV-096,visualización de indicadores,Revista Latinoamericana de Investigación Aplicada,
PUB-312,Resultados aplicados en evaluación de políticas públicas,Artículo que sintetiza hallazgos sobre evaluación de políticas públicas en un contexto institucional.,2018,ARTICLE,INV-115;INV-116,evaluación de políticas públicas,Revista Latinoamericana de Investigación Aplicada,
PUB-313,Resultados aplicados en competencias digitales docentes,Artículo que sintetiza hallazgos sobre competencias digitales docentes en un contexto institucional.,2019,ARTICLE,INV-139;INV-133,competencias digitales docentes,Revista Latinoamericana de Investigación Aplicada,
PUB-314,Resultados aplicados en gestión de servicios de salud,Artículo que sintetiza hallazgos sobre gestión de servicios de salud en un contexto institucional.,2020,ARTICLE,INV-176;INV-166,gestión de servicios de salud,Revista Latinoamericana de Investigación Aplicada,
PUB-315,Resultados aplicados en calidad de software,Artículo que sintetiza hallazgos sobre calidad de software en un contexto institucional.,2021,ARTICLE,INV-014;INV-042,calidad de software,Revista Latinoamericana de Investigación Aplicada,
PUB-316,Resultados aplicados en transformación cultural,Artículo que sintetiza hallazgos sobre transformación cultural en un contexto institucional.,2022,ARTICLE,INV-056;INV-051,transformación cultural,Revista Latinoamericana de Investigación Aplicada,
PUB-317,Resultados aplicados en economía circular,Artículo que sintetiza hallazgos sobre economía circular en un contexto institucional.,2023,ARTICLE,INV-094;INV-080,economía circular,Revista Latinoamericana de Investigación Aplicada,
PUB-318,Resultados aplicados en gestión de proyectos,Artículo que sintetiza hallazgos sobre gestión de proyectos en un contexto institucional.,2024,ARTICLE,INV-102;INV-125,gestión de proyectos,Revista Latinoamericana de Investigación Aplicada,
PUB-319,Resultados aplicados en analítica de satisfacción,Artículo que sintetiza hallazgos sobre analítica de satisfacción en un contexto institucional.,2025,ARTICLE,INV-131;INV-129,analítica de satisfacción,Revista Latinoamericana de Investigación Aplicada,
PUB-320,Resultados aplicados en interoperabilidad de datos,Artículo que sintetiza hallazgos sobre interoperabilidad de datos en un contexto institucional.,2026,ARTICLE,INV-176;INV-165,interoperabilidad de datos,Revista Latinoamericana de Investigación Aplicada,
PUB-321,Resultados aplicados en automatización de procesos administrativos,Artículo que sintetiza hallazgos sobre automatización de procesos administrativos en un contexto institucional.,2017,ARTICLE,INV-033;INV-019,automatización de procesos administrativos,Revista Latinoamericana de Investigación Aplicada,
PUB-322,Resultados aplicados en experiencia de usuario en servicios digitales,Artículo que sintetiza hallazgos sobre experiencia de usuario en servicios digitales en un contexto institucional.,2018,ARTICLE,INV-049;INV-072,experiencia de usuario en servicios digitales,Revista Latinoamericana de Investigación Aplicada,
PUB-323,Resultados aplicados en gestión documental,Artículo que sintetiza hallazgos sobre gestión documental en un contexto institucional.,2019,ARTICLE,INV-084;INV-081,gestión documental,Revista Latinoamericana de Investigación Aplicada,
PUB-324,Resultados aplicados en adopción tecnológica en pequeñas empresas,Artículo que sintetiza hallazgos sobre adopción tecnológica en pequeñas empresas en un contexto institucional.,2020,ARTICLE,INV-120;INV-106,adopción tecnológica en pequeñas empresas,Revista Latinoamericana de Investigación Aplicada,
PUB-325,Resultados aplicados en telemetría industrial,Artículo que sintetiza hallazgos sobre telemetría industrial en un contexto institucional.,2021,ARTICLE,INV-134;INV-150,telemetría industrial,Revista Latinoamericana de Investigación Aplicada,
PUB-326,Resultados aplicados en análisis de movilidad urbana,Artículo que sintetiza hallazgos sobre análisis de movilidad urbana en un contexto institucional.,2022,ARTICLE,INV-176;INV-170,análisis de movilidad urbana,Revista Latinoamericana de Investigación Aplicada,
PUB-327,Resultados aplicados en bienestar universitario,Artículo que sintetiza hallazgos sobre bienestar universitario en un contexto institucional.,2023,ARTICLE,INV-026;INV-003,bienestar universitario,Revista Latinoamericana de Investigación Aplicada,
PUB-328,Resultados aplicados en gestión de inventarios,Artículo que sintetiza hallazgos sobre gestión de inventarios en un contexto institucional.,2024,ARTICLE,INV-059;INV-053,gestión de inventarios,Revista Latinoamericana de Investigación Aplicada,
PUB-329,Resultados aplicados en educación financiera,Artículo que sintetiza hallazgos sobre educación financiera en un contexto institucional.,2025,ARTICLE,INV-092;INV-098,educación financiera,Revista Latinoamericana de Investigación Aplicada,
PUB-330,Resultados aplicados en comunicación organizacional,Artículo que sintetiza hallazgos sobre comunicación organizacional en un contexto institucional.,2026,ARTICLE,INV-116;INV-121,comunicación organizacional,Revista Latinoamericana de Investigación Aplicada,
PUB-331,Resultados aplicados en gestión de residuos,Artículo que sintetiza hallazgos sobre gestión de residuos en un contexto institucional.,2017,ARTICLE,INV-129;INV-150,gestión de residuos,Revista Latinoamericana de Investigación Aplicada,
PUB-332,Resultados aplicados en materiales sostenibles,Artículo que sintetiza hallazgos sobre materiales sostenibles en un contexto institucional.,2018,ARTICLE,INV-162;INV-165,materiales sostenibles,Revista Latinoamericana de Investigación Aplicada,
PUB-333,Resultados aplicados en simulación de sistemas físicos,Artículo que sintetiza hallazgos sobre simulación de sistemas físicos en un contexto institucional.,2019,ARTICLE,INV-031;INV-036,,Revista Latinoamericana de Investigación Aplicada,
PUB-334,Resultados aplicados en optimización de horarios,Artículo que sintetiza hallazgos sobre optimización de horarios en un contexto institucional.,2020,ARTICLE,INV-072;INV-051,optimización de horarios,Revista Latinoamericana de Investigación Aplicada,
PUB-335,Resultados aplicados en visualización de indicadores,Artículo que sintetiza hallazgos sobre visualización de indicadores en un contexto institucional.,2021,ARTICLE,INV-093;INV-090,visualización de indicadores,Revista Latinoamericana de Investigación Aplicada,
PUB-336,Resultados aplicados en evaluación de políticas públicas,Artículo que sintetiza hallazgos sobre evaluación de políticas públicas en un contexto institucional.,2022,ARTICLE,INV-125;INV-104,evaluación de políticas públicas,Revista Latinoamericana de Investigación Aplicada,
PUB-337,Resultados aplicados en competencias digitales docentes,Artículo que sintetiza hallazgos sobre competencias digitales docentes en un contexto institucional.,2023,ARTICLE,INV-149;INV-136,competencias digitales docentes,Revista Latinoamericana de Investigación Aplicada,
PUB-338,Resultados aplicados en gestión de servicios de salud,Artículo que sintetiza hallazgos sobre gestión de servicios de salud en un contexto institucional.,2024,ARTICLE,INV-159;INV-161,gestión de servicios de salud,Revista Latinoamericana de Investigación Aplicada,
PUB-339,Resultados aplicados en calidad de software,Artículo que sintetiza hallazgos sobre calidad de software en un contexto institucional.,2025,ARTICLE,INV-027;INV-015,calidad de software,Revista Latinoamericana de Investigación Aplicada,
PUB-340,Resultados aplicados en transformación cultural,Artículo que sintetiza hallazgos sobre transformación cultural en un contexto institucional.,2026,ARTICLE,INV-061;INV-060,transformación cultural,Revista Latinoamericana de Investigación Aplicada,
PUB-341,Resultados aplicados en economía circular,Artículo que sintetiza hallazgos sobre economía circular en un contexto institucional.,2017,ARTICLE,INV-080;INV-085,economía circular,Revista Latinoamericana de Investigación Aplicada,
PUB-342,Resultados aplicados en gestión de proyectos,Artículo que sintetiza hallazgos sobre gestión de proyectos en un contexto institucional.,2018,ARTICLE,INV-126;INV-122,gestión de proyectos,Revista Latinoamericana de Investigación Aplicada,
PUB-343,Resultados aplicados en analítica de satisfacción,Artículo que sintetiza hallazgos sobre analítica de satisfacción en un contexto institucional.,2019,ARTICLE,INV-152;INV-150,analítica de satisfacción,Revista Latinoamericana de Investigación Aplicada,
PUB-344,Resultados aplicados en interoperabilidad de datos,Artículo que sintetiza hallazgos sobre interoperabilidad de datos en un contexto institucional.,2020,ARTICLE,INV-162;INV-165,interoperabilidad de datos,Revista Latinoamericana de Investigación Aplicada,
PUB-345,Resultados aplicados en automatización de procesos administrativos,Artículo que sintetiza hallazgos sobre automatización de procesos administrativos en un contexto institucional.,2021,ARTICLE,INV-031;INV-024,automatización de procesos administrativos,Revista Latinoamericana de Investigación Aplicada,
PUB-346,Resultados aplicados en experiencia de usuario en servicios digitales,Artículo que sintetiza hallazgos sobre experiencia de usuario en servicios digitales en un contexto institucional.,2022,ARTICLE,INV-066;INV-049,experiencia de usuario en servicios digitales,Revista Latinoamericana de Investigación Aplicada,
PUB-347,Resultados aplicados en gestión documental,Artículo que sintetiza hallazgos sobre gestión documental en un contexto institucional.,2023,ARTICLE,INV-099;INV-091,gestión documental,Revista Latinoamericana de Investigación Aplicada,
PUB-348,Resultados aplicados en adopción tecnológica en pequeñas empresas,Artículo que sintetiza hallazgos sobre adopción tecnológica en pequeñas empresas en un contexto institucional.,2024,ARTICLE,INV-127;INV-122,adopción tecnológica en pequeñas empresas,Revista Latinoamericana de Investigación Aplicada,
PUB-349,Resultados aplicados en telemetría industrial,Artículo que sintetiza hallazgos sobre telemetría industrial en un contexto institucional.,2025,ARTICLE,INV-138;INV-143,telemetría industrial,Revista Latinoamericana de Investigación Aplicada,
PUB-350,Resultados aplicados en análisis de movilidad urbana,Artículo que sintetiza hallazgos sobre análisis de movilidad urbana en un contexto institucional.,2026,ARTICLE,INV-168;INV-159,análisis de movilidad urbana,Revista Latinoamericana de Investigación Aplicada,
PUB-351,Resultados aplicados en bienestar universitario,Artículo que sintetiza hallazgos sobre bienestar universitario en un contexto institucional.,2017,ARTICLE,INV-010;INV-031,bienestar universitario,Revista Latinoamericana de Investigación Aplicada,
PUB-352,Resultados aplicados en gestión de inventarios,Artículo que sintetiza hallazgos sobre gestión de inventarios en un contexto institucional.,2018,ARTICLE,INV-066;INV-047,gestión de inventarios,Revista Latinoamericana de Investigación Aplicada,
PUB-353,Resultados aplicados en educación financiera,Artículo que sintetiza hallazgos sobre educación financiera en un contexto institucional.,2019,ARTICLE,INV-093;INV-099,educación financiera,Revista Latinoamericana de Investigación Aplicada,
PUB-354,Resultados aplicados en comunicación organizacional,Artículo que sintetiza hallazgos sobre comunicación organizacional en un contexto institucional.,2020,ARTICLE,INV-101;INV-124,comunicación organizacional,Revista Latinoamericana de Investigación Aplicada,
PUB-355,Resultados aplicados en gestión de residuos,Artículo que sintetiza hallazgos sobre gestión de residuos en un contexto institucional.,2021,ARTICLE,INV-154;INV-136,gestión de residuos,Revista Latinoamericana de Investigación Aplicada,
PUB-356,Resultados aplicados en materiales sostenibles,Artículo que sintetiza hallazgos sobre materiales sostenibles en un contexto institucional.,2022,ARTICLE,INV-162;INV-159,materiales sostenibles,Revista Latinoamericana de Investigación Aplicada,
PUB-357,Resultados aplicados en simulación de sistemas físicos,Artículo que sintetiza hallazgos sobre simulación de sistemas físicos en un contexto institucional.,2023,ARTICLE,INV-018;INV-010,simulación de sistemas físicos,Revista Latinoamericana de Investigación Aplicada,
PUB-358,Resultados aplicados en optimización de horarios,Artículo que sintetiza hallazgos sobre optimización de horarios en un contexto institucional.,2024,ARTICLE,INV-052;INV-055,optimización de horarios,Revista Latinoamericana de Investigación Aplicada,
PUB-359,Resultados aplicados en visualización de indicadores,Artículo que sintetiza hallazgos sobre visualización de indicadores en un contexto institucional.,2025,ARTICLE,INV-094;INV-089,visualización de indicadores,Revista Latinoamericana de Investigación Aplicada,
PUB-360,Resultados aplicados en evaluación de políticas públicas,Artículo que sintetiza hallazgos sobre evaluación de políticas públicas en un contexto institucional.,2026,ARTICLE,INV-101;INV-118,evaluación de políticas públicas,Revista Latinoamericana de Investigación Aplicada,
