thesis_id,title,abstract,problem_statement,general_objective,methodology,main_results,conclusions,program_id,graduation_year,keywords,status,repository_reference,research_area,application_context,data_or_population
THS-001,Caracterización de permanencia estudiantil en relación con riesgo académico,"Trabajo de grado que analiza permanencia estudiantil mediante analítica educativa, considerando su relación con riesgo académico en un contexto universitario o aplicado.",Existe conocimiento disperso sobre permanencia estudiantil y no siempre se comprende su relación con riesgo académico.,Analizar permanencia estudiantil mediante analítica educativa para producir evidencia sobre riesgo académico.,"Revisión de antecedentes, preparación de datos, analítica educativa y validación de resultados.",Se identificaron patrones y hallazgos pertinentes para comprender riesgo académico.,"Los resultados muestran potencial de aplicación, con limitaciones relacionadas con cobertura y contexto.",PRG-010,2018,permanencia estudiantil;riesgo académico;analítica educativa,APPROVED,repo://thesis/001,Licenciatura en Tecnología e Informática,riesgo académico,synthetic institutional data
THS-002,Evaluación de modelos longitudinales para analizar riesgo académico,"Trabajo de grado que analiza riesgo académico mediante modelos longitudinales, considerando su relación con trayectorias educativas en un contexto universitario o aplicado.",Existe conocimiento disperso sobre riesgo académico y no siempre se comprende su relación con trayectorias educativas.,Analizar riesgo académico mediante modelos longitudinales para producir evidencia sobre trayectorias educativas.,"Revisión de antecedentes, preparación de datos, modelos longitudinales y validación de resultados.",Se identificaron patrones y hallazgos pertinentes para comprender trayectorias educativas.,"Los resultados muestran potencial de aplicación, con limitaciones relacionadas con cobertura y contexto.",PRG-012,2019,riesgo académico;trayectorias educativas;modelos longitudinales,APPROVED,repo://thesis/002,Ciencias de la Educación,trayectorias educativas,synthetic institutional data
THS-003,Modelo aplicado para el estudio de trayectorias educativas,"Trabajo de grado que analiza trayectorias educativas mediante clasificación supervisada, considerando su relación con student attrition en un contexto universitario o aplicado.",Existe conocimiento disperso sobre trayectorias educativas y no siempre se comprende su relación con student attrition.,Analizar trayectorias educativas mediante clasificación supervisada para producir evidencia sobre student attrition.,"Revisión de antecedentes, preparación de datos, clasificación supervisada y validación de resultados.",Se identificaron patrones y hallazgos pertinentes para comprender student attrition.,"Los resultados muestran potencial de aplicación, con limitaciones relacionadas con cobertura y contexto.",PRG-010,2020,trayectorias educativas;student attrition;clasificación supervisada,APPROVED,repo://thesis/003,Licenciatura en Tecnología e Informática,student attrition,synthetic institutional data
THS-004,Análisis de patrones asociados con acompañamiento temprano,"Trabajo de grado que analiza student attrition mediante analítica educativa, considerando su relación con acompañamiento temprano en un contexto universitario o aplicado.",Existe conocimiento disperso sobre student attrition y no siempre se comprende su relación con acompañamiento temprano.,Analizar student attrition mediante analítica educativa para producir evidencia sobre acompañamiento temprano.,"Revisión de antecedentes, preparación de datos, analítica educativa y validación de resultados.",Se identificaron patrones y hallazgos pertinentes para comprender acompañamiento temprano.,"Los resultados muestran potencial de aplicación, con limitaciones relacionadas con cobertura y contexto.",PRG-012,2021,student attrition;acompañamiento temprano;analítica educativa,APPROVED,repo://thesis/004,Ciencias de la Educación,acompañamiento temprano,synthetic institutional data
THS-005,Caracterización de acompañamiento temprano en relación con permanencia estudiantil,"Trabajo de grado que analiza acompañamiento temprano mediante modelos longitudinales, considerando su relación con permanencia estudiantil en un contexto universitario o aplicado.",Existe conocimiento disperso sobre acompañamiento temprano y no siempre se comprende su relación con permanencia estudiantil.,Analizar acompañamiento temprano mediante modelos longitudinales para producir evidencia sobre permanencia estudiantil.,"Revisión de antecedentes, preparación de datos, modelos longitudinales y validación de resultados.",Se identificaron patrones y hallazgos pertinentes para comprender permanencia estudiantil.,"Los resultados muestran potencial de aplicación, con limitaciones relacionadas con cobertura y contexto.",PRG-012,2022,acompañamiento temprano;permanencia estudiantil;modelos longitudinales,APPROVED,repo://thesis/005,Ciencias de la Educación,permanencia estudiantil,synthetic institutional data
THS-006,Evaluación de clasificación supervisada para analizar permanencia estudiantil,"Trabajo de grado que analiza permanencia estudiantil mediante clasificación supervisada, considerando su relación con riesgo académico en un contexto universitario o aplicado.",Existe conocimiento disperso sobre permanencia estudiantil y no siempre se comprende su relación con riesgo académico.,Analizar permanencia estudiantil mediante clasificación supervisada para producir evidencia sobre riesgo académico.,"Revisión de antecedentes, preparación de datos, clasificación supervisada y validación de resultados.",Se identificaron patrones y hallazgos pertinentes para comprender riesgo académico.,"Los resultados muestran potencial de aplicación, con limitaciones relacionadas con cobertura y contexto.",PRG-011,2023,permanencia estudiantil;riesgo académico;clasificación supervisada,APPROVED,repo://thesis/006,Psicología,riesgo académico,synthetic institutional data
THS-007,Modelo aplicado para el estudio de riesgo académico,"Trabajo de grado que analiza riesgo académico mediante analítica educativa, considerando su relación con trayectorias educativas en un contexto universitario o aplicado.",Existe conocimiento disperso sobre riesgo académico y no siempre se comprende su relación con trayectorias educativas.,Analizar riesgo académico mediante analítica educativa para producir evidencia sobre trayectorias educativas.,"Revisión de antecedentes, preparación de datos, analítica educativa y validación de resultados.",Se identificaron patrones y hallazgos pertinentes para comprender trayectorias educativas.,"Los resultados muestran potencial de aplicación, con limitaciones relacionadas con cobertura y contexto.",PRG-011,2024,riesgo académico;trayectorias educativas;analítica educativa,APPROVED,repo://thesis/007,Psicología,trayectorias educativas,synthetic institutional data
THS-008,Análisis de patrones asociados con student attrition,"Trabajo de grado que analiza trayectorias educativas mediante modelos longitudinales, considerando su relación con student attrition en un contexto universitario o aplicado.",Existe conocimiento disperso sobre trayectorias educativas y no siempre se comprende su relación con student attrition.,Analizar trayectorias educativas mediante modelos longitudinales para producir evidencia sobre student attrition.,"Revisión de antecedentes, preparación de datos, modelos longitudinales y validación de resultados.",Se identificaron patrones y hallazgos pertinentes para comprender student attrition.,"Los resultados muestran potencial de aplicación, con limitaciones relacionadas con cobertura y contexto.",PRG-011,2025,trayectorias educativas;student attrition;modelos longitudinales,APPROVED,repo://thesis/008,Psicología,student attrition,synthetic institutional data
THS-009,Caracterización de student attrition en relación con acompañamiento temprano,"Trabajo de grado que analiza student attrition mediante clasificación supervisada, considerando su relación con acompañamiento temprano en un contexto universitario o aplicado.",Existe conocimiento disperso sobre student attrition y no siempre se comprende su relación con acompañamiento temprano.,Analizar student attrition mediante clasificación supervisada para producir evidencia sobre acompañamiento temprano.,"Revisión de antecedentes, preparación de datos, clasificación supervisada y validación de resultados.",Se identificaron patrones y hallazgos pertinentes para comprender acompañamiento temprano.,"Los resultados muestran potencial de aplicación, con limitaciones relacionadas con cobertura y contexto.",PRG-011,2026,student attrition;acompañamiento temprano;clasificación supervisada,APPROVED,repo://thesis/009,Psicología,acompañamiento temprano,synthetic institutional data
THS-010,Acompañamiento Temprano and permanencia estudiantil: a university case study,"This thesis examines acompañamiento temprano through analítica educativa, with emphasis on permanencia estudiantil and evidence available in an institutional context.",Current approaches provide incomplete understanding of acompañamiento temprano and its implications for permanencia estudiantil.,Evaluate analítica educativa for analyzing acompañamiento temprano in relation to permanencia estudiantil.,"Data preparation, analítica educativa, validation and interpretation.",The study identifies patterns and limitations relevant to permanencia estudiantil.,The approach is useful under defined conditions and requires contextual validation.,PRG-010,2017,acompañamiento temprano;permanencia estudiantil;analítica educativa,APPROVED,repo://thesis/010,Licenciatura en Tecnología e Informática,permanencia estudiantil,synthetic institutional data
THS-011,Modelo aplicado para el estudio de permanencia estudiantil,"Trabajo de grado que analiza permanencia estudiantil mediante modelos longitudinales, considerando su relación con riesgo académico en un contexto universitario o aplicado.",Existe conocimiento disperso sobre permanencia estudiantil y no siempre se comprende su relación con riesgo académico.,Analizar permanencia estudiantil mediante modelos longitudinales para producir evidencia sobre riesgo académico.,"Revisión de antecedentes, preparación de datos, modelos longitudinales y validación de resultados.",Se identificaron patrones y hallazgos pertinentes para comprender riesgo académico.,"Los resultados muestran potencial de aplicación, con limitaciones relacionadas con cobertura y contexto.",PRG-010,2018,permanencia estudiantil;riesgo académico;modelos longitudinales,APPROVED,repo://thesis/011,Licenciatura en Tecnología e Informática,riesgo académico,synthetic institutional data
THS-012,Análisis de patrones asociados con trayectorias educativas,"Trabajo de grado que analiza riesgo académico mediante clasificación supervisada, considerando su relación con trayectorias educativas en un contexto universitario o aplicado.",Existe conocimiento disperso sobre riesgo académico y no siempre se comprende su relación con trayectorias educativas.,Analizar riesgo académico mediante clasificación supervisada para producir evidencia sobre trayectorias educativas.,"Revisión de antecedentes, preparación de datos, clasificación supervisada y validación de resultados.",Se identificaron patrones y hallazgos pertinentes para comprender trayectorias educativas.,"Los resultados muestran potencial de aplicación, con limitaciones relacionadas con cobertura y contexto.",PRG-012,2019,riesgo académico;trayectorias educativas;clasificación supervisada,APPROVED,repo://thesis/012,Ciencias de la Educación,trayectorias educativas,synthetic institutional data
THS-013,Caracterización de trayectorias educativas en relación con student attrition,"Trabajo de grado que analiza trayectorias educativas mediante analítica educativa, considerando su relación con student attrition en un contexto universitario o aplicado.",Existe conocimiento disperso sobre trayectorias educativas y no siempre se comprende su relación con student attrition.,Analizar trayectorias educativas mediante analítica educativa para producir evidencia sobre student attrition.,"Revisión de antecedentes, preparación de datos, analítica educativa y validación de resultados.",Se identificaron patrones y hallazgos pertinentes para comprender student attrition.,"Los resultados muestran potencial de aplicación, con limitaciones relacionadas con cobertura y contexto.",PRG-010,2020,trayectorias educativas;student attrition;analítica educativa,APPROVED,repo://thesis/013,Licenciatura en Tecnología e Informática,student attrition,synthetic institutional data
THS-014,Evaluación de modelos longitudinales para analizar student attrition,"Trabajo de grado que analiza student attrition mediante modelos longitudinales, considerando su relación con acompañamiento temprano en un contexto universitario o aplicado.",Existe conocimiento disperso sobre student attrition y no siempre se comprende su relación con acompañamiento temprano.,Analizar student attrition mediante modelos longitudinales para producir evidencia sobre acompañamiento temprano.,"Revisión de antecedentes, preparación de datos, modelos longitudinales y validación de resultados.",Se identificaron patrones y hallazgos pertinentes para comprender acompañamiento temprano.,"Los resultados muestran potencial de aplicación, con limitaciones relacionadas con cobertura y contexto.",PRG-010,2021,student attrition;acompañamiento temprano;modelos longitudinales,APPROVED,repo://thesis/014,Licenciatura en Tecnología e Informática,acompañamiento temprano,synthetic institutional data
THS-015,Modelo aplicado para el estudio de acompañamiento temprano,"Trabajo de grado que analiza acompañamiento temprano mediante clasificación supervisada, considerando su relación con permanencia estudiantil en un contexto universitario o aplicado.",Existe conocimiento disperso sobre acompañamiento temprano y no siempre se comprende su relación con permanencia estudiantil.,Analizar acompañamiento temprano mediante clasificación supervisada para producir evidencia sobre permanencia estudiantil.,"Revisión de antecedentes, preparación de datos, clasificación supervisada y validación de resultados.",Se identificaron patrones y hallazgos pertinentes para comprender permanencia estudiantil.,"Los resultados muestran potencial de aplicación, con limitaciones relacionadas con cobertura y contexto.",PRG-010,2022,acompañamiento temprano;permanencia estudiantil;clasificación supervisada,APPROVED,repo://thesis/015,Licenciatura en Tecnología e Informática,permanencia estudiantil,synthetic institutional data
THS-016,Análisis de patrones asociados con riesgo académico,"Trabajo de grado que analiza permanencia estudiantil mediante analítica educativa, considerando su relación con riesgo académico en un contexto universitario o aplicado.",Existe conocimiento disperso sobre permanencia estudiantil y no siempre se comprende su relación con riesgo académico.,Analizar permanencia estudiantil mediante analítica educativa para producir evidencia sobre riesgo académico.,"Revisión de antecedentes, preparación de datos, analítica educativa y validación de resultados.",Se identificaron patrones y hallazgos pertinentes para comprender riesgo académico.,"Los resultados muestran potencial de aplicación, con limitaciones relacionadas con cobertura y contexto.",PRG-012,2023,permanencia estudiantil;riesgo académico;analítica educativa,APPROVED,repo://thesis/016,Ciencias de la Educación,riesgo académico,synthetic institutional data
THS-017,Caracterización de riesgo académico en relación con trayectorias educativas,"Trabajo de grado que analiza riesgo académico mediante modelos longitudinales, considerando su relación con trayectorias educativas en un contexto universitario o aplicado.",Existe conocimiento disperso sobre riesgo académico y no siempre se comprende su relación con trayectorias educativas.,Analizar riesgo académico mediante modelos longitudinales para producir evidencia sobre trayectorias educativas.,"Revisión de antecedentes, preparación de datos, modelos longitudinales y validación de resultados.",Se identificaron patrones y hallazgos pertinentes para comprender trayectorias educativas.,"Los resultados muestran potencial de aplicación, con limitaciones relacionadas con cobertura y contexto.",PRG-010,2024,riesgo académico;trayectorias educativas;modelos longitudinales,APPROVED,repo://thesis/017,Licenciatura en Tecnología e Informática,trayectorias educativas,synthetic institutional data
THS-018,Evaluación de clasificación supervisada para analizar trayectorias educativas,"Trabajo de grado que analiza trayectorias educativas mediante clasificación supervisada, considerando su relación con student attrition en un contexto universitario o aplicado.",Existe conocimiento disperso sobre trayectorias educativas y no siempre se comprende su relación con student attrition.,Analizar trayectorias educativas mediante clasificación supervisada para producir evidencia sobre student attrition.,"Revisión de antecedentes, preparación de datos, clasificación supervisada y validación de resultados.",Se identificaron patrones y hallazgos pertinentes para comprender student attrition.,"Los resultados muestran potencial de aplicación, con limitaciones relacionadas con cobertura y contexto.",PRG-012,2025,trayectorias educativas;student attrition;clasificación supervisada,APPROVED,repo://thesis/018,Ciencias de la Educación,student attrition,synthetic institutional data
THS-019,Modelo aplicado para el estudio de student attrition,"Trabajo de grado que analiza student attrition mediante analítica educativa, considerando su relación con acompañamiento temprano en un contexto universitario o aplicado.",Existe conocimiento disperso sobre student attrition y no siempre se comprende su relación con acompañamiento temprano.,Analizar student attrition mediante analítica educativa para producir evidencia sobre acompañamiento temprano.,"Revisión de antecedentes, preparación de datos, analítica educativa y validación de resultados.",Se identificaron patrones y hallazgos pertinentes para comprender acompañamiento temprano.,"Los resultados muestran potencial de aplicación, con limitaciones relacionadas con cobertura y contexto.",PRG-011,2026,student attrition;acompañamiento temprano;analítica educativa,APPROVED,repo://thesis/019,Psicología,acompañamiento temprano,synthetic institutional data
THS-020,Acompañamiento Temprano and permanencia estudiantil: a university case study,"This thesis examines acompañamiento temprano through modelos longitudinales, with emphasis on permanencia estudiantil and evidence available in an institutional context.",Current approaches provide incomplete understanding of acompañamiento temprano and its implications for permanencia estudiantil.,Evaluate modelos longitudinales for analyzing acompañamiento temprano in relation to permanencia estudiantil.,"Data preparation, modelos longitudinales, validation and interpretation.",The study identifies patterns and limitations relevant to permanencia estudiantil.,The approach is useful under defined conditions and requires contextual validation.,PRG-010,2017,acompañamiento temprano;permanencia estudiantil;modelos longitudinales,APPROVED,repo://thesis/020,Licenciatura en Tecnología e Informática,permanencia estudiantil,synthetic institutional data
THS-021,Caracterización de aprendizaje adaptativo en relación con personalización,"Trabajo de grado que analiza aprendizaje adaptativo mediante analítica educativa, considerando su relación con personalización en un contexto universitario o aplicado.",Existe conocimiento disperso sobre aprendizaje adaptativo y no siempre se comprende su relación con personalización.,Analizar aprendizaje adaptativo mediante analítica educativa para producir evidencia sobre personalización.,"Revisión de antecedentes, preparación de datos, analítica educativa y validación de resultados.",Se identificaron patrones y hallazgos pertinentes para comprender personalización.,"Los resultados muestran potencial de aplicación, con limitaciones relacionadas con cobertura y contexto.",PRG-010,2019,aprendizaje adaptativo;personalización;analítica educativa,APPROVED,repo://thesis/021,Licenciatura en Tecnología e Informática,personalización,synthetic institutional data
THS-022,Evaluación de modelamiento de usuarios para analizar personalización,"Trabajo de grado que analiza personalización mediante modelamiento de usuarios, considerando su relación con secuencias de aprendizaje en un contexto universitario o aplicado.",Existe conocimiento disperso sobre personalización y no siempre se comprende su relación con secuencias de aprendizaje.,Analizar personalización mediante modelamiento de usuarios para producir evidencia sobre secuencias de aprendizaje.,"Revisión de antecedentes, preparación de datos, modelamiento de usuarios y validación de resultados.",Se identificaron patrones y hallazgos pertinentes para comprender secuencias de aprendizaje.,"Los resultados muestran potencial de aplicación, con limitaciones relacionadas con cobertura y contexto.",PRG-012,2020,personalización;secuencias de aprendizaje;modelamiento de usuarios,APPROVED,repo://thesis/022,Ciencias de la Educación,secuencias de aprendizaje,synthetic institutional data
THS-023,Modelo aplicado para el estudio de secuencias de aprendizaje,"Trabajo de grado que analiza secuencias de aprendizaje mediante sistemas recomendadores, considerando su relación con learning analytics en un contexto universitario o aplicado.",Existe conocimiento disperso sobre secuencias de aprendizaje y no siempre se comprende su relación con learning analytics.,Analizar secuencias de aprendizaje mediante sistemas recomendadores para producir evidencia sobre learning analytics.,"Revisión de antecedentes, preparación de datos, sistemas recomendadores y validación de resultados.",Se identificaron patrones y hallazgos pertinentes para comprender learning analytics.,"Los resultados muestran potencial de aplicación, con limitaciones relacionadas con cobertura y contexto.",PRG-012,2021,secuencias de aprendizaje;learning analytics;sistemas recomendadores,APPROVED,repo://thesis/023,Ciencias de la Educación,learning analytics,synthetic institutional data
THS-024,Análisis de patrones asociados con perfil del estudiante,"Trabajo de grado que analiza learning analytics mediante analítica educativa, considerando su relación con perfil del estudiante en un contexto universitario o aplicado.",Existe conocimiento disperso sobre learning analytics y no siempre se comprende su relación con perfil del estudiante.,Analizar learning analytics mediante analítica educativa para producir evidencia sobre perfil del estudiante.,"Revisión de antecedentes, preparación de datos, analítica educativa y validación de resultados.",Se identificaron patrones y hallazgos pertinentes para comprender perfil del estudiante.,"Los resultados muestran potencial de aplicación, con limitaciones relacionadas con cobertura y contexto.",PRG-011,2022,learning analytics;perfil del estudiante;analítica educativa,APPROVED,repo://thesis/024,Psicología,perfil del estudiante,synthetic institutional data
THS-025,Caracterización de perfil del estudiante en relación con aprendizaje adaptativo,"Trabajo de grado que analiza perfil del estudiante mediante modelamiento de usuarios, considerando su relación con aprendizaje adaptativo en un contexto universitario o aplicado.",Existe conocimiento disperso sobre perfil del estudiante y no siempre se comprende su relación con aprendizaje adaptativo.,Analizar perfil del estudiante mediante modelamiento de usuarios para producir evidencia sobre aprendizaje adaptativo.,"Revisión de antecedentes, preparación de datos, modelamiento de usuarios y validación de resultados.",Se identificaron patrones y hallazgos pertinentes para comprender aprendizaje adaptativo.,"Los resultados muestran potencial de aplicación, con limitaciones relacionadas con cobertura y contexto.",PRG-011,2023,perfil del estudiante;aprendizaje adaptativo;modelamiento de usuarios,APPROVED,repo://thesis/025,Psicología,aprendizaje adaptativo,synthetic institutional data
THS-026,Evaluación de sistemas recomendadores para analizar aprendizaje adaptativo,"Trabajo de grado que analiza aprendizaje adaptativo mediante sistemas recomendadores, considerando su relación con personalización en un contexto universitario o aplicado.",Existe conocimiento disperso sobre aprendizaje adaptativo y no siempre se comprende su relación con personalización.,Analizar aprendizaje adaptativo mediante sistemas recomendadores para producir evidencia sobre personalización.,"Revisión de antecedentes, preparación de datos, sistemas recomendadores y validación de resultados.",Se identificaron patrones y hallazgos pertinentes para comprender personalización.,"Los resultados muestran potencial de aplicación, con limitaciones relacionadas con cobertura y contexto.",PRG-012,2024,aprendizaje adaptativo;personalización;sistemas recomendadores,APPROVED,repo://thesis/026,Ciencias de la Educación,personalización,synthetic institutional data
THS-027,Modelo aplicado para el estudio de personalización,"Trabajo de grado que analiza personalización mediante analítica educativa, considerando su relación con secuencias de aprendizaje en un contexto universitario o aplicado.",Existe conocimiento disperso sobre personalización y no siempre se comprende su relación con secuencias de aprendizaje.,Analizar personalización mediante analítica educativa para producir evidencia sobre secuencias de aprendizaje.,"Revisión de antecedentes, preparación de datos, analítica educativa y validación de resultados.",Se identificaron patrones y hallazgos pertinentes para comprender secuencias de aprendizaje.,"Los resultados muestran potencial de aplicación, con limitaciones relacionadas con cobertura y contexto.",PRG-010,2025,personalización;secuencias de aprendizaje;analítica educativa,APPROVED,repo://thesis/027,Licenciatura en Tecnología e Informática,secuencias de aprendizaje,synthetic institutional data
THS-028,Análisis de patrones asociados con learning analytics,"Trabajo de grado que analiza secuencias de aprendizaje mediante modelamiento de usuarios, considerando su relación con learning analytics en un contexto universitario o aplicado.",Existe conocimiento disperso sobre secuencias de aprendizaje y no siempre se comprende su relación con learning analytics.,Analizar secuencias de aprendizaje mediante modelamiento de usuarios para producir evidencia sobre learning analytics.,"Revisión de antecedentes, preparación de datos, modelamiento de usuarios y validación de resultados.",Se identificaron patrones y hallazgos pertinentes para comprender learning analytics.,"Los resultados muestran potencial de aplicación, con limitaciones relacionadas con cobertura y contexto.",PRG-010,2026,secuencias de aprendizaje;learning analytics;modelamiento de usuarios,APPROVED,repo://thesis/028,Licenciatura en Tecnología e Informática,learning analytics,synthetic institutional data
THS-029,Caracterización de learning analytics en relación con perfil del estudiante,"Trabajo de grado que analiza learning analytics mediante sistemas recomendadores, considerando su relación con perfil del estudiante en un contexto universitario o aplicado.",Existe conocimiento disperso sobre learning analytics y no siempre se comprende su relación con perfil del estudiante.,Analizar learning analytics mediante sistemas recomendadores para producir evidencia sobre perfil del estudiante.,"Revisión de antecedentes, preparación de datos, sistemas recomendadores y validación de resultados.",Se identificaron patrones y hallazgos pertinentes para comprender perfil del estudiante.,"Los resultados muestran potencial de aplicación, con limitaciones relacionadas con cobertura y contexto.",PRG-012,2017,,APPROVED,repo://thesis/029,Ciencias de la Educación,perfil del estudiante,synthetic institutional data
THS-030,Perfil Del Estudiante and aprendizaje adaptativo: a university case study,"This thesis examines perfil del estudiante through analítica educativa, with emphasis on aprendizaje adaptativo and evidence available in an institutional context.",Current approaches provide incomplete understanding of perfil del estudiante and its implications for aprendizaje adaptativo.,Evaluate analítica educativa for analyzing perfil del estudiante in relation to aprendizaje adaptativo.,"Data preparation, analítica educativa, validation and interpretation.",The study identifies patterns and limitations relevant to aprendizaje adaptativo.,The approach is useful under defined conditions and requires contextual validation.,PRG-011,2018,perfil del estudiante;aprendizaje adaptativo;analítica educativa,APPROVED,repo://thesis/030,Psicología,aprendizaje adaptativo,synthetic institutional data
THS-031,Modelo aplicado para el estudio de aprendizaje adaptativo,"Trabajo de grado que analiza aprendizaje adaptativo mediante modelamiento de usuarios, considerando su relación con personalización en un contexto universitario o aplicado.",Existe conocimiento disperso sobre aprendizaje adaptativo y no siempre se comprende su relación con personalización.,Analizar aprendizaje adaptativo mediante modelamiento de usuarios para producir evidencia sobre personalización.,"Revisión de antecedentes, preparación de datos, modelamiento de usuarios y validación de resultados.",Se identificaron patrones y hallazgos pertinentes para comprender personalización.,"Los resultados muestran potencial de aplicación, con limitaciones relacionadas con cobertura y contexto.",PRG-012,2019,aprendizaje adaptativo;personalización;modelamiento de usuarios,APPROVED,repo://thesis/031,Ciencias de la Educación,personalización,synthetic institutional data
THS-032,Análisis de patrones asociados con secuencias de aprendizaje,"Trabajo de grado que analiza personalización mediante sistemas recomendadores, considerando su relación con secuencias de aprendizaje en un contexto universitario o aplicado.",Existe conocimiento disperso sobre personalización y no siempre se comprende su relación con secuencias de aprendizaje.,Analizar personalización mediante sistemas recomendadores para producir evidencia sobre secuencias de aprendizaje.,"Revisión de antecedentes, preparación de datos, sistemas recomendadores y validación de resultados.",Se identificaron patrones y hallazgos pertinentes para comprender secuencias de aprendizaje.,"Los resultados muestran potencial de aplicación, con limitaciones relacionadas con cobertura y contexto.",PRG-011,2020,personalización;secuencias de aprendizaje;sistemas recomendadores,APPROVED,repo://thesis/032,Psicología,secuencias de aprendizaje,synthetic institutional data
THS-033,Caracterización de secuencias de aprendizaje en relación con learning analytics,"Trabajo de grado que analiza secuencias de aprendizaje mediante analítica educativa, considerando su relación con learning analytics en un contexto universitario o aplicado.",Existe conocimiento disperso sobre secuencias de aprendizaje y no siempre se comprende su relación con learning analytics.,Analizar secuencias de aprendizaje mediante analítica educativa para producir evidencia sobre learning analytics.,"Revisión de antecedentes, preparación de datos, analítica educativa y validación de resultados.",Se identificaron patrones y hallazgos pertinentes para comprender learning analytics.,"Los resultados muestran potencial de aplicación, con limitaciones relacionadas con cobertura y contexto.",PRG-010,2021,secuencias de aprendizaje;learning analytics;analítica educativa,APPROVED,repo://thesis/033,Licenciatura en Tecnología e Informática,learning analytics,synthetic institutional data
THS-034,Evaluación de modelamiento de usuarios para analizar learning analytics,"Trabajo de grado que analiza learning analytics mediante modelamiento de usuarios, considerando su relación con perfil del estudiante en un contexto universitario o aplicado.",Existe conocimiento disperso sobre learning analytics y no siempre se comprende su relación con perfil del estudiante.,Analizar learning analytics mediante modelamiento de usuarios para producir evidencia sobre perfil del estudiante.,"Revisión de antecedentes, preparación de datos, modelamiento de usuarios y validación de resultados.",Se identificaron patrones y hallazgos pertinentes para comprender perfil del estudiante.,"Los resultados muestran potencial de aplicación, con limitaciones relacionadas con cobertura y contexto.",PRG-010,2022,learning analytics;perfil del estudiante;modelamiento de usuarios,APPROVED,repo://thesis/034,Licenciatura en Tecnología e Informática,perfil del estudiante,synthetic institutional data
THS-035,Modelo aplicado para el estudio de perfil del estudiante,"Trabajo de grado que analiza perfil del estudiante mediante sistemas recomendadores, considerando su relación con aprendizaje adaptativo en un contexto universitario o aplicado.",Existe conocimiento disperso sobre perfil del estudiante y no siempre se comprende su relación con aprendizaje adaptativo.,Analizar perfil del estudiante mediante sistemas recomendadores para producir evidencia sobre aprendizaje adaptativo.,"Revisión de antecedentes, preparación de datos, sistemas recomendadores y validación de resultados.",Se identificaron patrones y hallazgos pertinentes para comprender aprendizaje adaptativo.,"Los resultados muestran potencial de aplicación, con limitaciones relacionadas con cobertura y contexto.",PRG-011,2023,perfil del estudiante;aprendizaje adaptativo;sistemas recomendadores,APPROVED,repo://thesis/035,Psicología,aprendizaje adaptativo,synthetic institutional data
THS-036,Análisis de patrones asociados con personalización,"Trabajo de grado que analiza aprendizaje adaptativo mediante analítica educativa, considerando su relación con personalización en un contexto universitario o aplicado.",Existe conocimiento disperso sobre aprendizaje adaptativo y no siempre se comprende su relación con personalización.,Analizar aprendizaje adaptativo mediante analítica educativa para producir evidencia sobre personalización.,"Revisión de antecedentes, preparación de datos, analítica educativa y validación de resultados.",Se identificaron patrones y hallazgos pertinentes para comprender personalización.,"Los resultados muestran potencial de aplicación, con limitaciones relacionadas con cobertura y contexto.",PRG-011,2024,aprendizaje adaptativo;personalización;analítica educativa,APPROVED,repo://thesis/036,Psicología,personalización,synthetic institutional data
THS-037,Caracterización de personalización en relación con secuencias de aprendizaje,"Trabajo de grado que analiza personalización mediante modelamiento de usuarios, considerando su relación con secuencias de aprendizaje en un contexto universitario o aplicado.",Existe conocimiento disperso sobre personalización y no siempre se comprende su relación con secuencias de aprendizaje.,Analizar personalización mediante modelamiento de usuarios para producir evidencia sobre secuencias de aprendizaje.,"Revisión de antecedentes, preparación de datos, modelamiento de usuarios y validación de resultados.",Se identificaron patrones y hallazgos pertinentes para comprender secuencias de aprendizaje.,"Los resultados muestran potencial de aplicación, con limitaciones relacionadas con cobertura y contexto.",PRG-012,2025,personalización;secuencias de aprendizaje;modelamiento de usuarios,APPROVED,repo://thesis/037,Ciencias de la Educación,secuencias de aprendizaje,synthetic institutional data
THS-038,Evaluación de sistemas recomendadores para analizar secuencias de aprendizaje,"Trabajo de grado que analiza secuencias de aprendizaje mediante sistemas recomendadores, considerando su relación con learning analytics en un contexto universitario o aplicado.",Existe conocimiento disperso sobre secuencias de aprendizaje y no siempre se comprende su relación con learning analytics.,Analizar secuencias de aprendizaje mediante sistemas recomendadores para producir evidencia sobre learning analytics.,"Revisión de antecedentes, preparación de datos, sistemas recomendadores y validación de resultados.",Se identificaron patrones y hallazgos pertinentes para comprender learning analytics.,"Los resultados muestran potencial de aplicación, con limitaciones relacionadas con cobertura y contexto.",PRG-012,2026,secuencias de aprendizaje;learning analytics;sistemas recomendadores,APPROVED,repo://thesis/038,Ciencias de la Educación,learning analytics,synthetic institutional data
THS-039,Modelo aplicado para el estudio de learning analytics,"Trabajo de grado que analiza learning analytics mediante analítica educativa, considerando su relación con perfil del estudiante en un contexto universitario o aplicado.",Existe conocimiento disperso sobre learning analytics y no siempre se comprende su relación con perfil del estudiante.,Analizar learning analytics mediante analítica educativa para producir evidencia sobre perfil del estudiante.,"Revisión de antecedentes, preparación de datos, analítica educativa y validación de resultados.",Se identificaron patrones y hallazgos pertinentes para comprender perfil del estudiante.,"Los resultados muestran potencial de aplicación, con limitaciones relacionadas con cobertura y contexto.",PRG-010,2017,learning analytics;perfil del estudiante;analítica educativa,APPROVED,repo://thesis/039,Licenciatura en Tecnología e Informática,perfil del estudiante,synthetic institutional data
THS-040,Perfil Del Estudiante and aprendizaje adaptativo: a university case study,"This thesis examines perfil del estudiante through modelamiento de usuarios, with emphasis on aprendizaje adaptativo and evidence available in an institutional context.",Current approaches provide incomplete understanding of perfil del estudiante and its implications for aprendizaje adaptativo.,Evaluate modelamiento de usuarios for analyzing perfil del estudiante in relation to aprendizaje adaptativo.,"Data preparation, modelamiento de usuarios, validation and interpretation.",The study identifies patterns and limitations relevant to aprendizaje adaptativo.,The approach is useful under defined conditions and requires contextual validation.,PRG-012,2018,perfil del estudiante;aprendizaje adaptativo;modelamiento de usuarios,APPROVED,repo://thesis/040,Ciencias de la Educación,aprendizaje adaptativo,synthetic institutional data
THS-041,Caracterización de competencias en relación con evidencias de aprendizaje,"Trabajo de grado que analiza competencias mediante clasificación de textos, considerando su relación con evidencias de aprendizaje en un contexto universitario o aplicado.",Existe conocimiento disperso sobre competencias y no siempre se comprende su relación con evidencias de aprendizaje.,Analizar competencias mediante clasificación de textos para producir evidencia sobre evidencias de aprendizaje.,"Revisión de antecedentes, preparación de datos, clasificación de textos y validación de resultados.",Se identificaron patrones y hallazgos pertinentes para comprender evidencias de aprendizaje.,"Los resultados muestran potencial de aplicación, con limitaciones relacionadas con cobertura y contexto.",PRG-012,2020,competencias;evidencias de aprendizaje;clasificación de textos,APPROVED,repo://thesis/041,Ciencias de la Educación,evidencias de aprendizaje,synthetic institutional data
THS-042,Evaluación de analítica curricular para analizar evidencias de aprendizaje,"Trabajo de grado que analiza evidencias de aprendizaje mediante analítica curricular, considerando su relación con evaluación formativa en un contexto universitario o aplicado.",Existe conocimiento disperso sobre evidencias de aprendizaje y no siempre se comprende su relación con evaluación formativa.,Analizar evidencias de aprendizaje mediante analítica curricular para producir evidencia sobre evaluación formativa.,"Revisión de antecedentes, preparación de datos, analítica curricular y validación de resultados.",Se identificaron patrones y hallazgos pertinentes para comprender evaluación formativa.,"Los resultados muestran potencial de aplicación, con limitaciones relacionadas con cobertura y contexto.",PRG-011,2021,evidencias de aprendizaje;evaluación formativa;analítica curricular,APPROVED,repo://thesis/042,Psicología,evaluación formativa,synthetic institutional data
THS-043,Modelo aplicado para el estudio de evaluación formativa,"Trabajo de grado que analiza evaluación formativa mediante procesamiento de lenguaje natural, considerando su relación con rubric analysis en un contexto universitario o aplicado.",Existe conocimiento disperso sobre evaluación formativa y no siempre se comprende su relación con rubric analysis.,Analizar evaluación formativa mediante procesamiento de lenguaje natural para producir evidencia sobre rubric analysis.,"Revisión de antecedentes, preparación de datos, procesamiento de lenguaje natural y validación de resultados.",Se identificaron patrones y hallazgos pertinentes para comprender rubric analysis.,"Los resultados muestran potencial de aplicación, con limitaciones relacionadas con cobertura y contexto.",PRG-012,2022,evaluación formativa;rubric analysis;procesamiento de lenguaje natural,APPROVED,repo://thesis/043,Ciencias de la Educación,rubric analysis,synthetic institutional data
THS-044,Análisis de patrones asociados con resultados de aprendizaje,"Trabajo de grado que analiza rubric analysis mediante clasificación de textos, considerando su relación con resultados de aprendizaje en un contexto universitario o aplicado.",Existe conocimiento disperso sobre rubric analysis y no siempre se comprende su relación con resultados de aprendizaje.,Analizar rubric analysis mediante clasificación de textos para producir evidencia sobre resultados de aprendizaje.,"Revisión de antecedentes, preparación de datos, clasificación de textos y validación de resultados.",Se identificaron patrones y hallazgos pertinentes para comprender resultados de aprendizaje.,"Los resultados muestran potencial de aplicación, con limitaciones relacionadas con cobertura y contexto.",PRG-012,2023,rubric analysis;resultados de aprendizaje;clasificación de textos,APPROVED,repo://thesis/044,Ciencias de la Educación,resultados de aprendizaje,synthetic institutional data
THS-045,Caracterización de resultados de aprendizaje en relación con competencias,"Trabajo de grado que analiza resultados de aprendizaje mediante analítica curricular, considerando su relación con competencias en un contexto universitario o aplicado.",Existe conocimiento disperso sobre resultados de aprendizaje y no siempre se comprende su relación con competencias.,Analizar resultados de aprendizaje mediante analítica curricular para producir evidencia sobre competencias.,"Revisión de antecedentes, preparación de datos, analítica curricular y validación de resultados.",Se identificaron patrones y hallazgos pertinentes para comprender competencias.,"Los resultados muestran potencial de aplicación, con limitaciones relacionadas con cobertura y contexto.",PRG-010,2024,resultados de aprendizaje;competencias;analítica curricular,APPROVED,repo://thesis/045,Licenciatura en Tecnología e Informática,competencias,synthetic institutional data
THS-046,Evaluación de procesamiento de lenguaje natural para analizar competencias,"Trabajo de grado que analiza competencias mediante procesamiento de lenguaje natural, considerando su relación con evidencias de aprendizaje en un contexto universitario o aplicado.",Existe conocimiento disperso sobre competencias y no siempre se comprende su relación con evidencias de aprendizaje.,Analizar competencias mediante procesamiento de lenguaje natural para producir evidencia sobre evidencias de aprendizaje.,"Revisión de antecedentes, preparación de datos, procesamiento de lenguaje natural y validación de resultados.",Se identificaron patrones y hallazgos pertinentes para comprender evidencias de aprendizaje.,"Los resultados muestran potencial de aplicación, con limitaciones relacionadas con cobertura y contexto.",PRG-010,2025,competencias;evidencias de aprendizaje;procesamiento de lenguaje natural,APPROVED,repo://thesis/046,Licenciatura en Tecnología e Informática,evidencias de aprendizaje,synthetic institutional data
THS-047,Modelo aplicado para el estudio de evidencias de aprendizaje,"Trabajo de grado que analiza evidencias de aprendizaje mediante clasificación de textos, considerando su relación con evaluación formativa en un contexto universitario o aplicado.",Existe conocimiento disperso sobre evidencias de aprendizaje y no siempre se comprende su relación con evaluación formativa.,Analizar evidencias de aprendizaje mediante clasificación de textos para producir evidencia sobre evaluación formativa.,"Revisión de antecedentes, preparación de datos, clasificación de textos y validación de resultados.",Se identificaron patrones y hallazgos pertinentes para comprender evaluación formativa.,"Los resultados muestran potencial de aplicación, con limitaciones relacionadas con cobertura y contexto.",PRG-012,2026,evidencias de aprendizaje;evaluación formativa;clasificación de textos,APPROVED,repo://thesis/047,Ciencias de la Educación,evaluación formativa,synthetic institutional data
THS-048,Análisis de patrones asociados con rubric analysis,"Trabajo de grado que analiza evaluación formativa mediante analítica curricular, considerando su relación con rubric analysis en un contexto universitario o aplicado.",Existe conocimiento disperso sobre evaluación formativa y no siempre se comprende su relación con rubric analysis.,Analizar evaluación formativa mediante analítica curricular para producir evidencia sobre rubric analysis.,"Revisión de antecedentes, preparación de datos, analítica curricular y validación de resultados.",Se identificaron patrones y hallazgos pertinentes para comprender rubric analysis.,"Los resultados muestran potencial de aplicación, con limitaciones relacionadas con cobertura y contexto.",PRG-011,2017,evaluación formativa;rubric analysis;analítica curricular,APPROVED,repo://thesis/048,Psicología,rubric analysis,synthetic institutional data
THS-049,Caracterización de rubric analysis en relación con resultados de aprendizaje,"Trabajo de grado que analiza rubric analysis mediante procesamiento de lenguaje natural, considerando su relación con resultados de aprendizaje en un contexto universitario o aplicado.",Existe conocimiento disperso sobre rubric analysis y no siempre se comprende su relación con resultados de aprendizaje.,Analizar rubric analysis mediante procesamiento de lenguaje natural para producir evidencia sobre resultados de aprendizaje.,"Revisión de antecedentes, preparación de datos, procesamiento de lenguaje natural y validación de resultados.",Se identificaron patrones y hallazgos pertinentes para comprender resultados de aprendizaje.,"Los resultados muestran potencial de aplicación, con limitaciones relacionadas con cobertura y contexto.",PRG-012,2018,rubric analysis;resultados de aprendizaje;procesamiento de lenguaje natural,APPROVED,repo://thesis/049,Ciencias de la Educación,resultados de aprendizaje,synthetic institutional data
THS-050,Resultados De Aprendizaje and competencias: a university case study,"This thesis examines resultados de aprendizaje through clasificación de textos, with emphasis on competencias and evidence available in an institutional context.",Current approaches provide incomplete understanding of resultados de aprendizaje and its implications for competencias.,Evaluate clasificación de textos for analyzing resultados de aprendizaje in relation to competencias.,"Data preparation, clasificación de textos, validation and interpretation.",The study identifies patterns and limitations relevant to competencias.,The approach is useful under defined conditions and requires contextual validation.,PRG-010,2019,resultados de aprendizaje;competencias;clasificación de textos,APPROVED,repo://thesis/050,Licenciatura en Tecnología e Informática,competencias,synthetic institutional data
THS-051,Modelo aplicado para el estudio de competencias,"Trabajo de grado que analiza competencias mediante analítica curricular, considerando su relación con evidencias de aprendizaje en un contexto universitario o aplicado.",Existe conocimiento disperso sobre competencias y no siempre se comprende su relación con evidencias de aprendizaje.,Analizar competencias mediante analítica curricular para producir evidencia sobre evidencias de aprendizaje.,"Revisión de antecedentes, preparación de datos, analítica curricular y validación de resultados.",Se identificaron patrones y hallazgos pertinentes para comprender evidencias de aprendizaje.,"Los resultados muestran potencial de aplicación, con limitaciones relacionadas con cobertura y contexto.",PRG-010,2020,competencias;evidencias de aprendizaje;analítica curricular,APPROVED,repo://thesis/051,Licenciatura en Tecnología e Informática,evidencias de aprendizaje,synthetic institutional data
THS-052,Análisis de patrones asociados con evaluación formativa,"Trabajo de grado que analiza evidencias de aprendizaje mediante procesamiento de lenguaje natural, considerando su relación con evaluación formativa en un contexto universitario o aplicado.",Existe conocimiento disperso sobre evidencias de aprendizaje y no siempre se comprende su relación con evaluación formativa.,Analizar evidencias de aprendizaje mediante procesamiento de lenguaje natural para producir evidencia sobre evaluación formativa.,"Revisión de antecedentes, preparación de datos, procesamiento de lenguaje natural y validación de resultados.",Se identificaron patrones y hallazgos pertinentes para comprender evaluación formativa.,"Los resultados muestran potencial de aplicación, con limitaciones relacionadas con cobertura y contexto.",PRG-011,2021,evidencias de aprendizaje;evaluación formativa;procesamiento de lenguaje natural,APPROVED,repo://thesis/052,Psicología,evaluación formativa,synthetic institutional data
THS-053,Caracterización de evaluación formativa en relación con rubric analysis,"Trabajo de grado que analiza evaluación formativa mediante clasificación de textos, considerando su relación con rubric analysis en un contexto universitario o aplicado.",Existe conocimiento disperso sobre evaluación formativa y no siempre se comprende su relación con rubric analysis.,Analizar evaluación formativa mediante clasificación de textos para producir evidencia sobre rubric analysis.,"Revisión de antecedentes, preparación de datos, clasificación de textos y validación de resultados.",Se identificaron patrones y hallazgos pertinentes para comprender rubric analysis.,"Los resultados muestran potencial de aplicación, con limitaciones relacionadas con cobertura y contexto.",PRG-010,2022,evaluación formativa;rubric analysis;clasificación de textos,APPROVED,repo://thesis/053,Licenciatura en Tecnología e Informática,rubric analysis,synthetic institutional data
THS-054,Evaluación de analítica curricular para analizar rubric analysis,"Trabajo de grado que analiza rubric analysis mediante analítica curricular, considerando su relación con resultados de aprendizaje en un contexto universitario o aplicado.",Existe conocimiento disperso sobre rubric analysis y no siempre se comprende su relación con resultados de aprendizaje.,Analizar rubric analysis mediante analítica curricular para producir evidencia sobre resultados de aprendizaje.,"Revisión de antecedentes, preparación de datos, analítica curricular y validación de resultados.",Se identificaron patrones y hallazgos pertinentes para comprender resultados de aprendizaje.,"Los resultados muestran potencial de aplicación, con limitaciones relacionadas con cobertura y contexto.",PRG-012,2023,rubric analysis;resultados de aprendizaje;analítica curricular,APPROVED,repo://thesis/054,Ciencias de la Educación,resultados de aprendizaje,synthetic institutional data
THS-055,Modelo aplicado para el estudio de resultados de aprendizaje,"Trabajo de grado que analiza resultados de aprendizaje mediante procesamiento de lenguaje natural, considerando su relación con competencias en un contexto universitario o aplicado.",Existe conocimiento disperso sobre resultados de aprendizaje y no siempre se comprende su relación con competencias.,Analizar resultados de aprendizaje mediante procesamiento de lenguaje natural para producir evidencia sobre competencias.,"Revisión de antecedentes, preparación de datos, procesamiento de lenguaje natural y validación de resultados.",Se identificaron patrones y hallazgos pertinentes para comprender competencias.,"Los resultados muestran potencial de aplicación, con limitaciones relacionadas con cobertura y contexto.",PRG-011,2024,resultados de aprendizaje;competencias;procesamiento de lenguaje natural,APPROVED,repo://thesis/055,Psicología,competencias,synthetic institutional data
THS-056,Análisis de patrones asociados con evidencias de aprendizaje,"Trabajo de grado que analiza competencias mediante clasificación de textos, considerando su relación con evidencias de aprendizaje en un contexto universitario o aplicado.",Existe conocimiento disperso sobre competencias y no siempre se comprende su relación con evidencias de aprendizaje.,Analizar competencias mediante clasificación de textos para producir evidencia sobre evidencias de aprendizaje.,"Revisión de antecedentes, preparación de datos, clasificación de textos y validación de resultados.",Se identificaron patrones y hallazgos pertinentes para comprender evidencias de aprendizaje.,"Los resultados muestran potencial de aplicación, con limitaciones relacionadas con cobertura y contexto.",PRG-010,2025,competencias;evidencias de aprendizaje;clasificación de textos,APPROVED,repo://thesis/056,Licenciatura en Tecnología e Informática,evidencias de aprendizaje,synthetic institutional data
THS-057,Caracterización de evidencias de aprendizaje en relación con evaluación formativa,"Trabajo de grado que analiza evidencias de aprendizaje mediante analítica curricular, considerando su relación con evaluación formativa en un contexto universitario o aplicado.",Existe conocimiento disperso sobre evidencias de aprendizaje y no siempre se comprende su relación con evaluación formativa.,Analizar evidencias de aprendizaje mediante analítica curricular para producir evidencia sobre evaluación formativa.,"Revisión de antecedentes, preparación de datos, analítica curricular y validación de resultados.",Se identificaron patrones y hallazgos pertinentes para comprender evaluación formativa.,"Los resultados muestran potencial de aplicación, con limitaciones relacionadas con cobertura y contexto.",PRG-010,2026,evidencias de aprendizaje;evaluación formativa;analítica curricular,APPROVED,repo://thesis/057,Licenciatura en Tecnología e Informática,evaluación formativa,synthetic institutional data
THS-058,Evaluación de procesamiento de lenguaje natural para analizar evaluación formativa,"Trabajo de grado que analiza evaluación formativa mediante procesamiento de lenguaje natural, considerando su relación con rubric analysis en un contexto universitario o aplicado.",Existe conocimiento disperso sobre evaluación formativa y no siempre se comprende su relación con rubric analysis.,Analizar evaluación formativa mediante procesamiento de lenguaje natural para producir evidencia sobre rubric analysis.,"Revisión de antecedentes, preparación de datos, procesamiento de lenguaje natural y validación de resultados.",Se identificaron patrones y hallazgos pertinentes para comprender rubric analysis.,"Los resultados muestran potencial de aplicación, con limitaciones relacionadas con cobertura y contexto.",PRG-012,2017,,APPROVED,repo://thesis/058,Ciencias de la Educación,rubric analysis,synthetic institutional data
THS-059,Modelo aplicado para el estudio de rubric analysis,"Trabajo de grado que analiza rubric analysis mediante clasificación de textos, considerando su relación con resultados de aprendizaje en un contexto universitario o aplicado.",Existe conocimiento disperso sobre rubric analysis y no siempre se comprende su relación con resultados de aprendizaje.,Analizar rubric analysis mediante clasificación de textos para producir evidencia sobre resultados de aprendizaje.,"Revisión de antecedentes, preparación de datos, clasificación de textos y validación de resultados.",Se identificaron patrones y hallazgos pertinentes para comprender resultados de aprendizaje.,"Los resultados muestran potencial de aplicación, con limitaciones relacionadas con cobertura y contexto.",PRG-012,2018,rubric analysis;resultados de aprendizaje;clasificación de textos,APPROVED,repo://thesis/059,Ciencias de la Educación,resultados de aprendizaje,synthetic institutional data
THS-060,Resultados De Aprendizaje and competencias: a university case study,"This thesis examines resultados de aprendizaje through analítica curricular, with emphasis on competencias and evidence available in an institutional context.",Current approaches provide incomplete understanding of resultados de aprendizaje and its implications for competencias.,Evaluate analítica curricular for analyzing resultados de aprendizaje in relation to competencias.,"Data preparation, analítica curricular, validation and interpretation.",The study identifies patterns and limitations relevant to competencias.,The approach is useful under defined conditions and requires contextual validation.,PRG-010,2019,resultados de aprendizaje;competencias;analítica curricular,APPROVED,repo://thesis/060,Licenciatura en Tecnología e Informática,competencias,synthetic institutional data
THS-061,Caracterización de antecedentes investigativos en relación con similitud conceptual,"Trabajo de grado que analiza antecedentes investigativos mediante NLP, considerando su relación con similitud conceptual en un contexto universitario o aplicado.",Existe conocimiento disperso sobre antecedentes investigativos y no siempre se comprende su relación con similitud conceptual.,Analizar antecedentes investigativos mediante NLP para producir evidencia sobre similitud conceptual.,,Se identificaron patrones y hallazgos pertinentes para comprender similitud conceptual.,"Los resultados muestran potencial de aplicación, con limitaciones relacionadas con cobertura y contexto.",PRG-018,2021,antecedentes investigativos;similitud conceptual;NLP,APPROVED,repo://thesis/061,Ciencia de Datos,similitud conceptual,synthetic institutional data
THS-062,Evaluación de representaciones semánticas para analizar similitud conceptual,"Trabajo de grado que analiza similitud conceptual mediante representaciones semánticas, considerando su relación con trabajos de grado en un contexto universitario o aplicado.",Existe conocimiento disperso sobre similitud conceptual y no siempre se comprende su relación con trabajos de grado.,Analizar similitud conceptual mediante representaciones semánticas para producir evidencia sobre trabajos de grado.,"Revisión de antecedentes, preparación de datos, representaciones semánticas y validación de resultados.",Se identificaron patrones y hallazgos pertinentes para comprender trabajos de grado.,"Los resultados muestran potencial de aplicación, con limitaciones relacionadas con cobertura y contexto.",PRG-017,2022,similitud conceptual;trabajos de grado;representaciones semánticas,APPROVED,repo://thesis/062,Física,trabajos de grado,synthetic institutional data
THS-063,Modelo aplicado para el estudio de trabajos de grado,"Trabajo de grado que analiza trabajos de grado mediante recuperación de información, considerando su relación con research similarity en un contexto universitario o aplicado.",Existe conocimiento disperso sobre trabajos de grado y no siempre se comprende su relación con research similarity.,Analizar trabajos de grado mediante recuperación de información para producir evidencia sobre research similarity.,"Revisión de antecedentes, preparación de datos, recuperación de información y validación de resultados.",Se identificaron patrones y hallazgos pertinentes para comprender research similarity.,"Los resultados muestran potencial de aplicación, con limitaciones relacionadas con cobertura y contexto.",PRG-016,2023,trabajos de grado;research similarity;recuperación de información,APPROVED,repo://thesis/063,Matemáticas Aplicadas,research similarity,synthetic institutional data
THS-064,Análisis de patrones asociados con recuperación semántica,"Trabajo de grado que analiza research similarity mediante NLP, considerando su relación con recuperación semántica en un contexto universitario o aplicado.",Existe conocimiento disperso sobre research similarity y no siempre se comprende su relación con recuperación semántica.,Analizar research similarity mediante NLP para producir evidencia sobre recuperación semántica.,"Revisión de antecedentes, preparación de datos, NLP y validación de resultados.",Se identificaron patrones y hallazgos pertinentes para comprender recuperación semántica.,"Los resultados muestran potencial de aplicación, con limitaciones relacionadas con cobertura y contexto.",PRG-017,2024,research similarity;recuperación semántica;NLP,APPROVED,repo://thesis/064,Física,recuperación semántica,synthetic institutional data
THS-065,Caracterización de recuperación semántica en relación con antecedentes investigativos,"Trabajo de grado que analiza recuperación semántica mediante representaciones semánticas, considerando su relación con antecedentes investigativos en un contexto universitario o aplicado.",Existe conocimiento disperso sobre recuperación semántica y no siempre se comprende su relación con antecedentes investigativos.,Analizar recuperación semántica mediante representaciones semánticas para producir evidencia sobre antecedentes investigativos.,"Revisión de antecedentes, preparación de datos, representaciones semánticas y validación de resultados.",Se identificaron patrones y hallazgos pertinentes para comprender antecedentes investigativos.,"Los resultados muestran potencial de aplicación, con limitaciones relacionadas con cobertura y contexto.",PRG-017,2025,recuperación semántica;antecedentes investigativos;representaciones semánticas,APPROVED,repo://thesis/065,Física,antecedentes investigativos,synthetic institutional data
THS-066,Evaluación de recuperación de información para analizar antecedentes investigativos,"Trabajo de grado que analiza antecedentes investigativos mediante recuperación de información, considerando su relación con similitud conceptual en un contexto universitario o aplicado.",Existe conocimiento disperso sobre antecedentes investigativos y no siempre se comprende su relación con similitud conceptual.,Analizar antecedentes investigativos mediante recuperación de información para producir evidencia sobre similitud conceptual.,"Revisión de antecedentes, preparación de datos, recuperación de información y validación de resultados.",Se identificaron patrones y hallazgos pertinentes para comprender similitud conceptual.,"Los resultados muestran potencial de aplicación, con limitaciones relacionadas con cobertura y contexto.",PRG-018,2026,antecedentes investigativos;similitud conceptual;recuperación de información,APPROVED,repo://thesis/066,Ciencia de Datos,similitud conceptual,synthetic institutional data
THS-067,Modelo aplicado para el estudio de similitud conceptual,"Trabajo de grado que analiza similitud conceptual mediante NLP, considerando su relación con trabajos de grado en un contexto universitario o aplicado.",Existe conocimiento disperso sobre similitud conceptual y no siempre se comprende su relación con trabajos de grado.,Analizar similitud conceptual mediante NLP para producir evidencia sobre trabajos de grado.,"Revisión de antecedentes, preparación de datos, NLP y validación de resultados.",,"Los resultados muestran potencial de aplicación, con limitaciones relacionadas con cobertura y contexto.",PRG-017,2017,similitud conceptual;trabajos de grado;NLP,APPROVED,repo://thesis/067,Física,trabajos de grado,synthetic institutional data
THS-068,Análisis de patrones asociados con research similarity,"Trabajo de grado que analiza trabajos de grado mediante representaciones semánticas, considerando su relación con research similarity en un contexto universitario o aplicado.",Existe conocimiento disperso sobre trabajos de grado y no siempre se comprende su relación con research similarity.,Analizar trabajos de grado mediante representaciones semánticas para producir evidencia sobre research similarity.,"Revisión de antecedentes, preparación de datos, representaciones semánticas y validación de resultados.",Se identificaron patrones y hallazgos pertinentes para comprender research similarity.,"Los resultados muestran potencial de aplicación, con limitaciones relacionadas con cobertura y contexto.",PRG-016,2018,trabajos de grado;research similarity;representaciones semánticas,APPROVED,repo://thesis/068,Matemáticas Aplicadas,research similarity,synthetic institutional data
THS-069,Caracterización de research similarity en relación con recuperación semántica,"Trabajo de grado que analiza research similarity mediante recuperación de información, considerando su relación con recuperación semántica en un contexto universitario o aplicado.",Existe conocimiento disperso sobre research similarity y no siempre se comprende su relación con recuperación semántica.,Analizar research similarity mediante recuperación de información para producir evidencia sobre recuperación semántica.,"Revisión de antecedentes, preparación de datos, recuperación de información y validación de resultados.",Se identificaron patrones y hallazgos pertinentes para comprender recuperación semántica.,"Los resultados muestran potencial de aplicación, con limitaciones relacionadas con cobertura y contexto.",PRG-016,2019,research similarity;recuperación semántica;recuperación de información,APPROVED,repo://thesis/069,Matemáticas Aplicadas,recuperación semántica,synthetic institutional data
THS-070,Recuperación Semántica and antecedentes investigativos: a university case study,"This thesis examines recuperación semántica through NLP, with emphasis on antecedentes investigativos and evidence available in an institutional context.",Current approaches provide incomplete understanding of recuperación semántica and its implications for antecedentes investigativos.,Evaluate NLP for analyzing recuperación semántica in relation to antecedentes investigativos.,"Data preparation, NLP, validation and interpretation.",The study identifies patterns and limitations relevant to antecedentes investigativos.,The approach is useful under defined conditions and requires contextual validation.,PRG-018,2020,recuperación semántica;antecedentes investigativos;NLP,APPROVED,repo://thesis/070,Ciencia de Datos,antecedentes investigativos,synthetic institutional data
THS-071,Modelo aplicado para el estudio de antecedentes investigativos,"Trabajo de grado que analiza antecedentes investigativos mediante representaciones semánticas, considerando su relación con similitud conceptual en un contexto universitario o aplicado.",Existe conocimiento disperso sobre antecedentes investigativos y no siempre se comprende su relación con similitud conceptual.,Analizar antecedentes investigativos mediante representaciones semánticas para producir evidencia sobre similitud conceptual.,"Revisión de antecedentes, preparación de datos, representaciones semánticas y validación de resultados.",Se identificaron patrones y hallazgos pertinentes para comprender similitud conceptual.,"Los resultados muestran potencial de aplicación, con limitaciones relacionadas con cobertura y contexto.",PRG-016,2021,antecedentes investigativos;similitud conceptual;representaciones semánticas,APPROVED,repo://thesis/071,Matemáticas Aplicadas,similitud conceptual,synthetic institutional data
THS-072,Análisis de patrones asociados con trabajos de grado,"Trabajo de grado que analiza similitud conceptual mediante recuperación de información, considerando su relación con trabajos de grado en un contexto universitario o aplicado.",Existe conocimiento disperso sobre similitud conceptual y no siempre se comprende su relación con trabajos de grado.,Analizar similitud conceptual mediante recuperación de información para producir evidencia sobre trabajos de grado.,"Revisión de antecedentes, preparación de datos, recuperación de información y validación de resultados.",Se identificaron patrones y hallazgos pertinentes para comprender trabajos de grado.,"Los resultados muestran potencial de aplicación, con limitaciones relacionadas con cobertura y contexto.",PRG-018,2022,similitud conceptual;trabajos de grado;recuperación de información,APPROVED,repo://thesis/072,Ciencia de Datos,trabajos de grado,synthetic institutional data
THS-073,Caracterización de trabajos de grado en relación con research similarity,"Trabajo de grado que analiza trabajos de grado mediante NLP, considerando su relación con research similarity en un contexto universitario o aplicado.",Existe conocimiento disperso sobre trabajos de grado y no siempre se comprende su relación con research similarity.,Analizar trabajos de grado mediante NLP para producir evidencia sobre research similarity.,"Revisión de antecedentes, preparación de datos, NLP y validación de resultados.",Se identificaron patrones y hallazgos pertinentes para comprender research similarity.,"Los resultados muestran potencial de aplicación, con limitaciones relacionadas con cobertura y contexto.",PRG-016,2023,trabajos de grado;research similarity;NLP,APPROVED,repo://thesis/073,Matemáticas Aplicadas,research similarity,synthetic institutional data
THS-074,Evaluación de representaciones semánticas para analizar research similarity,"Trabajo de grado que analiza research similarity mediante representaciones semánticas, considerando su relación con recuperación semántica en un contexto universitario o aplicado.",Existe conocimiento disperso sobre research similarity y no siempre se comprende su relación con recuperación semántica.,Analizar research similarity mediante representaciones semánticas para producir evidencia sobre recuperación semántica.,"Revisión de antecedentes, preparación de datos, representaciones semánticas y validación de resultados.",Se identificaron patrones y hallazgos pertinentes para comprender recuperación semántica.,"Los resultados muestran potencial de aplicación, con limitaciones relacionadas con cobertura y contexto.",PRG-017,2024,research similarity;recuperación semántica;representaciones semánticas,APPROVED,repo://thesis/074,Física,recuperación semántica,synthetic institutional data
THS-075,Modelo aplicado para el estudio de recuperación semántica,"Trabajo de grado que analiza recuperación semántica mediante recuperación de información, considerando su relación con antecedentes investigativos en un contexto universitario o aplicado.",Existe conocimiento disperso sobre recuperación semántica y no siempre se comprende su relación con antecedentes investigativos.,Analizar recuperación semántica mediante recuperación de información para producir evidencia sobre antecedentes investigativos.,"Revisión de antecedentes, preparación de datos, recuperación de información y validación de resultados.",Se identificaron patrones y hallazgos pertinentes para comprender antecedentes investigativos.,"Los resultados muestran potencial de aplicación, con limitaciones relacionadas con cobertura y contexto.",PRG-016,2025,recuperación semántica;antecedentes investigativos;recuperación de información,APPROVED,repo://thesis/075,Matemáticas Aplicadas,antecedentes investigativos,synthetic institutional data
THS-076,Análisis de patrones asociados con similitud conceptual,"Trabajo de grado que analiza antecedentes investigativos mediante NLP, considerando su relación con similitud conceptual en un contexto universitario o aplicado.",Existe conocimiento disperso sobre antecedentes investigativos y no siempre se comprende su relación con similitud conceptual.,Analizar antecedentes investigativos mediante NLP para producir evidencia sobre similitud conceptual.,"Revisión de antecedentes, preparación de datos, NLP y validación de resultados.",Se identificaron patrones y hallazgos pertinentes para comprender similitud conceptual.,"Los resultados muestran potencial de aplicación, con limitaciones relacionadas con cobertura y contexto.",PRG-017,2026,antecedentes investigativos;similitud conceptual;NLP,APPROVED,repo://thesis/076,Física,similitud conceptual,synthetic institutional data
THS-077,Caracterización de similitud conceptual en relación con trabajos de grado,"Trabajo de grado que analiza similitud conceptual mediante representaciones semánticas, considerando su relación con trabajos de grado en un contexto universitario o aplicado.",Existe conocimiento disperso sobre similitud conceptual y no siempre se comprende su relación con trabajos de grado.,Analizar similitud conceptual mediante representaciones semánticas para producir evidencia sobre trabajos de grado.,"Revisión de antecedentes, preparación de datos, representaciones semánticas y validación de resultados.",Se identificaron patrones y hallazgos pertinentes para comprender trabajos de grado.,"Los resultados muestran potencial de aplicación, con limitaciones relacionadas con cobertura y contexto.",PRG-017,2017,similitud conceptual;trabajos de grado;representaciones semánticas,APPROVED,repo://thesis/077,Física,trabajos de grado,synthetic institutional data
THS-078,Evaluación de recuperación de información para analizar trabajos de grado,"Trabajo de grado que analiza trabajos de grado mediante recuperación de información, considerando su relación con research similarity en un contexto universitario o aplicado.",Existe conocimiento disperso sobre trabajos de grado y no siempre se comprende su relación con research similarity.,Analizar trabajos de grado mediante recuperación de información para producir evidencia sobre research similarity.,"Revisión de antecedentes, preparación de datos, recuperación de información y validación de resultados.",Se identificaron patrones y hallazgos pertinentes para comprender research similarity.,"Los resultados muestran potencial de aplicación, con limitaciones relacionadas con cobertura y contexto.",PRG-017,2018,trabajos de grado;research similarity;recuperación de información,APPROVED,repo://thesis/078,Física,research similarity,synthetic institutional data
THS-079,Modelo aplicado para el estudio de research similarity,"Trabajo de grado que analiza research similarity mediante NLP, considerando su relación con recuperación semántica en un contexto universitario o aplicado.",Existe conocimiento disperso sobre research similarity y no siempre se comprende su relación con recuperación semántica.,Analizar research similarity mediante NLP para producir evidencia sobre recuperación semántica.,"Revisión de antecedentes, preparación de datos, NLP y validación de resultados.",Se identificaron patrones y hallazgos pertinentes para comprender recuperación semántica.,"Los resultados muestran potencial de aplicación, con limitaciones relacionadas con cobertura y contexto.",PRG-018,2019,research similarity;recuperación semántica;NLP,APPROVED,repo://thesis/079,Ciencia de Datos,recuperación semántica,synthetic institutional data
THS-080,Recuperación Semántica and antecedentes investigativos: a university case study,"This thesis examines recuperación semántica through representaciones semánticas, with emphasis on antecedentes investigativos and evidence available in an institutional context.",Current approaches provide incomplete understanding of recuperación semántica and its implications for antecedentes investigativos.,Evaluate representaciones semánticas for analyzing recuperación semántica in relation to antecedentes investigativos.,"Data preparation, representaciones semánticas, validation and interpretation.",The study identifies patterns and limitations relevant to antecedentes investigativos.,The approach is useful under defined conditions and requires contextual validation.,PRG-017,2020,recuperación semántica;antecedentes investigativos;representaciones semánticas,APPROVED,repo://thesis/080,Física,antecedentes investigativos,synthetic institutional data
THS-081,Caracterización de monitoreo cardiovascular en relación con ECG,"Trabajo de grado que analiza monitoreo cardiovascular mediante IoT, considerando su relación con ECG en un contexto universitario o aplicado.",Existe conocimiento disperso sobre monitoreo cardiovascular y no siempre se comprende su relación con ECG.,Analizar monitoreo cardiovascular mediante IoT para producir evidencia sobre ECG.,"Revisión de antecedentes, preparación de datos, IoT y validación de resultados.",Se identificaron patrones y hallazgos pertinentes para comprender ECG.,"Los resultados muestran potencial de aplicación, con limitaciones relacionadas con cobertura y contexto.",PRG-004,2022,monitoreo cardiovascular;ECG;IoT,APPROVED,repo://thesis/081,Medicina,ECG,synthetic institutional data
THS-082,Evaluación de clasificación para analizar ECG,"Trabajo de grado que analiza ECG mediante clasificación, considerando su relación con wearables en un contexto universitario o aplicado.",Existe conocimiento disperso sobre ECG y no siempre se comprende su relación con wearables.,Analizar ECG mediante clasificación para producir evidencia sobre wearables.,"Revisión de antecedentes, preparación de datos, clasificación y validación de resultados.",Se identificaron patrones y hallazgos pertinentes para comprender wearables.,"Los resultados muestran potencial de aplicación, con limitaciones relacionadas con cobertura y contexto.",PRG-004,2023,ECG;wearables;clasificación,APPROVED,repo://thesis/082,Medicina,wearables,synthetic institutional data
THS-083,Modelo aplicado para el estudio de wearables,"Trabajo de grado que analiza wearables mediante procesamiento de señales, considerando su relación con telemonitoring en un contexto universitario o aplicado.",Existe conocimiento disperso sobre wearables y no siempre se comprende su relación con telemonitoring.,Analizar wearables mediante procesamiento de señales para producir evidencia sobre telemonitoring.,"Revisión de antecedentes, preparación de datos, procesamiento de señales y validación de resultados.",Se identificaron patrones y hallazgos pertinentes para comprender telemonitoring.,"Los resultados muestran potencial de aplicación, con limitaciones relacionadas con cobertura y contexto.",PRG-005,2024,wearables;telemonitoring;procesamiento de señales,APPROVED,repo://thesis/083,Enfermería,telemonitoring,synthetic institutional data
THS-084,Análisis de patrones asociados con señales fisiológicas,"Trabajo de grado que analiza telemonitoring mediante IoT, considerando su relación con señales fisiológicas en un contexto universitario o aplicado.",Existe conocimiento disperso sobre telemonitoring y no siempre se comprende su relación con señales fisiológicas.,Analizar telemonitoring mediante IoT para producir evidencia sobre señales fisiológicas.,"Revisión de antecedentes, preparación de datos, IoT y validación de resultados.",Se identificaron patrones y hallazgos pertinentes para comprender señales fisiológicas.,"Los resultados muestran potencial de aplicación, con limitaciones relacionadas con cobertura y contexto.",PRG-005,2025,telemonitoring;señales fisiológicas;IoT,APPROVED,repo://thesis/084,Enfermería,señales fisiológicas,synthetic institutional data
THS-085,Caracterización de señales fisiológicas en relación con monitoreo cardiovascular,"Trabajo de grado que analiza señales fisiológicas mediante clasificación, considerando su relación con monitoreo cardiovascular en un contexto universitario o aplicado.",Existe conocimiento disperso sobre señales fisiológicas y no siempre se comprende su relación con monitoreo cardiovascular.,Analizar señales fisiológicas mediante clasificación para producir evidencia sobre monitoreo cardiovascular.,"Revisión de antecedentes, preparación de datos, clasificación y validación de resultados.",Se identificaron patrones y hallazgos pertinentes para comprender monitoreo cardiovascular.,"Los resultados muestran potencial de aplicación, con limitaciones relacionadas con cobertura y contexto.",PRG-005,2026,señales fisiológicas;monitoreo cardiovascular;clasificación,APPROVED,repo://thesis/085,Enfermería,monitoreo cardiovascular,synthetic institutional data
THS-086,Evaluación de procesamiento de señales para analizar monitoreo cardiovascular,"Trabajo de grado que analiza monitoreo cardiovascular mediante procesamiento de señales, considerando su relación con ECG en un contexto universitario o aplicado.",Existe conocimiento disperso sobre monitoreo cardiovascular y no siempre se comprende su relación con ECG.,Analizar monitoreo cardiovascular mediante procesamiento de señales para producir evidencia sobre ECG.,"Revisión de antecedentes, preparación de datos, procesamiento de señales y validación de resultados.",Se identificaron patrones y hallazgos pertinentes para comprender ECG.,"Los resultados muestran potencial de aplicación, con limitaciones relacionadas con cobertura y contexto.",PRG-006,2017,monitoreo cardiovascular;ECG;procesamiento de señales,APPROVED,repo://thesis/086,Seguridad y Salud en el Trabajo,ECG,synthetic institutional data
THS-087,Modelo aplicado para el estudio de ECG,"Trabajo de grado que analiza ECG mediante IoT, considerando su relación con wearables en un contexto universitario o aplicado.",Existe conocimiento disperso sobre ECG y no siempre se comprende su relación con wearables.,Analizar ECG mediante IoT para producir evidencia sobre wearables.,"Revisión de antecedentes, preparación de datos, IoT y validación de resultados.",Se identificaron patrones y hallazgos pertinentes para comprender wearables.,"Los resultados muestran potencial de aplicación, con limitaciones relacionadas con cobertura y contexto.",PRG-004,2018,,APPROVED,repo://thesis/087,Medicina,wearables,synthetic institutional data
THS-088,Análisis de patrones asociados con telemonitoring,"Trabajo de grado que analiza wearables mediante clasificación, considerando su relación con telemonitoring en un contexto universitario o aplicado.",Existe conocimiento disperso sobre wearables y no siempre se comprende su relación con telemonitoring.,Analizar wearables mediante clasificación para producir evidencia sobre telemonitoring.,"Revisión de antecedentes, preparación de datos, clasificación y validación de resultados.",Se identificaron patrones y hallazgos pertinentes para comprender telemonitoring.,"Los resultados muestran potencial de aplicación, con limitaciones relacionadas con cobertura y contexto.",PRG-004,2019,wearables;telemonitoring;clasificación,APPROVED,repo://thesis/088,Medicina,telemonitoring,synthetic institutional data
THS-089,Caracterización de telemonitoring en relación con señales fisiológicas,"Trabajo de grado que analiza telemonitoring mediante procesamiento de señales, considerando su relación con señales fisiológicas en un contexto universitario o aplicado.",Existe conocimiento disperso sobre telemonitoring y no siempre se comprende su relación con señales fisiológicas.,Analizar telemonitoring mediante procesamiento de señales para producir evidencia sobre señales fisiológicas.,"Revisión de antecedentes, preparación de datos, procesamiento de señales y validación de resultados.",Se identificaron patrones y hallazgos pertinentes para comprender señales fisiológicas.,"Los resultados muestran potencial de aplicación, con limitaciones relacionadas con cobertura y contexto.",PRG-006,2020,telemonitoring;señales fisiológicas;procesamiento de señales,APPROVED,repo://thesis/089,Seguridad y Salud en el Trabajo,señales fisiológicas,synthetic institutional data
THS-090,Señales Fisiológicas and monitoreo cardiovascular: a university case study,"This thesis examines señales fisiológicas through IoT, with emphasis on monitoreo cardiovascular and evidence available in an institutional context.",Current approaches provide incomplete understanding of señales fisiológicas and its implications for monitoreo cardiovascular.,Evaluate IoT for analyzing señales fisiológicas in relation to monitoreo cardiovascular.,"Data preparation, IoT, validation and interpretation.",The study identifies patterns and limitations relevant to monitoreo cardiovascular.,The approach is useful under defined conditions and requires contextual validation.,PRG-006,2021,señales fisiológicas;monitoreo cardiovascular;IoT,APPROVED,repo://thesis/090,Seguridad y Salud en el Trabajo,monitoreo cardiovascular,synthetic institutional data
THS-091,Modelo aplicado para el estudio de monitoreo cardiovascular,"Trabajo de grado que analiza monitoreo cardiovascular mediante clasificación, considerando su relación con ECG en un contexto universitario o aplicado.",Existe conocimiento disperso sobre monitoreo cardiovascular y no siempre se comprende su relación con ECG.,Analizar monitoreo cardiovascular mediante clasificación para producir evidencia sobre ECG.,"Revisión de antecedentes, preparación de datos, clasificación y validación de resultados.",Se identificaron patrones y hallazgos pertinentes para comprender ECG.,"Los resultados muestran potencial de aplicación, con limitaciones relacionadas con cobertura y contexto.",PRG-006,2022,monitoreo cardiovascular;ECG;clasificación,APPROVED,repo://thesis/091,Seguridad y Salud en el Trabajo,ECG,synthetic institutional data
THS-092,Análisis de patrones asociados con wearables,"Trabajo de grado que analiza ECG mediante procesamiento de señales, considerando su relación con wearables en un contexto universitario o aplicado.",Existe conocimiento disperso sobre ECG y no siempre se comprende su relación con wearables.,Analizar ECG mediante procesamiento de señales para producir evidencia sobre wearables.,"Revisión de antecedentes, preparación de datos, procesamiento de señales y validación de resultados.",Se identificaron patrones y hallazgos pertinentes para comprender wearables.,"Los resultados muestran potencial de aplicación, con limitaciones relacionadas con cobertura y contexto.",PRG-006,2023,ECG;wearables;procesamiento de señales,APPROVED,repo://thesis/092,Seguridad y Salud en el Trabajo,wearables,synthetic institutional data
THS-093,Caracterización de wearables en relación con telemonitoring,"Trabajo de grado que analiza wearables mediante IoT, considerando su relación con telemonitoring en un contexto universitario o aplicado.",Existe conocimiento disperso sobre wearables y no siempre se comprende su relación con telemonitoring.,Analizar wearables mediante IoT para producir evidencia sobre telemonitoring.,"Revisión de antecedentes, preparación de datos, IoT y validación de resultados.",Se identificaron patrones y hallazgos pertinentes para comprender telemonitoring.,"Los resultados muestran potencial de aplicación, con limitaciones relacionadas con cobertura y contexto.",PRG-005,2024,wearables;telemonitoring;IoT,APPROVED,repo://thesis/093,Enfermería,telemonitoring,synthetic institutional data
THS-094,Evaluación de clasificación para analizar telemonitoring,"Trabajo de grado que analiza telemonitoring mediante clasificación, considerando su relación con señales fisiológicas en un contexto universitario o aplicado.",Existe conocimiento disperso sobre telemonitoring y no siempre se comprende su relación con señales fisiológicas.,Analizar telemonitoring mediante clasificación para producir evidencia sobre señales fisiológicas.,"Revisión de antecedentes, preparación de datos, clasificación y validación de resultados.",Se identificaron patrones y hallazgos pertinentes para comprender señales fisiológicas.,"Los resultados muestran potencial de aplicación, con limitaciones relacionadas con cobertura y contexto.",PRG-004,2025,telemonitoring;señales fisiológicas;clasificación,APPROVED,repo://thesis/094,Medicina,señales fisiológicas,synthetic institutional data
THS-095,Modelo aplicado para el estudio de señales fisiológicas,"Trabajo de grado que analiza señales fisiológicas mediante procesamiento de señales, considerando su relación con monitoreo cardiovascular en un contexto universitario o aplicado.",Existe conocimiento disperso sobre señales fisiológicas y no siempre se comprende su relación con monitoreo cardiovascular.,Analizar señales fisiológicas mediante procesamiento de señales para producir evidencia sobre monitoreo cardiovascular.,"Revisión de antecedentes, preparación de datos, procesamiento de señales y validación de resultados.",Se identificaron patrones y hallazgos pertinentes para comprender monitoreo cardiovascular.,"Los resultados muestran potencial de aplicación, con limitaciones relacionadas con cobertura y contexto.",PRG-006,2026,señales fisiológicas;monitoreo cardiovascular;procesamiento de señales,APPROVED,repo://thesis/095,Seguridad y Salud en el Trabajo,monitoreo cardiovascular,synthetic institutional data
THS-096,Análisis de patrones asociados con ECG,"Trabajo de grado que analiza monitoreo cardiovascular mediante IoT, considerando su relación con ECG en un contexto universitario o aplicado.",Existe conocimiento disperso sobre monitoreo cardiovascular y no siempre se comprende su relación con ECG.,Analizar monitoreo cardiovascular mediante IoT para producir evidencia sobre ECG.,"Revisión de antecedentes, preparación de datos, IoT y validación de resultados.",Se identificaron patrones y hallazgos pertinentes para comprender ECG.,"Los resultados muestran potencial de aplicación, con limitaciones relacionadas con cobertura y contexto.",PRG-004,2017,monitoreo cardiovascular;ECG;IoT,APPROVED,repo://thesis/096,Medicina,ECG,synthetic institutional data
THS-097,Caracterización de ECG en relación con wearables,"Trabajo de grado que analiza ECG mediante clasificación, considerando su relación con wearables en un contexto universitario o aplicado.",Existe conocimiento disperso sobre ECG y no siempre se comprende su relación con wearables.,Analizar ECG mediante clasificación para producir evidencia sobre wearables.,"Revisión de antecedentes, preparación de datos, clasificación y validación de resultados.",Se identificaron patrones y hallazgos pertinentes para comprender wearables.,"Los resultados muestran potencial de aplicación, con limitaciones relacionadas con cobertura y contexto.",PRG-004,2018,ECG;wearables;clasificación,APPROVED,repo://thesis/097,Medicina,wearables,synthetic institutional data
THS-098,Evaluación de procesamiento de señales para analizar wearables,"Trabajo de grado que analiza wearables mediante procesamiento de señales, considerando su relación con telemonitoring en un contexto universitario o aplicado.",Existe conocimiento disperso sobre wearables y no siempre se comprende su relación con telemonitoring.,Analizar wearables mediante procesamiento de señales para producir evidencia sobre telemonitoring.,"Revisión de antecedentes, preparación de datos, procesamiento de señales y validación de resultados.",Se identificaron patrones y hallazgos pertinentes para comprender telemonitoring.,"Los resultados muestran potencial de aplicación, con limitaciones relacionadas con cobertura y contexto.",PRG-006,2019,wearables;telemonitoring;procesamiento de señales,APPROVED,repo://thesis/098,Seguridad y Salud en el Trabajo,telemonitoring,synthetic institutional data
THS-099,Modelo aplicado para el estudio de telemonitoring,"Trabajo de grado que analiza telemonitoring mediante IoT, considerando su relación con señales fisiológicas en un contexto universitario o aplicado.",Existe conocimiento disperso sobre telemonitoring y no siempre se comprende su relación con señales fisiológicas.,Analizar telemonitoring mediante IoT para producir evidencia sobre señales fisiológicas.,"Revisión de antecedentes, preparación de datos, IoT y validación de resultados.",Se identificaron patrones y hallazgos pertinentes para comprender señales fisiológicas.,"Los resultados muestran potencial de aplicación, con limitaciones relacionadas con cobertura y contexto.",PRG-006,2020,telemonitoring;señales fisiológicas;IoT,APPROVED,repo://thesis/099,Seguridad y Salud en el Trabajo,señales fisiológicas,synthetic institutional data
THS-100,Señales Fisiológicas and monitoreo cardiovascular: a university case study,"This thesis examines señales fisiológicas through clasificación, with emphasis on monitoreo cardiovascular and evidence available in an institutional context.",Current approaches provide incomplete understanding of señales fisiológicas and its implications for monitoreo cardiovascular.,Evaluate clasificación for analyzing señales fisiológicas in relation to monitoreo cardiovascular.,"Data preparation, clasificación, validation and interpretation.",The study identifies patterns and limitations relevant to monitoreo cardiovascular.,The approach is useful under defined conditions and requires contextual validation.,PRG-004,2021,señales fisiológicas;monitoreo cardiovascular;clasificación,APPROVED,repo://thesis/100,Medicina,monitoreo cardiovascular,synthetic institutional data
THS-101,Caracterización de epidemiología en relación con enfermedades respiratorias,"Trabajo de grado que analiza epidemiología mediante modelos dinámicos, considerando su relación con enfermedades respiratorias en un contexto universitario o aplicado.",Existe conocimiento disperso sobre epidemiología y no siempre se comprende su relación con enfermedades respiratorias.,Analizar epidemiología mediante modelos dinámicos para producir evidencia sobre enfermedades respiratorias.,"Revisión de antecedentes, preparación de datos, modelos dinámicos y validación de resultados.",Se identificaron patrones y hallazgos pertinentes para comprender enfermedades respiratorias.,"Los resultados muestran potencial de aplicación, con limitaciones relacionadas con cobertura y contexto.",PRG-004,2023,epidemiología;enfermedades respiratorias;modelos dinámicos,APPROVED,repo://thesis/101,Medicina,enfermedades respiratorias,synthetic institutional data
THS-102,Evaluación de modelamiento probabilístico para analizar enfermedades respiratorias,"Trabajo de grado que analiza enfermedades respiratorias mediante modelamiento probabilístico, considerando su relación con vigilancia poblacional en un contexto universitario o aplicado.",Existe conocimiento disperso sobre enfermedades respiratorias y no siempre se comprende su relación con vigilancia poblacional.,Analizar enfermedades respiratorias mediante modelamiento probabilístico para producir evidencia sobre vigilancia poblacional.,"Revisión de antecedentes, preparación de datos, modelamiento probabilístico y validación de resultados.",Se identificaron patrones y hallazgos pertinentes para comprender vigilancia poblacional.,"Los resultados muestran potencial de aplicación, con limitaciones relacionadas con cobertura y contexto.",PRG-004,2024,enfermedades respiratorias;vigilancia poblacional;modelamiento probabilístico,APPROVED,repo://thesis/102,Medicina,vigilancia poblacional,synthetic institutional data
THS-103,Modelo aplicado para el estudio de vigilancia poblacional,"Trabajo de grado que analiza vigilancia poblacional mediante series temporales, considerando su relación con outbreak forecasting en un contexto universitario o aplicado.",Existe conocimiento disperso sobre vigilancia poblacional y no siempre se comprende su relación con outbreak forecasting.,Analizar vigilancia poblacional mediante series temporales para producir evidencia sobre outbreak forecasting.,"Revisión de antecedentes, preparación de datos, series temporales y validación de resultados.",Se identificaron patrones y hallazgos pertinentes para comprender outbreak forecasting.,"Los resultados muestran potencial de aplicación, con limitaciones relacionadas con cobertura y contexto.",PRG-004,2025,vigilancia poblacional;outbreak forecasting;series temporales,APPROVED,repo://thesis/103,Medicina,outbreak forecasting,synthetic institutional data
THS-104,Análisis de patrones asociados con riesgo sanitario,"Trabajo de grado que analiza outbreak forecasting mediante modelos dinámicos, considerando su relación con riesgo sanitario en un contexto universitario o aplicado.",Existe conocimiento disperso sobre outbreak forecasting y no siempre se comprende su relación con riesgo sanitario.,Analizar outbreak forecasting mediante modelos dinámicos para producir evidencia sobre riesgo sanitario.,"Revisión de antecedentes, preparación de datos, modelos dinámicos y validación de resultados.",Se identificaron patrones y hallazgos pertinentes para comprender riesgo sanitario.,"Los resultados muestran potencial de aplicación, con limitaciones relacionadas con cobertura y contexto.",PRG-006,2026,outbreak forecasting;riesgo sanitario;modelos dinámicos,APPROVED,repo://thesis/104,Seguridad y Salud en el Trabajo,riesgo sanitario,synthetic institutional data
THS-105,Caracterización de riesgo sanitario en relación con epidemiología,"Trabajo de grado que analiza riesgo sanitario mediante modelamiento probabilístico, considerando su relación con epidemiología en un contexto universitario o aplicado.",Existe conocimiento disperso sobre riesgo sanitario y no siempre se comprende su relación con epidemiología.,Analizar riesgo sanitario mediante modelamiento probabilístico para producir evidencia sobre epidemiología.,"Revisión de antecedentes, preparación de datos, modelamiento probabilístico y validación de resultados.",Se identificaron patrones y hallazgos pertinentes para comprender epidemiología.,"Los resultados muestran potencial de aplicación, con limitaciones relacionadas con cobertura y contexto.",PRG-006,2017,riesgo sanitario;epidemiología;modelamiento probabilístico,APPROVED,repo://thesis/105,Seguridad y Salud en el Trabajo,epidemiología,synthetic institutional data
THS-106,Evaluación de series temporales para analizar epidemiología,"Trabajo de grado que analiza epidemiología mediante series temporales, considerando su relación con enfermedades respiratorias en un contexto universitario o aplicado.",Existe conocimiento disperso sobre epidemiología y no siempre se comprende su relación con enfermedades respiratorias.,Analizar epidemiología mediante series temporales para producir evidencia sobre enfermedades respiratorias.,"Revisión de antecedentes, preparación de datos, series temporales y validación de resultados.",Se identificaron patrones y hallazgos pertinentes para comprender enfermedades respiratorias.,"Los resultados muestran potencial de aplicación, con limitaciones relacionadas con cobertura y contexto.",PRG-006,2018,epidemiología;enfermedades respiratorias;series temporales,APPROVED,repo://thesis/106,Seguridad y Salud en el Trabajo,enfermedades respiratorias,synthetic institutional data
THS-107,Modelo aplicado para el estudio de enfermedades respiratorias,"Trabajo de grado que analiza enfermedades respiratorias mediante modelos dinámicos, considerando su relación con vigilancia poblacional en un contexto universitario o aplicado.",Existe conocimiento disperso sobre enfermedades respiratorias y no siempre se comprende su relación con vigilancia poblacional.,Analizar enfermedades respiratorias mediante modelos dinámicos para producir evidencia sobre vigilancia poblacional.,"Revisión de antecedentes, preparación de datos, modelos dinámicos y validación de resultados.",Se identificaron patrones y hallazgos pertinentes para comprender vigilancia poblacional.,"Los resultados muestran potencial de aplicación, con limitaciones relacionadas con cobertura y contexto.",PRG-006,2019,enfermedades respiratorias;vigilancia poblacional;modelos dinámicos,APPROVED,repo://thesis/107,Seguridad y Salud en el Trabajo,vigilancia poblacional,synthetic institutional data
THS-108,Análisis de patrones asociados con outbreak forecasting,"Trabajo de grado que analiza vigilancia poblacional mediante modelamiento probabilístico, considerando su relación con outbreak forecasting en un contexto universitario o aplicado.",Existe conocimiento disperso sobre vigilancia poblacional y no siempre se comprende su relación con outbreak forecasting.,Analizar vigilancia poblacional mediante modelamiento probabilístico para producir evidencia sobre outbreak forecasting.,"Revisión de antecedentes, preparación de datos, modelamiento probabilístico y validación de resultados.",Se identificaron patrones y hallazgos pertinentes para comprender outbreak forecasting.,"Los resultados muestran potencial de aplicación, con limitaciones relacionadas con cobertura y contexto.",PRG-006,2020,vigilancia poblacional;outbreak forecasting;modelamiento probabilístico,APPROVED,repo://thesis/108,Seguridad y Salud en el Trabajo,outbreak forecasting,synthetic institutional data
THS-109,Caracterización de outbreak forecasting en relación con riesgo sanitario,"Trabajo de grado que analiza outbreak forecasting mediante series temporales, considerando su relación con riesgo sanitario en un contexto universitario o aplicado.",Existe conocimiento disperso sobre outbreak forecasting y no siempre se comprende su relación con riesgo sanitario.,Analizar outbreak forecasting mediante series temporales para producir evidencia sobre riesgo sanitario.,"Revisión de antecedentes, preparación de datos, series temporales y validación de resultados.",Se identificaron patrones y hallazgos pertinentes para comprender riesgo sanitario.,"Los resultados muestran potencial de aplicación, con limitaciones relacionadas con cobertura y contexto.",PRG-004,2021,outbreak forecasting;riesgo sanitario;series temporales,APPROVED,repo://thesis/109,Medicina,riesgo sanitario,synthetic institutional data
THS-110,Riesgo Sanitario and epidemiología: a university case study,"This thesis examines riesgo sanitario through modelos dinámicos, with emphasis on epidemiología and evidence available in an institutional context.",Current approaches provide incomplete understanding of riesgo sanitario and its implications for epidemiología.,Evaluate modelos dinámicos for analyzing riesgo sanitario in relation to epidemiología.,"Data preparation, modelos dinámicos, validation and interpretation.",The study identifies patterns and limitations relevant to epidemiología.,The approach is useful under defined conditions and requires contextual validation.,PRG-006,2022,riesgo sanitario;epidemiología;modelos dinámicos,APPROVED,repo://thesis/110,Seguridad y Salud en el Trabajo,epidemiología,synthetic institutional data
THS-111,Modelo aplicado para el estudio de epidemiología,"Trabajo de grado que analiza epidemiología mediante modelamiento probabilístico, considerando su relación con enfermedades respiratorias en un contexto universitario o aplicado.",Existe conocimiento disperso sobre epidemiología y no siempre se comprende su relación con enfermedades respiratorias.,Analizar epidemiología mediante modelamiento probabilístico para producir evidencia sobre enfermedades respiratorias.,"Revisión de antecedentes, preparación de datos, modelamiento probabilístico y validación de resultados.",Se identificaron patrones y hallazgos pertinentes para comprender enfermedades respiratorias.,"Los resultados muestran potencial de aplicación, con limitaciones relacionadas con cobertura y contexto.",PRG-006,2023,epidemiología;enfermedades respiratorias;modelamiento probabilístico,APPROVED,repo://thesis/111,Seguridad y Salud en el Trabajo,enfermedades respiratorias,synthetic institutional data
THS-112,Análisis de patrones asociados con vigilancia poblacional,"Trabajo de grado que analiza enfermedades respiratorias mediante series temporales, considerando su relación con vigilancia poblacional en un contexto universitario o aplicado.",Existe conocimiento disperso sobre enfermedades respiratorias y no siempre se comprende su relación con vigilancia poblacional.,Analizar enfermedades respiratorias mediante series temporales para producir evidencia sobre vigilancia poblacional.,"Revisión de antecedentes, preparación de datos, series temporales y validación de resultados.",Se identificaron patrones y hallazgos pertinentes para comprender vigilancia poblacional.,"Los resultados muestran potencial de aplicación, con limitaciones relacionadas con cobertura y contexto.",PRG-005,2024,enfermedades respiratorias;vigilancia poblacional;series temporales,APPROVED,repo://thesis/112,Enfermería,vigilancia poblacional,synthetic institutional data
THS-113,Caracterización de vigilancia poblacional en relación con outbreak forecasting,"Trabajo de grado que analiza vigilancia poblacional mediante modelos dinámicos, considerando su relación con outbreak forecasting en un contexto universitario o aplicado.",Existe conocimiento disperso sobre vigilancia poblacional y no siempre se comprende su relación con outbreak forecasting.,Analizar vigilancia poblacional mediante modelos dinámicos para producir evidencia sobre outbreak forecasting.,"Revisión de antecedentes, preparación de datos, modelos dinámicos y validación de resultados.",Se identificaron patrones y hallazgos pertinentes para comprender outbreak forecasting.,"Los resultados muestran potencial de aplicación, con limitaciones relacionadas con cobertura y contexto.",PRG-006,2025,vigilancia poblacional;outbreak forecasting;modelos dinámicos,APPROVED,repo://thesis/113,Seguridad y Salud en el Trabajo,outbreak forecasting,synthetic institutional data
THS-114,Evaluación de modelamiento probabilístico para analizar outbreak forecasting,"Trabajo de grado que analiza outbreak forecasting mediante modelamiento probabilístico, considerando su relación con riesgo sanitario en un contexto universitario o aplicado.",Existe conocimiento disperso sobre outbreak forecasting y no siempre se comprende su relación con riesgo sanitario.,Analizar outbreak forecasting mediante modelamiento probabilístico para producir evidencia sobre riesgo sanitario.,"Revisión de antecedentes, preparación de datos, modelamiento probabilístico y validación de resultados.",Se identificaron patrones y hallazgos pertinentes para comprender riesgo sanitario.,"Los resultados muestran potencial de aplicación, con limitaciones relacionadas con cobertura y contexto.",PRG-005,2026,outbreak forecasting;riesgo sanitario;modelamiento probabilístico,APPROVED,repo://thesis/114,Enfermería,riesgo sanitario,synthetic institutional data
THS-115,Modelo aplicado para el estudio de riesgo sanitario,"Trabajo de grado que analiza riesgo sanitario mediante series temporales, considerando su relación con epidemiología en un contexto universitario o aplicado.",Existe conocimiento disperso sobre riesgo sanitario y no siempre se comprende su relación con epidemiología.,Analizar riesgo sanitario mediante series temporales para producir evidencia sobre epidemiología.,"Revisión de antecedentes, preparación de datos, series temporales y validación de resultados.",Se identificaron patrones y hallazgos pertinentes para comprender epidemiología.,"Los resultados muestran potencial de aplicación, con limitaciones relacionadas con cobertura y contexto.",PRG-005,2017,riesgo sanitario;epidemiología;series temporales,APPROVED,repo://thesis/115,Enfermería,epidemiología,synthetic institutional data
THS-116,Análisis de patrones asociados con enfermedades respiratorias,"Trabajo de grado que analiza epidemiología mediante modelos dinámicos, considerando su relación con enfermedades respiratorias en un contexto universitario o aplicado.",Existe conocimiento disperso sobre epidemiología y no siempre se comprende su relación con enfermedades respiratorias.,Analizar epidemiología mediante modelos dinámicos para producir evidencia sobre enfermedades respiratorias.,"Revisión de antecedentes, preparación de datos, modelos dinámicos y validación de resultados.",Se identificaron patrones y hallazgos pertinentes para comprender enfermedades respiratorias.,"Los resultados muestran potencial de aplicación, con limitaciones relacionadas con cobertura y contexto.",PRG-004,2018,,APPROVED,repo://thesis/116,Medicina,enfermedades respiratorias,synthetic institutional data
THS-117,Caracterización de enfermedades respiratorias en relación con vigilancia poblacional,"Trabajo de grado que analiza enfermedades respiratorias mediante modelamiento probabilístico, considerando su relación con vigilancia poblacional en un contexto universitario o aplicado.",Existe conocimiento disperso sobre enfermedades respiratorias y no siempre se comprende su relación con vigilancia poblacional.,Analizar enfermedades respiratorias mediante modelamiento probabilístico para producir evidencia sobre vigilancia poblacional.,"Revisión de antecedentes, preparación de datos, modelamiento probabilístico y validación de resultados.",Se identificaron patrones y hallazgos pertinentes para comprender vigilancia poblacional.,"Los resultados muestran potencial de aplicación, con limitaciones relacionadas con cobertura y contexto.",PRG-004,2019,enfermedades respiratorias;vigilancia poblacional;modelamiento probabilístico,APPROVED,repo://thesis/117,Medicina,vigilancia poblacional,synthetic institutional data
THS-118,Evaluación de series temporales para analizar vigilancia poblacional,"Trabajo de grado que analiza vigilancia poblacional mediante series temporales, considerando su relación con outbreak forecasting en un contexto universitario o aplicado.",Existe conocimiento disperso sobre vigilancia poblacional y no siempre se comprende su relación con outbreak forecasting.,Analizar vigilancia poblacional mediante series temporales para producir evidencia sobre outbreak forecasting.,"Revisión de antecedentes, preparación de datos, series temporales y validación de resultados.",Se identificaron patrones y hallazgos pertinentes para comprender outbreak forecasting.,"Los resultados muestran potencial de aplicación, con limitaciones relacionadas con cobertura y contexto.",PRG-006,2020,vigilancia poblacional;outbreak forecasting;series temporales,APPROVED,repo://thesis/118,Seguridad y Salud en el Trabajo,outbreak forecasting,synthetic institutional data
THS-119,Modelo aplicado para el estudio de outbreak forecasting,"Trabajo de grado que analiza outbreak forecasting mediante modelos dinámicos, considerando su relación con riesgo sanitario en un contexto universitario o aplicado.",Existe conocimiento disperso sobre outbreak forecasting y no siempre se comprende su relación con riesgo sanitario.,Analizar outbreak forecasting mediante modelos dinámicos para producir evidencia sobre riesgo sanitario.,"Revisión de antecedentes, preparación de datos, modelos dinámicos y validación de resultados.",Se identificaron patrones y hallazgos pertinentes para comprender riesgo sanitario.,"Los resultados muestran potencial de aplicación, con limitaciones relacionadas con cobertura y contexto.",PRG-004,2021,outbreak forecasting;riesgo sanitario;modelos dinámicos,APPROVED,repo://thesis/119,Medicina,riesgo sanitario,synthetic institutional data
THS-120,Riesgo Sanitario and epidemiología: a university case study,"This thesis examines riesgo sanitario through modelamiento probabilístico, with emphasis on epidemiología and evidence available in an institutional context.",Current approaches provide incomplete understanding of riesgo sanitario and its implications for epidemiología.,Evaluate modelamiento probabilístico for analyzing riesgo sanitario in relation to epidemiología.,"Data preparation, modelamiento probabilístico, validation and interpretation.",The study identifies patterns and limitations relevant to epidemiología.,The approach is useful under defined conditions and requires contextual validation.,PRG-004,2022,riesgo sanitario;epidemiología;modelamiento probabilístico,APPROVED,repo://thesis/120,Medicina,epidemiología,synthetic institutional data
THS-121,Caracterización de historias clínicas en relación con privacidad,"Trabajo de grado que analiza historias clínicas mediante arquitecturas de software, considerando su relación con privacidad en un contexto universitario o aplicado.",Existe conocimiento disperso sobre historias clínicas y no siempre se comprende su relación con privacidad.,Analizar historias clínicas mediante arquitecturas de software para producir evidencia sobre privacidad.,"Revisión de antecedentes, preparación de datos, arquitecturas de software y validación de resultados.",Se identificaron patrones y hallazgos pertinentes para comprender privacidad.,"Los resultados muestran potencial de aplicación, con limitaciones relacionadas con cobertura y contexto.",PRG-006,2024,historias clínicas;privacidad;arquitecturas de software,APPROVED,repo://thesis/121,Seguridad y Salud en el Trabajo,privacidad,synthetic institutional data
THS-122,Evaluación de gestión de identidades para analizar privacidad,"Trabajo de grado que analiza privacidad mediante gestión de identidades, considerando su relación con interoperabilidad en un contexto universitario o aplicado.",Existe conocimiento disperso sobre privacidad y no siempre se comprende su relación con interoperabilidad.,Analizar privacidad mediante gestión de identidades para producir evidencia sobre interoperabilidad.,,Se identificaron patrones y hallazgos pertinentes para comprender interoperabilidad.,"Los resultados muestran potencial de aplicación, con limitaciones relacionadas con cobertura y contexto.",PRG-006,2025,privacidad;interoperabilidad;gestión de identidades,APPROVED,repo://thesis/122,Seguridad y Salud en el Trabajo,interoperabilidad,synthetic institutional data
THS-123,Modelo aplicado para el estudio de interoperabilidad,"Trabajo de grado que analiza interoperabilidad mediante ciberseguridad, considerando su relación con clinical data security en un contexto universitario o aplicado.",Existe conocimiento disperso sobre interoperabilidad y no siempre se comprende su relación con clinical data security.,Analizar interoperabilidad mediante ciberseguridad para producir evidencia sobre clinical data security.,"Revisión de antecedentes, preparación de datos, ciberseguridad y validación de resultados.",Se identificaron patrones y hallazgos pertinentes para comprender clinical data security.,"Los resultados muestran potencial de aplicación, con limitaciones relacionadas con cobertura y contexto.",PRG-006,2026,interoperabilidad;clinical data security;ciberseguridad,APPROVED,repo://thesis/123,Seguridad y Salud en el Trabajo,clinical data security,synthetic institutional data
THS-124,Análisis de patrones asociados con control de acceso,"Trabajo de grado que analiza clinical data security mediante arquitecturas de software, considerando su relación con control de acceso en un contexto universitario o aplicado.",Existe conocimiento disperso sobre clinical data security y no siempre se comprende su relación con control de acceso.,Analizar clinical data security mediante arquitecturas de software para producir evidencia sobre control de acceso.,"Revisión de antecedentes, preparación de datos, arquitecturas de software y validación de resultados.",Se identificaron patrones y hallazgos pertinentes para comprender control de acceso.,"Los resultados muestran potencial de aplicación, con limitaciones relacionadas con cobertura y contexto.",PRG-005,2017,clinical data security;control de acceso;arquitecturas de software,APPROVED,repo://thesis/124,Enfermería,control de acceso,synthetic institutional data
THS-125,Caracterización de control de acceso en relación con historias clínicas,"Trabajo de grado que analiza control de acceso mediante gestión de identidades, considerando su relación con historias clínicas en un contexto universitario o aplicado.",Existe conocimiento disperso sobre control de acceso y no siempre se comprende su relación con historias clínicas.,Analizar control de acceso mediante gestión de identidades para producir evidencia sobre historias clínicas.,"Revisión de antecedentes, preparación de datos, gestión de identidades y validación de resultados.",Se identificaron patrones y hallazgos pertinentes para comprender historias clínicas.,"Los resultados muestran potencial de aplicación, con limitaciones relacionadas con cobertura y contexto.",PRG-005,2018,control de acceso;historias clínicas;gestión de identidades,APPROVED,repo://thesis/125,Enfermería,historias clínicas,synthetic institutional data
THS-126,Evaluación de ciberseguridad para analizar historias clínicas,"Trabajo de grado que analiza historias clínicas mediante ciberseguridad, considerando su relación con privacidad en un contexto universitario o aplicado.",Existe conocimiento disperso sobre historias clínicas y no siempre se comprende su relación con privacidad.,Analizar historias clínicas mediante ciberseguridad para producir evidencia sobre privacidad.,"Revisión de antecedentes, preparación de datos, ciberseguridad y validación de resultados.",Se identificaron patrones y hallazgos pertinentes para comprender privacidad.,"Los resultados muestran potencial de aplicación, con limitaciones relacionadas con cobertura y contexto.",PRG-005,2019,historias clínicas;privacidad;ciberseguridad,APPROVED,repo://thesis/126,Enfermería,privacidad,synthetic institutional data
THS-127,Modelo aplicado para el estudio de privacidad,"Trabajo de grado que analiza privacidad mediante arquitecturas de software, considerando su relación con interoperabilidad en un contexto universitario o aplicado.",Existe conocimiento disperso sobre privacidad y no siempre se comprende su relación con interoperabilidad.,Analizar privacidad mediante arquitecturas de software para producir evidencia sobre interoperabilidad.,"Revisión de antecedentes, preparación de datos, arquitecturas de software y validación de resultados.",Se identificaron patrones y hallazgos pertinentes para comprender interoperabilidad.,"Los resultados muestran potencial de aplicación, con limitaciones relacionadas con cobertura y contexto.",PRG-004,2020,privacidad;interoperabilidad;arquitecturas de software,APPROVED,repo://thesis/127,Medicina,interoperabilidad,synthetic institutional data
THS-128,Análisis de patrones asociados con clinical data security,"Trabajo de grado que analiza interoperabilidad mediante gestión de identidades, considerando su relación con clinical data security en un contexto universitario o aplicado.",Existe conocimiento disperso sobre interoperabilidad y no siempre se comprende su relación con clinical data security.,Analizar interoperabilidad mediante gestión de identidades para producir evidencia sobre clinical data security.,"Revisión de antecedentes, preparación de datos, gestión de identidades y validación de resultados.",Se identificaron patrones y hallazgos pertinentes para comprender clinical data security.,"Los resultados muestran potencial de aplicación, con limitaciones relacionadas con cobertura y contexto.",PRG-005,2021,interoperabilidad;clinical data security;gestión de identidades,APPROVED,repo://thesis/128,Enfermería,clinical data security,synthetic institutional data
THS-129,Caracterización de clinical data security en relación con control de acceso,"Trabajo de grado que analiza clinical data security mediante ciberseguridad, considerando su relación con control de acceso en un contexto universitario o aplicado.",Existe conocimiento disperso sobre clinical data security y no siempre se comprende su relación con control de acceso.,Analizar clinical data security mediante ciberseguridad para producir evidencia sobre control de acceso.,"Revisión de antecedentes, preparación de datos, ciberseguridad y validación de resultados.",Se identificaron patrones y hallazgos pertinentes para comprender control de acceso.,"Los resultados muestran potencial de aplicación, con limitaciones relacionadas con cobertura y contexto.",PRG-006,2022,clinical data security;control de acceso;ciberseguridad,APPROVED,repo://thesis/129,Seguridad y Salud en el Trabajo,control de acceso,synthetic institutional data
THS-130,Control De Acceso and historias clínicas: a university case study,"This thesis examines control de acceso through arquitecturas de software, with emphasis on historias clínicas and evidence available in an institutional context.",Current approaches provide incomplete understanding of control de acceso and its implications for historias clínicas.,Evaluate arquitecturas de software for analyzing control de acceso in relation to historias clínicas.,"Data preparation, arquitecturas de software, validation and interpretation.",The study identifies patterns and limitations relevant to historias clínicas.,The approach is useful under defined conditions and requires contextual validation.,PRG-006,2023,control de acceso;historias clínicas;arquitecturas de software,APPROVED,repo://thesis/130,Seguridad y Salud en el Trabajo,historias clínicas,synthetic institutional data
THS-131,Modelo aplicado para el estudio de historias clínicas,"Trabajo de grado que analiza historias clínicas mediante gestión de identidades, considerando su relación con privacidad en un contexto universitario o aplicado.",Existe conocimiento disperso sobre historias clínicas y no siempre se comprende su relación con privacidad.,Analizar historias clínicas mediante gestión de identidades para producir evidencia sobre privacidad.,"Revisión de antecedentes, preparación de datos, gestión de identidades y validación de resultados.",Se identificaron patrones y hallazgos pertinentes para comprender privacidad.,"Los resultados muestran potencial de aplicación, con limitaciones relacionadas con cobertura y contexto.",PRG-005,2024,historias clínicas;privacidad;gestión de identidades,APPROVED,repo://thesis/131,Enfermería,privacidad,synthetic institutional data
THS-132,Análisis de patrones asociados con interoperabilidad,"Trabajo de grado que analiza privacidad mediante ciberseguridad, considerando su relación con interoperabilidad en un contexto universitario o aplicado.",Existe conocimiento disperso sobre privacidad y no siempre se comprende su relación con interoperabilidad.,Analizar privacidad mediante ciberseguridad para producir evidencia sobre interoperabilidad.,"Revisión de antecedentes, preparación de datos, ciberseguridad y validación de resultados.",Se identificaron patrones y hallazgos pertinentes para comprender interoperabilidad.,"Los resultados muestran potencial de aplicación, con limitaciones relacionadas con cobertura y contexto.",PRG-004,2025,privacidad;interoperabilidad;ciberseguridad,APPROVED,repo://thesis/132,Medicina,interoperabilidad,synthetic institutional data
THS-133,Caracterización de interoperabilidad en relación con clinical data security,"Trabajo de grado que analiza interoperabilidad mediante arquitecturas de software, considerando su relación con clinical data security en un contexto universitario o aplicado.",Existe conocimiento disperso sobre interoperabilidad y no siempre se comprende su relación con clinical data security.,Analizar interoperabilidad mediante arquitecturas de software para producir evidencia sobre clinical data security.,"Revisión de antecedentes, preparación de datos, arquitecturas de software y validación de resultados.",Se identificaron patrones y hallazgos pertinentes para comprender clinical data security.,"Los resultados muestran potencial de aplicación, con limitaciones relacionadas con cobertura y contexto.",PRG-004,2026,interoperabilidad;clinical data security;arquitecturas de software,APPROVED,repo://thesis/133,Medicina,clinical data security,synthetic institutional data
THS-134,Evaluación de gestión de identidades para analizar clinical data security,"Trabajo de grado que analiza clinical data security mediante gestión de identidades, considerando su relación con control de acceso en un contexto universitario o aplicado.",Existe conocimiento disperso sobre clinical data security y no siempre se comprende su relación con control de acceso.,Analizar clinical data security mediante gestión de identidades para producir evidencia sobre control de acceso.,"Revisión de antecedentes, preparación de datos, gestión de identidades y validación de resultados.",,"Los resultados muestran potencial de aplicación, con limitaciones relacionadas con cobertura y contexto.",PRG-004,2017,clinical data security;control de acceso;gestión de identidades,APPROVED,repo://thesis/134,Medicina,control de acceso,synthetic institutional data
THS-135,Modelo aplicado para el estudio de control de acceso,"Trabajo de grado que analiza control de acceso mediante ciberseguridad, considerando su relación con historias clínicas en un contexto universitario o aplicado.",Existe conocimiento disperso sobre control de acceso y no siempre se comprende su relación con historias clínicas.,Analizar control de acceso mediante ciberseguridad para producir evidencia sobre historias clínicas.,"Revisión de antecedentes, preparación de datos, ciberseguridad y validación de resultados.",Se identificaron patrones y hallazgos pertinentes para comprender historias clínicas.,"Los resultados muestran potencial de aplicación, con limitaciones relacionadas con cobertura y contexto.",PRG-004,2018,control de acceso;historias clínicas;ciberseguridad,APPROVED,repo://thesis/135,Medicina,historias clínicas,synthetic institutional data
THS-136,Análisis de patrones asociados con privacidad,"Trabajo de grado que analiza historias clínicas mediante arquitecturas de software, considerando su relación con privacidad en un contexto universitario o aplicado.",Existe conocimiento disperso sobre historias clínicas y no siempre se comprende su relación con privacidad.,Analizar historias clínicas mediante arquitecturas de software para producir evidencia sobre privacidad.,"Revisión de antecedentes, preparación de datos, arquitecturas de software y validación de resultados.",Se identificaron patrones y hallazgos pertinentes para comprender privacidad.,"Los resultados muestran potencial de aplicación, con limitaciones relacionadas con cobertura y contexto.",PRG-005,2019,historias clínicas;privacidad;arquitecturas de software,APPROVED,repo://thesis/136,Enfermería,privacidad,synthetic institutional data
THS-137,Caracterización de privacidad en relación con interoperabilidad,"Trabajo de grado que analiza privacidad mediante gestión de identidades, considerando su relación con interoperabilidad en un contexto universitario o aplicado.",Existe conocimiento disperso sobre privacidad y no siempre se comprende su relación con interoperabilidad.,Analizar privacidad mediante gestión de identidades para producir evidencia sobre interoperabilidad.,"Revisión de antecedentes, preparación de datos, gestión de identidades y validación de resultados.",Se identificaron patrones y hallazgos pertinentes para comprender interoperabilidad.,"Los resultados muestran potencial de aplicación, con limitaciones relacionadas con cobertura y contexto.",PRG-005,2020,privacidad;interoperabilidad;gestión de identidades,APPROVED,repo://thesis/137,Enfermería,interoperabilidad,synthetic institutional data
THS-138,Evaluación de ciberseguridad para analizar interoperabilidad,"Trabajo de grado que analiza interoperabilidad mediante ciberseguridad, considerando su relación con clinical data security en un contexto universitario o aplicado.",Existe conocimiento disperso sobre interoperabilidad y no siempre se comprende su relación con clinical data security.,Analizar interoperabilidad mediante ciberseguridad para producir evidencia sobre clinical data security.,"Revisión de antecedentes, preparación de datos, ciberseguridad y validación de resultados.",Se identificaron patrones y hallazgos pertinentes para comprender clinical data security.,"Los resultados muestran potencial de aplicación, con limitaciones relacionadas con cobertura y contexto.",PRG-006,2021,interoperabilidad;clinical data security;ciberseguridad,APPROVED,repo://thesis/138,Seguridad y Salud en el Trabajo,clinical data security,synthetic institutional data
THS-139,Modelo aplicado para el estudio de clinical data security,"Trabajo de grado que analiza clinical data security mediante arquitecturas de software, considerando su relación con control de acceso en un contexto universitario o aplicado.",Existe conocimiento disperso sobre clinical data security y no siempre se comprende su relación con control de acceso.,Analizar clinical data security mediante arquitecturas de software para producir evidencia sobre control de acceso.,"Revisión de antecedentes, preparación de datos, arquitecturas de software y validación de resultados.",Se identificaron patrones y hallazgos pertinentes para comprender control de acceso.,"Los resultados muestran potencial de aplicación, con limitaciones relacionadas con cobertura y contexto.",PRG-005,2022,clinical data security;control de acceso;arquitecturas de software,APPROVED,repo://thesis/139,Enfermería,control de acceso,synthetic institutional data
THS-140,Control De Acceso and historias clínicas: a university case study,"This thesis examines control de acceso through gestión de identidades, with emphasis on historias clínicas and evidence available in an institutional context.",Current approaches provide incomplete understanding of control de acceso and its implications for historias clínicas.,Evaluate gestión de identidades for analyzing control de acceso in relation to historias clínicas.,"Data preparation, gestión de identidades, validation and interpretation.",The study identifies patterns and limitations relevant to historias clínicas.,The approach is useful under defined conditions and requires contextual validation.,PRG-005,2023,control de acceso;historias clínicas;gestión de identidades,APPROVED,repo://thesis/140,Enfermería,historias clínicas,synthetic institutional data
THS-141,Caracterización de exposición ocupacional en relación con riesgo térmico,"Trabajo de grado que analiza exposición ocupacional mediante analítica de riesgo, considerando su relación con riesgo térmico en un contexto universitario o aplicado.",Existe conocimiento disperso sobre exposición ocupacional y no siempre se comprende su relación con riesgo térmico.,Analizar exposición ocupacional mediante analítica de riesgo para producir evidencia sobre riesgo térmico.,"Revisión de antecedentes, preparación de datos, analítica de riesgo y validación de resultados.",Se identificaron patrones y hallazgos pertinentes para comprender riesgo térmico.,"Los resultados muestran potencial de aplicación, con limitaciones relacionadas con cobertura y contexto.",PRG-006,2025,exposición ocupacional;riesgo térmico;analítica de riesgo,APPROVED,repo://thesis/141,Seguridad y Salud en el Trabajo,riesgo térmico,synthetic institutional data
THS-142,Evaluación de procesamiento de señales para analizar riesgo térmico,"Trabajo de grado que analiza riesgo térmico mediante procesamiento de señales, considerando su relación con ergonomía en un contexto universitario o aplicado.",Existe conocimiento disperso sobre riesgo térmico y no siempre se comprende su relación con ergonomía.,Analizar riesgo térmico mediante procesamiento de señales para producir evidencia sobre ergonomía.,"Revisión de antecedentes, preparación de datos, procesamiento de señales y validación de resultados.",Se identificaron patrones y hallazgos pertinentes para comprender ergonomía.,"Los resultados muestran potencial de aplicación, con limitaciones relacionadas con cobertura y contexto.",PRG-004,2026,riesgo térmico;ergonomía;procesamiento de señales,APPROVED,repo://thesis/142,Medicina,ergonomía,synthetic institutional data
THS-143,Modelo aplicado para el estudio de ergonomía,"Trabajo de grado que analiza ergonomía mediante IoT, considerando su relación con worker safety en un contexto universitario o aplicado.",Existe conocimiento disperso sobre ergonomía y no siempre se comprende su relación con worker safety.,Analizar ergonomía mediante IoT para producir evidencia sobre worker safety.,"Revisión de antecedentes, preparación de datos, IoT y validación de resultados.",Se identificaron patrones y hallazgos pertinentes para comprender worker safety.,"Los resultados muestran potencial de aplicación, con limitaciones relacionadas con cobertura y contexto.",PRG-006,2017,ergonomía;worker safety;IoT,APPROVED,repo://thesis/143,Seguridad y Salud en el Trabajo,worker safety,synthetic institutional data
THS-144,Análisis de patrones asociados con monitoreo ambiental laboral,"Trabajo de grado que analiza worker safety mediante analítica de riesgo, considerando su relación con monitoreo ambiental laboral en un contexto universitario o aplicado.",Existe conocimiento disperso sobre worker safety y no siempre se comprende su relación con monitoreo ambiental laboral.,Analizar worker safety mediante analítica de riesgo para producir evidencia sobre monitoreo ambiental laboral.,"Revisión de antecedentes, preparación de datos, analítica de riesgo y validación de resultados.",Se identificaron patrones y hallazgos pertinentes para comprender monitoreo ambiental laboral.,"Los resultados muestran potencial de aplicación, con limitaciones relacionadas con cobertura y contexto.",PRG-005,2018,worker safety;monitoreo ambiental laboral;analítica de riesgo,APPROVED,repo://thesis/144,Enfermería,monitoreo ambiental laboral,synthetic institutional data
THS-145,Caracterización de monitoreo ambiental laboral en relación con exposición ocupacional,"Trabajo de grado que analiza monitoreo ambiental laboral mediante procesamiento de señales, considerando su relación con exposición ocupacional en un contexto universitario o aplicado.",Existe conocimiento disperso sobre monitoreo ambiental laboral y no siempre se comprende su relación con exposición ocupacional.,Analizar monitoreo ambiental laboral mediante procesamiento de señales para producir evidencia sobre exposición ocupacional.,"Revisión de antecedentes, preparación de datos, procesamiento de señales y validación de resultados.",Se identificaron patrones y hallazgos pertinentes para comprender exposición ocupacional.,"Los resultados muestran potencial de aplicación, con limitaciones relacionadas con cobertura y contexto.",PRG-005,2019,,APPROVED,repo://thesis/145,Enfermería,exposición ocupacional,synthetic institutional data
THS-146,Evaluación de IoT para analizar exposición ocupacional,"Trabajo de grado que analiza exposición ocupacional mediante IoT, considerando su relación con riesgo térmico en un contexto universitario o aplicado.",Existe conocimiento disperso sobre exposición ocupacional y no siempre se comprende su relación con riesgo térmico.,Analizar exposición ocupacional mediante IoT para producir evidencia sobre riesgo térmico.,"Revisión de antecedentes, preparación de datos, IoT y validación de resultados.",Se identificaron patrones y hallazgos pertinentes para comprender riesgo térmico.,"Los resultados muestran potencial de aplicación, con limitaciones relacionadas con cobertura y contexto.",PRG-006,2020,exposición ocupacional;riesgo térmico;IoT,APPROVED,repo://thesis/146,Seguridad y Salud en el Trabajo,riesgo térmico,synthetic institutional data
THS-147,Modelo aplicado para el estudio de riesgo térmico,"Trabajo de grado que analiza riesgo térmico mediante analítica de riesgo, considerando su relación con ergonomía en un contexto universitario o aplicado.",Existe conocimiento disperso sobre riesgo térmico y no siempre se comprende su relación con ergonomía.,Analizar riesgo térmico mediante analítica de riesgo para producir evidencia sobre ergonomía.,"Revisión de antecedentes, preparación de datos, analítica de riesgo y validación de resultados.",Se identificaron patrones y hallazgos pertinentes para comprender ergonomía.,"Los resultados muestran potencial de aplicación, con limitaciones relacionadas con cobertura y contexto.",PRG-005,2021,riesgo térmico;ergonomía;analítica de riesgo,APPROVED,repo://thesis/147,Enfermería,ergonomía,synthetic institutional data
THS-148,Análisis de patrones asociados con worker safety,"Trabajo de grado que analiza ergonomía mediante procesamiento de señales, considerando su relación con worker safety en un contexto universitario o aplicado.",Existe conocimiento disperso sobre ergonomía y no siempre se comprende su relación con worker safety.,Analizar ergonomía mediante procesamiento de señales para producir evidencia sobre worker safety.,"Revisión de antecedentes, preparación de datos, procesamiento de señales y validación de resultados.",Se identificaron patrones y hallazgos pertinentes para comprender worker safety.,"Los resultados muestran potencial de aplicación, con limitaciones relacionadas con cobertura y contexto.",PRG-006,2022,ergonomía;worker safety;procesamiento de señales,APPROVED,repo://thesis/148,Seguridad y Salud en el Trabajo,worker safety,synthetic institutional data
THS-149,Caracterización de worker safety en relación con monitoreo ambiental laboral,"Trabajo de grado que analiza worker safety mediante IoT, considerando su relación con monitoreo ambiental laboral en un contexto universitario o aplicado.",Existe conocimiento disperso sobre worker safety y no siempre se comprende su relación con monitoreo ambiental laboral.,Analizar worker safety mediante IoT para producir evidencia sobre monitoreo ambiental laboral.,"Revisión de antecedentes, preparación de datos, IoT y validación de resultados.",Se identificaron patrones y hallazgos pertinentes para comprender monitoreo ambiental laboral.,"Los resultados muestran potencial de aplicación, con limitaciones relacionadas con cobertura y contexto.",PRG-006,2023,worker safety;monitoreo ambiental laboral;IoT,APPROVED,repo://thesis/149,Seguridad y Salud en el Trabajo,monitoreo ambiental laboral,synthetic institutional data
THS-150,Monitoreo Ambiental Laboral and exposición ocupacional: a university case study,"This thesis examines monitoreo ambiental laboral through analítica de riesgo, with emphasis on exposición ocupacional and evidence available in an institutional context.",Current approaches provide incomplete understanding of monitoreo ambiental laboral and its implications for exposición ocupacional.,Evaluate analítica de riesgo for analyzing monitoreo ambiental laboral in relation to exposición ocupacional.,"Data preparation, analítica de riesgo, validation and interpretation.",The study identifies patterns and limitations relevant to exposición ocupacional.,The approach is useful under defined conditions and requires contextual validation.,PRG-004,2024,monitoreo ambiental laboral;exposición ocupacional;analítica de riesgo,APPROVED,repo://thesis/150,Medicina,exposición ocupacional,synthetic institutional data
THS-151,Modelo aplicado para el estudio de exposición ocupacional,"Trabajo de grado que analiza exposición ocupacional mediante procesamiento de señales, considerando su relación con riesgo térmico en un contexto universitario o aplicado.",Existe conocimiento disperso sobre exposición ocupacional y no siempre se comprende su relación con riesgo térmico.,Analizar exposición ocupacional mediante procesamiento de señales para producir evidencia sobre riesgo térmico.,"Revisión de antecedentes, preparación de datos, procesamiento de señales y validación de resultados.",Se identificaron patrones y hallazgos pertinentes para comprender riesgo térmico.,"Los resultados muestran potencial de aplicación, con limitaciones relacionadas con cobertura y contexto.",PRG-006,2025,exposición ocupacional;riesgo térmico;procesamiento de señales,APPROVED,repo://thesis/151,Seguridad y Salud en el Trabajo,riesgo térmico,synthetic institutional data
THS-152,Análisis de patrones asociados con ergonomía,"Trabajo de grado que analiza riesgo térmico mediante IoT, considerando su relación con ergonomía en un contexto universitario o aplicado.",Existe conocimiento disperso sobre riesgo térmico y no siempre se comprende su relación con ergonomía.,Analizar riesgo térmico mediante IoT para producir evidencia sobre ergonomía.,"Revisión de antecedentes, preparación de datos, IoT y validación de resultados.",Se identificaron patrones y hallazgos pertinentes para comprender ergonomía.,"Los resultados muestran potencial de aplicación, con limitaciones relacionadas con cobertura y contexto.",PRG-006,2026,riesgo térmico;ergonomía;IoT,APPROVED,repo://thesis/152,Seguridad y Salud en el Trabajo,ergonomía,synthetic institutional data
THS-153,Caracterización de ergonomía en relación con worker safety,"Trabajo de grado que analiza ergonomía mediante analítica de riesgo, considerando su relación con worker safety en un contexto universitario o aplicado.",Existe conocimiento disperso sobre ergonomía y no siempre se comprende su relación con worker safety.,Analizar ergonomía mediante analítica de riesgo para producir evidencia sobre worker safety.,"Revisión de antecedentes, preparación de datos, analítica de riesgo y validación de resultados.",Se identificaron patrones y hallazgos pertinentes para comprender worker safety.,"Los resultados muestran potencial de aplicación, con limitaciones relacionadas con cobertura y contexto.",PRG-004,2017,ergonomía;worker safety;analítica de riesgo,APPROVED,repo://thesis/153,Medicina,worker safety,synthetic institutional data
THS-154,Evaluación de procesamiento de señales para analizar worker safety,"Trabajo de grado que analiza worker safety mediante procesamiento de señales, considerando su relación con monitoreo ambiental laboral en un contexto universitario o aplicado.",Existe conocimiento disperso sobre worker safety y no siempre se comprende su relación con monitoreo ambiental laboral.,Analizar worker safety mediante procesamiento de señales para producir evidencia sobre monitoreo ambiental laboral.,"Revisión de antecedentes, preparación de datos, procesamiento de señales y validación de resultados.",Se identificaron patrones y hallazgos pertinentes para comprender monitoreo ambiental laboral.,"Los resultados muestran potencial de aplicación, con limitaciones relacionadas con cobertura y contexto.",PRG-006,2018,worker safety;monitoreo ambiental laboral;procesamiento de señales,APPROVED,repo://thesis/154,Seguridad y Salud en el Trabajo,monitoreo ambiental laboral,synthetic institutional data
THS-155,Modelo aplicado para el estudio de monitoreo ambiental laboral,"Trabajo de grado que analiza monitoreo ambiental laboral mediante IoT, considerando su relación con exposición ocupacional en un contexto universitario o aplicado.",Existe conocimiento disperso sobre monitoreo ambiental laboral y no siempre se comprende su relación con exposición ocupacional.,Analizar monitoreo ambiental laboral mediante IoT para producir evidencia sobre exposición ocupacional.,"Revisión de antecedentes, preparación de datos, IoT y validación de resultados.",Se identificaron patrones y hallazgos pertinentes para comprender exposición ocupacional.,"Los resultados muestran potencial de aplicación, con limitaciones relacionadas con cobertura y contexto.",PRG-006,2019,monitoreo ambiental laboral;exposición ocupacional;IoT,APPROVED,repo://thesis/155,Seguridad y Salud en el Trabajo,exposición ocupacional,synthetic institutional data
THS-156,Análisis de patrones asociados con riesgo térmico,"Trabajo de grado que analiza exposición ocupacional mediante analítica de riesgo, considerando su relación con riesgo térmico en un contexto universitario o aplicado.",Existe conocimiento disperso sobre exposición ocupacional y no siempre se comprende su relación con riesgo térmico.,Analizar exposición ocupacional mediante analítica de riesgo para producir evidencia sobre riesgo térmico.,"Revisión de antecedentes, preparación de datos, analítica de riesgo y validación de resultados.",Se identificaron patrones y hallazgos pertinentes para comprender riesgo térmico.,"Los resultados muestran potencial de aplicación, con limitaciones relacionadas con cobertura y contexto.",PRG-006,2020,exposición ocupacional;riesgo térmico;analítica de riesgo,APPROVED,repo://thesis/156,Seguridad y Salud en el Trabajo,riesgo térmico,synthetic institutional data
THS-157,Caracterización de riesgo térmico en relación con ergonomía,"Trabajo de grado que analiza riesgo térmico mediante procesamiento de señales, considerando su relación con ergonomía en un contexto universitario o aplicado.",Existe conocimiento disperso sobre riesgo térmico y no siempre se comprende su relación con ergonomía.,Analizar riesgo térmico mediante procesamiento de señales para producir evidencia sobre ergonomía.,"Revisión de antecedentes, preparación de datos, procesamiento de señales y validación de resultados.",Se identificaron patrones y hallazgos pertinentes para comprender ergonomía.,"Los resultados muestran potencial de aplicación, con limitaciones relacionadas con cobertura y contexto.",PRG-004,2021,riesgo térmico;ergonomía;procesamiento de señales,APPROVED,repo://thesis/157,Medicina,ergonomía,synthetic institutional data
THS-158,Evaluación de IoT para analizar ergonomía,"Trabajo de grado que analiza ergonomía mediante IoT, considerando su relación con worker safety en un contexto universitario o aplicado.",Existe conocimiento disperso sobre ergonomía y no siempre se comprende su relación con worker safety.,Analizar ergonomía mediante IoT para producir evidencia sobre worker safety.,"Revisión de antecedentes, preparación de datos, IoT y validación de resultados.",Se identificaron patrones y hallazgos pertinentes para comprender worker safety.,"Los resultados muestran potencial de aplicación, con limitaciones relacionadas con cobertura y contexto.",PRG-005,2022,ergonomía;worker safety;IoT,APPROVED,repo://thesis/158,Enfermería,worker safety,synthetic institutional data
THS-159,Modelo aplicado para el estudio de worker safety,"Trabajo de grado que analiza worker safety mediante analítica de riesgo, considerando su relación con monitoreo ambiental laboral en un contexto universitario o aplicado.",Existe conocimiento disperso sobre worker safety y no siempre se comprende su relación con monitoreo ambiental laboral.,Analizar worker safety mediante analítica de riesgo para producir evidencia sobre monitoreo ambiental laboral.,"Revisión de antecedentes, preparación de datos, analítica de riesgo y validación de resultados.",Se identificaron patrones y hallazgos pertinentes para comprender monitoreo ambiental laboral.,"Los resultados muestran potencial de aplicación, con limitaciones relacionadas con cobertura y contexto.",PRG-005,2023,worker safety;monitoreo ambiental laboral;analítica de riesgo,APPROVED,repo://thesis/159,Enfermería,monitoreo ambiental laboral,synthetic institutional data
THS-160,Monitoreo Ambiental Laboral and exposición ocupacional: a university case study,"This thesis examines monitoreo ambiental laboral through procesamiento de señales, with emphasis on exposición ocupacional and evidence available in an institutional context.",Current approaches provide incomplete understanding of monitoreo ambiental laboral and its implications for exposición ocupacional.,Evaluate procesamiento de señales for analyzing monitoreo ambiental laboral in relation to exposición ocupacional.,"Data preparation, procesamiento de señales, validation and interpretation.",The study identifies patterns and limitations relevant to exposición ocupacional.,The approach is useful under defined conditions and requires contextual validation.,PRG-006,2024,monitoreo ambiental laboral;exposición ocupacional;procesamiento de señales,APPROVED,repo://thesis/160,Seguridad y Salud en el Trabajo,exposición ocupacional,synthetic institutional data
THS-161,Caracterización de calidad del agua en relación con variables fisicoquímicas,"Trabajo de grado que analiza calidad del agua mediante detección de anomalías, considerando su relación con variables fisicoquímicas en un contexto universitario o aplicado.",Existe conocimiento disperso sobre calidad del agua y no siempre se comprende su relación con variables fisicoquímicas.,Analizar calidad del agua mediante detección de anomalías para producir evidencia sobre variables fisicoquímicas.,"Revisión de antecedentes, preparación de datos, detección de anomalías y validación de resultados.",Se identificaron patrones y hallazgos pertinentes para comprender variables fisicoquímicas.,"Los resultados muestran potencial de aplicación, con limitaciones relacionadas con cobertura y contexto.",PRG-015,2026,calidad del agua;variables fisicoquímicas;detección de anomalías,APPROVED,repo://thesis/161,Civil,variables fisicoquímicas,synthetic institutional data
THS-162,Evaluación de series temporales para analizar variables fisicoquímicas,"Trabajo de grado que analiza variables fisicoquímicas mediante series temporales, considerando su relación con cuencas en un contexto universitario o aplicado.",Existe conocimiento disperso sobre variables fisicoquímicas y no siempre se comprende su relación con cuencas.,Analizar variables fisicoquímicas mediante series temporales para producir evidencia sobre cuencas.,"Revisión de antecedentes, preparación de datos, series temporales y validación de resultados.",Se identificaron patrones y hallazgos pertinentes para comprender cuencas.,"Los resultados muestran potencial de aplicación, con limitaciones relacionadas con cobertura y contexto.",PRG-015,2017,variables fisicoquímicas;cuencas;series temporales,APPROVED,repo://thesis/162,Civil,cuencas,synthetic institutional data
THS-163,Modelo aplicado para el estudio de cuencas,"Trabajo de grado que analiza cuencas mediante IoT, considerando su relación con water monitoring en un contexto universitario o aplicado.",Existe conocimiento disperso sobre cuencas y no siempre se comprende su relación con water monitoring.,Analizar cuencas mediante IoT para producir evidencia sobre water monitoring.,"Revisión de antecedentes, preparación de datos, IoT y validación de resultados.",Se identificaron patrones y hallazgos pertinentes para comprender water monitoring.,"Los resultados muestran potencial de aplicación, con limitaciones relacionadas con cobertura y contexto.",PRG-013,2018,cuencas;water monitoring;IoT,APPROVED,repo://thesis/163,Ambiental,water monitoring,synthetic institutional data
THS-164,Análisis de patrones asociados con contaminación hídrica,"Trabajo de grado que analiza water monitoring mediante detección de anomalías, considerando su relación con contaminación hídrica en un contexto universitario o aplicado.",Existe conocimiento disperso sobre water monitoring y no siempre se comprende su relación con contaminación hídrica.,Analizar water monitoring mediante detección de anomalías para producir evidencia sobre contaminación hídrica.,"Revisión de antecedentes, preparación de datos, detección de anomalías y validación de resultados.",Se identificaron patrones y hallazgos pertinentes para comprender contaminación hídrica.,"Los resultados muestran potencial de aplicación, con limitaciones relacionadas con cobertura y contexto.",PRG-015,2019,water monitoring;contaminación hídrica;detección de anomalías,APPROVED,repo://thesis/164,Civil,contaminación hídrica,synthetic institutional data
THS-165,Caracterización de contaminación hídrica en relación con calidad del agua,"Trabajo de grado que analiza contaminación hídrica mediante series temporales, considerando su relación con calidad del agua en un contexto universitario o aplicado.",Existe conocimiento disperso sobre contaminación hídrica y no siempre se comprende su relación con calidad del agua.,Analizar contaminación hídrica mediante series temporales para producir evidencia sobre calidad del agua.,"Revisión de antecedentes, preparación de datos, series temporales y validación de resultados.",Se identificaron patrones y hallazgos pertinentes para comprender calidad del agua.,"Los resultados muestran potencial de aplicación, con limitaciones relacionadas con cobertura y contexto.",PRG-013,2020,contaminación hídrica;calidad del agua;series temporales,APPROVED,repo://thesis/165,Ambiental,calidad del agua,synthetic institutional data
THS-166,Evaluación de IoT para analizar calidad del agua,"Trabajo de grado que analiza calidad del agua mediante IoT, considerando su relación con variables fisicoquímicas en un contexto universitario o aplicado.",Existe conocimiento disperso sobre calidad del agua y no siempre se comprende su relación con variables fisicoquímicas.,Analizar calidad del agua mediante IoT para producir evidencia sobre variables fisicoquímicas.,"Revisión de antecedentes, preparación de datos, IoT y validación de resultados.",Se identificaron patrones y hallazgos pertinentes para comprender variables fisicoquímicas.,"Los resultados muestran potencial de aplicación, con limitaciones relacionadas con cobertura y contexto.",PRG-013,2021,calidad del agua;variables fisicoquímicas;IoT,APPROVED,repo://thesis/166,Ambiental,variables fisicoquímicas,synthetic institutional data
THS-167,Modelo aplicado para el estudio de variables fisicoquímicas,"Trabajo de grado que analiza variables fisicoquímicas mediante detección de anomalías, considerando su relación con cuencas en un contexto universitario o aplicado.",Existe conocimiento disperso sobre variables fisicoquímicas y no siempre se comprende su relación con cuencas.,Analizar variables fisicoquímicas mediante detección de anomalías para producir evidencia sobre cuencas.,"Revisión de antecedentes, preparación de datos, detección de anomalías y validación de resultados.",Se identificaron patrones y hallazgos pertinentes para comprender cuencas.,"Los resultados muestran potencial de aplicación, con limitaciones relacionadas con cobertura y contexto.",PRG-013,2022,variables fisicoquímicas;cuencas;detección de anomalías,APPROVED,repo://thesis/167,Ambiental,cuencas,synthetic institutional data
THS-168,Análisis de patrones asociados con water monitoring,"Trabajo de grado que analiza cuencas mediante series temporales, considerando su relación con water monitoring en un contexto universitario o aplicado.",Existe conocimiento disperso sobre cuencas y no siempre se comprende su relación con water monitoring.,Analizar cuencas mediante series temporales para producir evidencia sobre water monitoring.,"Revisión de antecedentes, preparación de datos, series temporales y validación de resultados.",Se identificaron patrones y hallazgos pertinentes para comprender water monitoring.,"Los resultados muestran potencial de aplicación, con limitaciones relacionadas con cobertura y contexto.",PRG-015,2023,cuencas;water monitoring;series temporales,APPROVED,repo://thesis/168,Civil,water monitoring,synthetic institutional data
THS-169,Caracterización de water monitoring en relación con contaminación hídrica,"Trabajo de grado que analiza water monitoring mediante IoT, considerando su relación con contaminación hídrica en un contexto universitario o aplicado.",Existe conocimiento disperso sobre water monitoring y no siempre se comprende su relación con contaminación hídrica.,Analizar water monitoring mediante IoT para producir evidencia sobre contaminación hídrica.,"Revisión de antecedentes, preparación de datos, IoT y validación de resultados.",Se identificaron patrones y hallazgos pertinentes para comprender contaminación hídrica.,"Los resultados muestran potencial de aplicación, con limitaciones relacionadas con cobertura y contexto.",PRG-013,2024,water monitoring;contaminación hídrica;IoT,APPROVED,repo://thesis/169,Ambiental,contaminación hídrica,synthetic institutional data
THS-170,Contaminación Hídrica and calidad del agua: a university case study,"This thesis examines contaminación hídrica through detección de anomalías, with emphasis on calidad del agua and evidence available in an institutional context.",Current approaches provide incomplete understanding of contaminación hídrica and its implications for calidad del agua.,Evaluate detección de anomalías for analyzing contaminación hídrica in relation to calidad del agua.,"Data preparation, detección de anomalías, validation and interpretation.",The study identifies patterns and limitations relevant to calidad del agua.,The approach is useful under defined conditions and requires contextual validation.,PRG-013,2025,contaminación hídrica;calidad del agua;detección de anomalías,APPROVED,repo://thesis/170,Ambiental,calidad del agua,synthetic institutional data
THS-171,Modelo aplicado para el estudio de calidad del agua,"Trabajo de grado que analiza calidad del agua mediante series temporales, considerando su relación con variables fisicoquímicas en un contexto universitario o aplicado.",Existe conocimiento disperso sobre calidad del agua y no siempre se comprende su relación con variables fisicoquímicas.,Analizar calidad del agua mediante series temporales para producir evidencia sobre variables fisicoquímicas.,"Revisión de antecedentes, preparación de datos, series temporales y validación de resultados.",Se identificaron patrones y hallazgos pertinentes para comprender variables fisicoquímicas.,"Los resultados muestran potencial de aplicación, con limitaciones relacionadas con cobertura y contexto.",PRG-015,2026,calidad del agua;variables fisicoquímicas;series temporales,APPROVED,repo://thesis/171,Civil,variables fisicoquímicas,synthetic institutional data
THS-172,Análisis de patrones asociados con cuencas,"Trabajo de grado que analiza variables fisicoquímicas mediante IoT, considerando su relación con cuencas en un contexto universitario o aplicado.",Existe conocimiento disperso sobre variables fisicoquímicas y no siempre se comprende su relación con cuencas.,Analizar variables fisicoquímicas mediante IoT para producir evidencia sobre cuencas.,"Revisión de antecedentes, preparación de datos, IoT y validación de resultados.",Se identificaron patrones y hallazgos pertinentes para comprender cuencas.,"Los resultados muestran potencial de aplicación, con limitaciones relacionadas con cobertura y contexto.",PRG-015,2017,variables fisicoquímicas;cuencas;IoT,APPROVED,repo://thesis/172,Civil,cuencas,synthetic institutional data
THS-173,Caracterización de cuencas en relación con water monitoring,"Trabajo de grado que analiza cuencas mediante detección de anomalías, considerando su relación con water monitoring en un contexto universitario o aplicado.",Existe conocimiento disperso sobre cuencas y no siempre se comprende su relación con water monitoring.,Analizar cuencas mediante detección de anomalías para producir evidencia sobre water monitoring.,"Revisión de antecedentes, preparación de datos, detección de anomalías y validación de resultados.",Se identificaron patrones y hallazgos pertinentes para comprender water monitoring.,"Los resultados muestran potencial de aplicación, con limitaciones relacionadas con cobertura y contexto.",PRG-015,2018,cuencas;water monitoring;detección de anomalías,APPROVED,repo://thesis/173,Civil,water monitoring,synthetic institutional data
THS-174,Evaluación de series temporales para analizar water monitoring,"Trabajo de grado que analiza water monitoring mediante series temporales, considerando su relación con contaminación hídrica en un contexto universitario o aplicado.",Existe conocimiento disperso sobre water monitoring y no siempre se comprende su relación con contaminación hídrica.,Analizar water monitoring mediante series temporales para producir evidencia sobre contaminación hídrica.,"Revisión de antecedentes, preparación de datos, series temporales y validación de resultados.",Se identificaron patrones y hallazgos pertinentes para comprender contaminación hídrica.,"Los resultados muestran potencial de aplicación, con limitaciones relacionadas con cobertura y contexto.",PRG-014,2019,,APPROVED,repo://thesis/174,Gestión Ambiental,contaminación hídrica,synthetic institutional data
THS-175,Modelo aplicado para el estudio de contaminación hídrica,"Trabajo de grado que analiza contaminación hídrica mediante IoT, considerando su relación con calidad del agua en un contexto universitario o aplicado.",Existe conocimiento disperso sobre contaminación hídrica y no siempre se comprende su relación con calidad del agua.,Analizar contaminación hídrica mediante IoT para producir evidencia sobre calidad del agua.,"Revisión de antecedentes, preparación de datos, IoT y validación de resultados.",Se identificaron patrones y hallazgos pertinentes para comprender calidad del agua.,"Los resultados muestran potencial de aplicación, con limitaciones relacionadas con cobertura y contexto.",PRG-013,2020,contaminación hídrica;calidad del agua;IoT,APPROVED,repo://thesis/175,Ambiental,calidad del agua,synthetic institutional data
THS-176,Análisis de patrones asociados con variables fisicoquímicas,"Trabajo de grado que analiza calidad del agua mediante detección de anomalías, considerando su relación con variables fisicoquímicas en un contexto universitario o aplicado.",Existe conocimiento disperso sobre calidad del agua y no siempre se comprende su relación con variables fisicoquímicas.,Analizar calidad del agua mediante detección de anomalías para producir evidencia sobre variables fisicoquímicas.,"Revisión de antecedentes, preparación de datos, detección de anomalías y validación de resultados.",Se identificaron patrones y hallazgos pertinentes para comprender variables fisicoquímicas.,"Los resultados muestran potencial de aplicación, con limitaciones relacionadas con cobertura y contexto.",PRG-013,2021,calidad del agua;variables fisicoquímicas;detección de anomalías,APPROVED,repo://thesis/176,Ambiental,variables fisicoquímicas,synthetic institutional data
THS-177,Caracterización de variables fisicoquímicas en relación con cuencas,"Trabajo de grado que analiza variables fisicoquímicas mediante series temporales, considerando su relación con cuencas en un contexto universitario o aplicado.",Existe conocimiento disperso sobre variables fisicoquímicas y no siempre se comprende su relación con cuencas.,Analizar variables fisicoquímicas mediante series temporales para producir evidencia sobre cuencas.,"Revisión de antecedentes, preparación de datos, series temporales y validación de resultados.",Se identificaron patrones y hallazgos pertinentes para comprender cuencas.,"Los resultados muestran potencial de aplicación, con limitaciones relacionadas con cobertura y contexto.",PRG-015,2022,variables fisicoquímicas;cuencas;series temporales,APPROVED,repo://thesis/177,Civil,cuencas,synthetic institutional data
THS-178,Evaluación de IoT para analizar cuencas,"Trabajo de grado que analiza cuencas mediante IoT, considerando su relación con water monitoring en un contexto universitario o aplicado.",Existe conocimiento disperso sobre cuencas y no siempre se comprende su relación con water monitoring.,Analizar cuencas mediante IoT para producir evidencia sobre water monitoring.,"Revisión de antecedentes, preparación de datos, IoT y validación de resultados.",Se identificaron patrones y hallazgos pertinentes para comprender water monitoring.,"Los resultados muestran potencial de aplicación, con limitaciones relacionadas con cobertura y contexto.",PRG-015,2023,cuencas;water monitoring;IoT,APPROVED,repo://thesis/178,Civil,water monitoring,synthetic institutional data
THS-179,Modelo aplicado para el estudio de water monitoring,"Trabajo de grado que analiza water monitoring mediante detección de anomalías, considerando su relación con contaminación hídrica en un contexto universitario o aplicado.",Existe conocimiento disperso sobre water monitoring y no siempre se comprende su relación con contaminación hídrica.,Analizar water monitoring mediante detección de anomalías para producir evidencia sobre contaminación hídrica.,"Revisión de antecedentes, preparación de datos, detección de anomalías y validación de resultados.",Se identificaron patrones y hallazgos pertinentes para comprender contaminación hídrica.,"Los resultados muestran potencial de aplicación, con limitaciones relacionadas con cobertura y contexto.",PRG-015,2024,water monitoring;contaminación hídrica;detección de anomalías,APPROVED,repo://thesis/179,Civil,contaminación hídrica,synthetic institutional data
THS-180,Contaminación Hídrica and calidad del agua: a university case study,"This thesis examines contaminación hídrica through series temporales, with emphasis on calidad del agua and evidence available in an institutional context.",Current approaches provide incomplete understanding of contaminación hídrica and its implications for calidad del agua.,Evaluate series temporales for analyzing contaminación hídrica in relation to calidad del agua.,"Data preparation, series temporales, validation and interpretation.",The study identifies patterns and limitations relevant to calidad del agua.,The approach is useful under defined conditions and requires contextual validation.,PRG-014,2025,contaminación hídrica;calidad del agua;series temporales,APPROVED,repo://thesis/180,Gestión Ambiental,calidad del agua,synthetic institutional data
THS-181,Caracterización de riesgo climático en relación con eventos extremos,"Trabajo de grado que analiza riesgo climático mediante series temporales, considerando su relación con eventos extremos en un contexto universitario o aplicado.",Existe conocimiento disperso sobre riesgo climático y no siempre se comprende su relación con eventos extremos.,Analizar riesgo climático mediante series temporales para producir evidencia sobre eventos extremos.,"Revisión de antecedentes, preparación de datos, series temporales y validación de resultados.",Se identificaron patrones y hallazgos pertinentes para comprender eventos extremos.,"Los resultados muestran potencial de aplicación, con limitaciones relacionadas con cobertura y contexto.",PRG-014,2017,riesgo climático;eventos extremos;series temporales,APPROVED,repo://thesis/181,Gestión Ambiental,eventos extremos,synthetic institutional data
THS-182,Evaluación de análisis espacial para analizar eventos extremos,"Trabajo de grado que analiza eventos extremos mediante análisis espacial, considerando su relación con territorio en un contexto universitario o aplicado.",Existe conocimiento disperso sobre eventos extremos y no siempre se comprende su relación con territorio.,Analizar eventos extremos mediante análisis espacial para producir evidencia sobre territorio.,"Revisión de antecedentes, preparación de datos, análisis espacial y validación de resultados.",Se identificaron patrones y hallazgos pertinentes para comprender territorio.,"Los resultados muestran potencial de aplicación, con limitaciones relacionadas con cobertura y contexto.",PRG-014,2018,eventos extremos;territorio;análisis espacial,APPROVED,repo://thesis/182,Gestión Ambiental,territorio,synthetic institutional data
THS-183,Modelo aplicado para el estudio de territorio,"Trabajo de grado que analiza territorio mediante modelamiento ambiental, considerando su relación con climate resilience en un contexto universitario o aplicado.",Existe conocimiento disperso sobre territorio y no siempre se comprende su relación con climate resilience.,Analizar territorio mediante modelamiento ambiental para producir evidencia sobre climate resilience.,,Se identificaron patrones y hallazgos pertinentes para comprender climate resilience.,"Los resultados muestran potencial de aplicación, con limitaciones relacionadas con cobertura y contexto.",PRG-015,2019,territorio;climate resilience;modelamiento ambiental,APPROVED,repo://thesis/183,Civil,climate resilience,synthetic institutional data
THS-184,Análisis de patrones asociados con vulnerabilidad,"Trabajo de grado que analiza climate resilience mediante series temporales, considerando su relación con vulnerabilidad en un contexto universitario o aplicado.",Existe conocimiento disperso sobre climate resilience y no siempre se comprende su relación con vulnerabilidad.,Analizar climate resilience mediante series temporales para producir evidencia sobre vulnerabilidad.,"Revisión de antecedentes, preparación de datos, series temporales y validación de resultados.",Se identificaron patrones y hallazgos pertinentes para comprender vulnerabilidad.,"Los resultados muestran potencial de aplicación, con limitaciones relacionadas con cobertura y contexto.",PRG-014,2020,climate resilience;vulnerabilidad;series temporales,APPROVED,repo://thesis/184,Gestión Ambiental,vulnerabilidad,synthetic institutional data
THS-185,Caracterización de vulnerabilidad en relación con riesgo climático,"Trabajo de grado que analiza vulnerabilidad mediante análisis espacial, considerando su relación con riesgo climático en un contexto universitario o aplicado.",Existe conocimiento disperso sobre vulnerabilidad y no siempre se comprende su relación con riesgo climático.,Analizar vulnerabilidad mediante análisis espacial para producir evidencia sobre riesgo climático.,"Revisión de antecedentes, preparación de datos, análisis espacial y validación de resultados.",Se identificaron patrones y hallazgos pertinentes para comprender riesgo climático.,"Los resultados muestran potencial de aplicación, con limitaciones relacionadas con cobertura y contexto.",PRG-014,2021,vulnerabilidad;riesgo climático;análisis espacial,APPROVED,repo://thesis/185,Gestión Ambiental,riesgo climático,synthetic institutional data
THS-186,Evaluación de modelamiento ambiental para analizar riesgo climático,"Trabajo de grado que analiza riesgo climático mediante modelamiento ambiental, considerando su relación con eventos extremos en un contexto universitario o aplicado.",Existe conocimiento disperso sobre riesgo climático y no siempre se comprende su relación con eventos extremos.,Analizar riesgo climático mediante modelamiento ambiental para producir evidencia sobre eventos extremos.,"Revisión de antecedentes, preparación de datos, modelamiento ambiental y validación de resultados.",Se identificaron patrones y hallazgos pertinentes para comprender eventos extremos.,"Los resultados muestran potencial de aplicación, con limitaciones relacionadas con cobertura y contexto.",PRG-013,2022,riesgo climático;eventos extremos;modelamiento ambiental,APPROVED,repo://thesis/186,Ambiental,eventos extremos,synthetic institutional data
THS-187,Modelo aplicado para el estudio de eventos extremos,"Trabajo de grado que analiza eventos extremos mediante series temporales, considerando su relación con territorio en un contexto universitario o aplicado.",Existe conocimiento disperso sobre eventos extremos y no siempre se comprende su relación con territorio.,Analizar eventos extremos mediante series temporales para producir evidencia sobre territorio.,"Revisión de antecedentes, preparación de datos, series temporales y validación de resultados.",Se identificaron patrones y hallazgos pertinentes para comprender territorio.,"Los resultados muestran potencial de aplicación, con limitaciones relacionadas con cobertura y contexto.",PRG-013,2023,eventos extremos;territorio;series temporales,APPROVED,repo://thesis/187,Ambiental,territorio,synthetic institutional data
THS-188,Análisis de patrones asociados con climate resilience,"Trabajo de grado que analiza territorio mediante análisis espacial, considerando su relación con climate resilience en un contexto universitario o aplicado.",Existe conocimiento disperso sobre territorio y no siempre se comprende su relación con climate resilience.,Analizar territorio mediante análisis espacial para producir evidencia sobre climate resilience.,"Revisión de antecedentes, preparación de datos, análisis espacial y validación de resultados.",Se identificaron patrones y hallazgos pertinentes para comprender climate resilience.,"Los resultados muestran potencial de aplicación, con limitaciones relacionadas con cobertura y contexto.",PRG-014,2024,territorio;climate resilience;análisis espacial,APPROVED,repo://thesis/188,Gestión Ambiental,climate resilience,synthetic institutional data
THS-189,Caracterización de climate resilience en relación con vulnerabilidad,"Trabajo de grado que analiza climate resilience mediante modelamiento ambiental, considerando su relación con vulnerabilidad en un contexto universitario o aplicado.",Existe conocimiento disperso sobre climate resilience y no siempre se comprende su relación con vulnerabilidad.,Analizar climate resilience mediante modelamiento ambiental para producir evidencia sobre vulnerabilidad.,"Revisión de antecedentes, preparación de datos, modelamiento ambiental y validación de resultados.",Se identificaron patrones y hallazgos pertinentes para comprender vulnerabilidad.,"Los resultados muestran potencial de aplicación, con limitaciones relacionadas con cobertura y contexto.",PRG-014,2025,climate resilience;vulnerabilidad;modelamiento ambiental,APPROVED,repo://thesis/189,Gestión Ambiental,vulnerabilidad,synthetic institutional data
THS-190,Vulnerabilidad and riesgo climático: a university case study,"This thesis examines vulnerabilidad through series temporales, with emphasis on riesgo climático and evidence available in an institutional context.",Current approaches provide incomplete understanding of vulnerabilidad and its implications for riesgo climático.,Evaluate series temporales for analyzing vulnerabilidad in relation to riesgo climático.,"Data preparation, series temporales, validation and interpretation.",The study identifies patterns and limitations relevant to riesgo climático.,The approach is useful under defined conditions and requires contextual validation.,PRG-015,2026,vulnerabilidad;riesgo climático;series temporales,APPROVED,repo://thesis/190,Civil,riesgo climático,synthetic institutional data
THS-191,Modelo aplicado para el estudio de riesgo climático,"Trabajo de grado que analiza riesgo climático mediante análisis espacial, considerando su relación con eventos extremos en un contexto universitario o aplicado.",Existe conocimiento disperso sobre riesgo climático y no siempre se comprende su relación con eventos extremos.,Analizar riesgo climático mediante análisis espacial para producir evidencia sobre eventos extremos.,"Revisión de antecedentes, preparación de datos, análisis espacial y validación de resultados.",Se identificaron patrones y hallazgos pertinentes para comprender eventos extremos.,"Los resultados muestran potencial de aplicación, con limitaciones relacionadas con cobertura y contexto.",PRG-014,2017,riesgo climático;eventos extremos;análisis espacial,APPROVED,repo://thesis/191,Gestión Ambiental,eventos extremos,synthetic institutional data
THS-192,Análisis de patrones asociados con territorio,"Trabajo de grado que analiza eventos extremos mediante modelamiento ambiental, considerando su relación con territorio en un contexto universitario o aplicado.",Existe conocimiento disperso sobre eventos extremos y no siempre se comprende su relación con territorio.,Analizar eventos extremos mediante modelamiento ambiental para producir evidencia sobre territorio.,"Revisión de antecedentes, preparación de datos, modelamiento ambiental y validación de resultados.",Se identificaron patrones y hallazgos pertinentes para comprender territorio.,"Los resultados muestran potencial de aplicación, con limitaciones relacionadas con cobertura y contexto.",PRG-014,2018,eventos extremos;territorio;modelamiento ambiental,APPROVED,repo://thesis/192,Gestión Ambiental,territorio,synthetic institutional data
THS-193,Caracterización de territorio en relación con climate resilience,"Trabajo de grado que analiza territorio mediante series temporales, considerando su relación con climate resilience en un contexto universitario o aplicado.",Existe conocimiento disperso sobre territorio y no siempre se comprende su relación con climate resilience.,Analizar territorio mediante series temporales para producir evidencia sobre climate resilience.,"Revisión de antecedentes, preparación de datos, series temporales y validación de resultados.",Se identificaron patrones y hallazgos pertinentes para comprender climate resilience.,"Los resultados muestran potencial de aplicación, con limitaciones relacionadas con cobertura y contexto.",PRG-014,2019,territorio;climate resilience;series temporales,APPROVED,repo://thesis/193,Gestión Ambiental,climate resilience,synthetic institutional data
THS-194,Evaluación de análisis espacial para analizar climate resilience,"Trabajo de grado que analiza climate resilience mediante análisis espacial, considerando su relación con vulnerabilidad en un contexto universitario o aplicado.",Existe conocimiento disperso sobre climate resilience y no siempre se comprende su relación con vulnerabilidad.,Analizar climate resilience mediante análisis espacial para producir evidencia sobre vulnerabilidad.,"Revisión de antecedentes, preparación de datos, análisis espacial y validación de resultados.",Se identificaron patrones y hallazgos pertinentes para comprender vulnerabilidad.,"Los resultados muestran potencial de aplicación, con limitaciones relacionadas con cobertura y contexto.",PRG-015,2020,climate resilience;vulnerabilidad;análisis espacial,APPROVED,repo://thesis/194,Civil,vulnerabilidad,synthetic institutional data
THS-195,Modelo aplicado para el estudio de vulnerabilidad,"Trabajo de grado que analiza vulnerabilidad mediante modelamiento ambiental, considerando su relación con riesgo climático en un contexto universitario o aplicado.",Existe conocimiento disperso sobre vulnerabilidad y no siempre se comprende su relación con riesgo climático.,Analizar vulnerabilidad mediante modelamiento ambiental para producir evidencia sobre riesgo climático.,"Revisión de antecedentes, preparación de datos, modelamiento ambiental y validación de resultados.",Se identificaron patrones y hallazgos pertinentes para comprender riesgo climático.,"Los resultados muestran potencial de aplicación, con limitaciones relacionadas con cobertura y contexto.",PRG-014,2021,vulnerabilidad;riesgo climático;modelamiento ambiental,APPROVED,repo://thesis/195,Gestión Ambiental,riesgo climático,synthetic institutional data
THS-196,Análisis de patrones asociados con eventos extremos,"Trabajo de grado que analiza riesgo climático mediante series temporales, considerando su relación con eventos extremos en un contexto universitario o aplicado.",Existe conocimiento disperso sobre riesgo climático y no siempre se comprende su relación con eventos extremos.,Analizar riesgo climático mediante series temporales para producir evidencia sobre eventos extremos.,"Revisión de antecedentes, preparación de datos, series temporales y validación de resultados.",Se identificaron patrones y hallazgos pertinentes para comprender eventos extremos.,"Los resultados muestran potencial de aplicación, con limitaciones relacionadas con cobertura y contexto.",PRG-014,2022,riesgo climático;eventos extremos;series temporales,APPROVED,repo://thesis/196,Gestión Ambiental,eventos extremos,synthetic institutional data
THS-197,Caracterización de eventos extremos en relación con territorio,"Trabajo de grado que analiza eventos extremos mediante análisis espacial, considerando su relación con territorio en un contexto universitario o aplicado.",Existe conocimiento disperso sobre eventos extremos y no siempre se comprende su relación con territorio.,Analizar eventos extremos mediante análisis espacial para producir evidencia sobre territorio.,"Revisión de antecedentes, preparación de datos, análisis espacial y validación de resultados.",Se identificaron patrones y hallazgos pertinentes para comprender territorio.,"Los resultados muestran potencial de aplicación, con limitaciones relacionadas con cobertura y contexto.",PRG-013,2023,eventos extremos;territorio;análisis espacial,APPROVED,repo://thesis/197,Ambiental,territorio,synthetic institutional data
THS-198,Evaluación de modelamiento ambiental para analizar territorio,"Trabajo de grado que analiza territorio mediante modelamiento ambiental, considerando su relación con climate resilience en un contexto universitario o aplicado.",Existe conocimiento disperso sobre territorio y no siempre se comprende su relación con climate resilience.,Analizar territorio mediante modelamiento ambiental para producir evidencia sobre climate resilience.,"Revisión de antecedentes, preparación de datos, modelamiento ambiental y validación de resultados.",Se identificaron patrones y hallazgos pertinentes para comprender climate resilience.,"Los resultados muestran potencial de aplicación, con limitaciones relacionadas con cobertura y contexto.",PRG-015,2024,territorio;climate resilience;modelamiento ambiental,APPROVED,repo://thesis/198,Civil,climate resilience,synthetic institutional data
THS-199,Modelo aplicado para el estudio de climate resilience,"Trabajo de grado que analiza climate resilience mediante series temporales, considerando su relación con vulnerabilidad en un contexto universitario o aplicado.",Existe conocimiento disperso sobre climate resilience y no siempre se comprende su relación con vulnerabilidad.,Analizar climate resilience mediante series temporales para producir evidencia sobre vulnerabilidad.,"Revisión de antecedentes, preparación de datos, series temporales y validación de resultados.",Se identificaron patrones y hallazgos pertinentes para comprender vulnerabilidad.,"Los resultados muestran potencial de aplicación, con limitaciones relacionadas con cobertura y contexto.",PRG-014,2025,climate resilience;vulnerabilidad;series temporales,APPROVED,repo://thesis/199,Gestión Ambiental,vulnerabilidad,synthetic institutional data
THS-200,Vulnerabilidad and riesgo climático: a university case study,"This thesis examines vulnerabilidad through análisis espacial, with emphasis on riesgo climático and evidence available in an institutional context.",Current approaches provide incomplete understanding of vulnerabilidad and its implications for riesgo climático.,Evaluate análisis espacial for analyzing vulnerabilidad in relation to riesgo climático.,"Data preparation, análisis espacial, validation and interpretation.",The study identifies patterns and limitations relevant to riesgo climático.,The approach is useful under defined conditions and requires contextual validation.,PRG-015,2026,vulnerabilidad;riesgo climático;análisis espacial,APPROVED,repo://thesis/200,Civil,riesgo climático,synthetic institutional data
THS-201,Caracterización de monitoreo estructural en relación con infraestructura urbana,"Trabajo de grado que analiza monitoreo estructural mediante procesamiento de señales, considerando su relación con infraestructura urbana en un contexto universitario o aplicado.",Existe conocimiento disperso sobre monitoreo estructural y no siempre se comprende su relación con infraestructura urbana.,Analizar monitoreo estructural mediante procesamiento de señales para producir evidencia sobre infraestructura urbana.,"Revisión de antecedentes, preparación de datos, procesamiento de señales y validación de resultados.",,"Los resultados muestran potencial de aplicación, con limitaciones relacionadas con cobertura y contexto.",PRG-013,2018,monitoreo estructural;infraestructura urbana;procesamiento de señales,APPROVED,repo://thesis/201,Ambiental,infraestructura urbana,synthetic institutional data
THS-202,Evaluación de detección de anomalías para analizar infraestructura urbana,"Trabajo de grado que analiza infraestructura urbana mediante detección de anomalías, considerando su relación con vibraciones en un contexto universitario o aplicado.",Existe conocimiento disperso sobre infraestructura urbana y no siempre se comprende su relación con vibraciones.,Analizar infraestructura urbana mediante detección de anomalías para producir evidencia sobre vibraciones.,"Revisión de antecedentes, preparación de datos, detección de anomalías y validación de resultados.",Se identificaron patrones y hallazgos pertinentes para comprender vibraciones.,"Los resultados muestran potencial de aplicación, con limitaciones relacionadas con cobertura y contexto.",PRG-015,2019,infraestructura urbana;vibraciones;detección de anomalías,APPROVED,repo://thesis/202,Civil,vibraciones,synthetic institutional data
THS-203,Modelo aplicado para el estudio de vibraciones,"Trabajo de grado que analiza vibraciones mediante sensores, considerando su relación con smart infrastructure en un contexto universitario o aplicado.",Existe conocimiento disperso sobre vibraciones y no siempre se comprende su relación con smart infrastructure.,Analizar vibraciones mediante sensores para producir evidencia sobre smart infrastructure.,"Revisión de antecedentes, preparación de datos, sensores y validación de resultados.",Se identificaron patrones y hallazgos pertinentes para comprender smart infrastructure.,"Los resultados muestran potencial de aplicación, con limitaciones relacionadas con cobertura y contexto.",PRG-014,2020,,APPROVED,repo://thesis/203,Gestión Ambiental,smart infrastructure,synthetic institutional data
THS-204,Análisis de patrones asociados con deterioro,"Trabajo de grado que analiza smart infrastructure mediante procesamiento de señales, considerando su relación con deterioro en un contexto universitario o aplicado.",Existe conocimiento disperso sobre smart infrastructure y no siempre se comprende su relación con deterioro.,Analizar smart infrastructure mediante procesamiento de señales para producir evidencia sobre deterioro.,"Revisión de antecedentes, preparación de datos, procesamiento de señales y validación de resultados.",Se identificaron patrones y hallazgos pertinentes para comprender deterioro.,"Los resultados muestran potencial de aplicación, con limitaciones relacionadas con cobertura y contexto.",PRG-015,2021,smart infrastructure;deterioro;procesamiento de señales,APPROVED,repo://thesis/204,Civil,deterioro,synthetic institutional data
THS-205,Caracterización de deterioro en relación con monitoreo estructural,"Trabajo de grado que analiza deterioro mediante detección de anomalías, considerando su relación con monitoreo estructural en un contexto universitario o aplicado.",Existe conocimiento disperso sobre deterioro y no siempre se comprende su relación con monitoreo estructural.,Analizar deterioro mediante detección de anomalías para producir evidencia sobre monitoreo estructural.,"Revisión de antecedentes, preparación de datos, detección de anomalías y validación de resultados.",Se identificaron patrones y hallazgos pertinentes para comprender monitoreo estructural.,"Los resultados muestran potencial de aplicación, con limitaciones relacionadas con cobertura y contexto.",PRG-013,2022,deterioro;monitoreo estructural;detección de anomalías,APPROVED,repo://thesis/205,Ambiental,monitoreo estructural,synthetic institutional data
THS-206,Evaluación de sensores para analizar monitoreo estructural,"Trabajo de grado que analiza monitoreo estructural mediante sensores, considerando su relación con infraestructura urbana en un contexto universitario o aplicado.",Existe conocimiento disperso sobre monitoreo estructural y no siempre se comprende su relación con infraestructura urbana.,Analizar monitoreo estructural mediante sensores para producir evidencia sobre infraestructura urbana.,"Revisión de antecedentes, preparación de datos, sensores y validación de resultados.",Se identificaron patrones y hallazgos pertinentes para comprender infraestructura urbana.,"Los resultados muestran potencial de aplicación, con limitaciones relacionadas con cobertura y contexto.",PRG-015,2023,monitoreo estructural;infraestructura urbana;sensores,APPROVED,repo://thesis/206,Civil,infraestructura urbana,synthetic institutional data
THS-207,Modelo aplicado para el estudio de infraestructura urbana,"Trabajo de grado que analiza infraestructura urbana mediante procesamiento de señales, considerando su relación con vibraciones en un contexto universitario o aplicado.",Existe conocimiento disperso sobre infraestructura urbana y no siempre se comprende su relación con vibraciones.,Analizar infraestructura urbana mediante procesamiento de señales para producir evidencia sobre vibraciones.,"Revisión de antecedentes, preparación de datos, procesamiento de señales y validación de resultados.",Se identificaron patrones y hallazgos pertinentes para comprender vibraciones.,"Los resultados muestran potencial de aplicación, con limitaciones relacionadas con cobertura y contexto.",PRG-013,2024,infraestructura urbana;vibraciones;procesamiento de señales,APPROVED,repo://thesis/207,Ambiental,vibraciones,synthetic institutional data
THS-208,Análisis de patrones asociados con smart infrastructure,"Trabajo de grado que analiza vibraciones mediante detección de anomalías, considerando su relación con smart infrastructure en un contexto universitario o aplicado.",Existe conocimiento disperso sobre vibraciones y no siempre se comprende su relación con smart infrastructure.,Analizar vibraciones mediante detección de anomalías para producir evidencia sobre smart infrastructure.,"Revisión de antecedentes, preparación de datos, detección de anomalías y validación de resultados.",Se identificaron patrones y hallazgos pertinentes para comprender smart infrastructure.,"Los resultados muestran potencial de aplicación, con limitaciones relacionadas con cobertura y contexto.",PRG-015,2025,vibraciones;smart infrastructure;detección de anomalías,APPROVED,repo://thesis/208,Civil,smart infrastructure,synthetic institutional data
THS-209,Caracterización de smart infrastructure en relación con deterioro,"Trabajo de grado que analiza smart infrastructure mediante sensores, considerando su relación con deterioro en un contexto universitario o aplicado.",Existe conocimiento disperso sobre smart infrastructure y no siempre se comprende su relación con deterioro.,Analizar smart infrastructure mediante sensores para producir evidencia sobre deterioro.,"Revisión de antecedentes, preparación de datos, sensores y validación de resultados.",Se identificaron patrones y hallazgos pertinentes para comprender deterioro.,"Los resultados muestran potencial de aplicación, con limitaciones relacionadas con cobertura y contexto.",PRG-014,2026,smart infrastructure;deterioro;sensores,APPROVED,repo://thesis/209,Gestión Ambiental,deterioro,synthetic institutional data
THS-210,Deterioro and monitoreo estructural: a university case study,"This thesis examines deterioro through procesamiento de señales, with emphasis on monitoreo estructural and evidence available in an institutional context.",Current approaches provide incomplete understanding of deterioro and its implications for monitoreo estructural.,Evaluate procesamiento de señales for analyzing deterioro in relation to monitoreo estructural.,"Data preparation, procesamiento de señales, validation and interpretation.",The study identifies patterns and limitations relevant to monitoreo estructural.,The approach is useful under defined conditions and requires contextual validation.,PRG-015,2017,deterioro;monitoreo estructural;procesamiento de señales,APPROVED,repo://thesis/210,Civil,monitoreo estructural,synthetic institutional data
THS-211,Modelo aplicado para el estudio de monitoreo estructural,"Trabajo de grado que analiza monitoreo estructural mediante detección de anomalías, considerando su relación con infraestructura urbana en un contexto universitario o aplicado.",Existe conocimiento disperso sobre monitoreo estructural y no siempre se comprende su relación con infraestructura urbana.,Analizar monitoreo estructural mediante detección de anomalías para producir evidencia sobre infraestructura urbana.,"Revisión de antecedentes, preparación de datos, detección de anomalías y validación de resultados.",Se identificaron patrones y hallazgos pertinentes para comprender infraestructura urbana.,"Los resultados muestran potencial de aplicación, con limitaciones relacionadas con cobertura y contexto.",PRG-013,2018,monitoreo estructural;infraestructura urbana;detección de anomalías,APPROVED,repo://thesis/211,Ambiental,infraestructura urbana,synthetic institutional data
THS-212,Análisis de patrones asociados con vibraciones,"Trabajo de grado que analiza infraestructura urbana mediante sensores, considerando su relación con vibraciones en un contexto universitario o aplicado.",Existe conocimiento disperso sobre infraestructura urbana y no siempre se comprende su relación con vibraciones.,Analizar infraestructura urbana mediante sensores para producir evidencia sobre vibraciones.,"Revisión de antecedentes, preparación de datos, sensores y validación de resultados.",Se identificaron patrones y hallazgos pertinentes para comprender vibraciones.,"Los resultados muestran potencial de aplicación, con limitaciones relacionadas con cobertura y contexto.",PRG-014,2019,infraestructura urbana;vibraciones;sensores,APPROVED,repo://thesis/212,Gestión Ambiental,vibraciones,synthetic institutional data
THS-213,Caracterización de vibraciones en relación con smart infrastructure,"Trabajo de grado que analiza vibraciones mediante procesamiento de señales, considerando su relación con smart infrastructure en un contexto universitario o aplicado.",Existe conocimiento disperso sobre vibraciones y no siempre se comprende su relación con smart infrastructure.,Analizar vibraciones mediante procesamiento de señales para producir evidencia sobre smart infrastructure.,"Revisión de antecedentes, preparación de datos, procesamiento de señales y validación de resultados.",Se identificaron patrones y hallazgos pertinentes para comprender smart infrastructure.,"Los resultados muestran potencial de aplicación, con limitaciones relacionadas con cobertura y contexto.",PRG-013,2020,vibraciones;smart infrastructure;procesamiento de señales,APPROVED,repo://thesis/213,Ambiental,smart infrastructure,synthetic institutional data
THS-214,Evaluación de detección de anomalías para analizar smart infrastructure,"Trabajo de grado que analiza smart infrastructure mediante detección de anomalías, considerando su relación con deterioro en un contexto universitario o aplicado.",Existe conocimiento disperso sobre smart infrastructure y no siempre se comprende su relación con deterioro.,Analizar smart infrastructure mediante detección de anomalías para producir evidencia sobre deterioro.,"Revisión de antecedentes, preparación de datos, detección de anomalías y validación de resultados.",Se identificaron patrones y hallazgos pertinentes para comprender deterioro.,"Los resultados muestran potencial de aplicación, con limitaciones relacionadas con cobertura y contexto.",PRG-015,2021,smart infrastructure;deterioro;detección de anomalías,APPROVED,repo://thesis/214,Civil,deterioro,synthetic institutional data
THS-215,Modelo aplicado para el estudio de deterioro,"Trabajo de grado que analiza deterioro mediante sensores, considerando su relación con monitoreo estructural en un contexto universitario o aplicado.",Existe conocimiento disperso sobre deterioro y no siempre se comprende su relación con monitoreo estructural.,Analizar deterioro mediante sensores para producir evidencia sobre monitoreo estructural.,"Revisión de antecedentes, preparación de datos, sensores y validación de resultados.",Se identificaron patrones y hallazgos pertinentes para comprender monitoreo estructural.,"Los resultados muestran potencial de aplicación, con limitaciones relacionadas con cobertura y contexto.",PRG-015,2022,deterioro;monitoreo estructural;sensores,APPROVED,repo://thesis/215,Civil,monitoreo estructural,synthetic institutional data
THS-216,Análisis de patrones asociados con infraestructura urbana,"Trabajo de grado que analiza monitoreo estructural mediante procesamiento de señales, considerando su relación con infraestructura urbana en un contexto universitario o aplicado.",Existe conocimiento disperso sobre monitoreo estructural y no siempre se comprende su relación con infraestructura urbana.,Analizar monitoreo estructural mediante procesamiento de señales para producir evidencia sobre infraestructura urbana.,"Revisión de antecedentes, preparación de datos, procesamiento de señales y validación de resultados.",Se identificaron patrones y hallazgos pertinentes para comprender infraestructura urbana.,"Los resultados muestran potencial de aplicación, con limitaciones relacionadas con cobertura y contexto.",PRG-014,2023,monitoreo estructural;infraestructura urbana;procesamiento de señales,APPROVED,repo://thesis/216,Gestión Ambiental,infraestructura urbana,synthetic institutional data
THS-217,Caracterización de infraestructura urbana en relación con vibraciones,"Trabajo de grado que analiza infraestructura urbana mediante detección de anomalías, considerando su relación con vibraciones en un contexto universitario o aplicado.",Existe conocimiento disperso sobre infraestructura urbana y no siempre se comprende su relación con vibraciones.,Analizar infraestructura urbana mediante detección de anomalías para producir evidencia sobre vibraciones.,"Revisión de antecedentes, preparación de datos, detección de anomalías y validación de resultados.",Se identificaron patrones y hallazgos pertinentes para comprender vibraciones.,"Los resultados muestran potencial de aplicación, con limitaciones relacionadas con cobertura y contexto.",PRG-013,2024,infraestructura urbana;vibraciones;detección de anomalías,APPROVED,repo://thesis/217,Ambiental,vibraciones,synthetic institutional data
THS-218,Evaluación de sensores para analizar vibraciones,"Trabajo de grado que analiza vibraciones mediante sensores, considerando su relación con smart infrastructure en un contexto universitario o aplicado.",Existe conocimiento disperso sobre vibraciones y no siempre se comprende su relación con smart infrastructure.,Analizar vibraciones mediante sensores para producir evidencia sobre smart infrastructure.,"Revisión de antecedentes, preparación de datos, sensores y validación de resultados.",Se identificaron patrones y hallazgos pertinentes para comprender smart infrastructure.,"Los resultados muestran potencial de aplicación, con limitaciones relacionadas con cobertura y contexto.",PRG-013,2025,vibraciones;smart infrastructure;sensores,APPROVED,repo://thesis/218,Ambiental,smart infrastructure,synthetic institutional data
THS-219,Modelo aplicado para el estudio de smart infrastructure,"Trabajo de grado que analiza smart infrastructure mediante procesamiento de señales, considerando su relación con deterioro en un contexto universitario o aplicado.",Existe conocimiento disperso sobre smart infrastructure y no siempre se comprende su relación con deterioro.,Analizar smart infrastructure mediante procesamiento de señales para producir evidencia sobre deterioro.,"Revisión de antecedentes, preparación de datos, procesamiento de señales y validación de resultados.",Se identificaron patrones y hallazgos pertinentes para comprender deterioro.,"Los resultados muestran potencial de aplicación, con limitaciones relacionadas con cobertura y contexto.",PRG-013,2026,smart infrastructure;deterioro;procesamiento de señales,APPROVED,repo://thesis/219,Ambiental,deterioro,synthetic institutional data
THS-220,Deterioro and monitoreo estructural: a university case study,"This thesis examines deterioro through detección de anomalías, with emphasis on monitoreo estructural and evidence available in an institutional context.",Current approaches provide incomplete understanding of deterioro and its implications for monitoreo estructural.,Evaluate detección de anomalías for analyzing deterioro in relation to monitoreo estructural.,"Data preparation, detección de anomalías, validation and interpretation.",The study identifies patterns and limitations relevant to monitoreo estructural.,The approach is useful under defined conditions and requires contextual validation.,PRG-014,2017,deterioro;monitoreo estructural;detección de anomalías,APPROVED,repo://thesis/220,Gestión Ambiental,monitoreo estructural,synthetic institutional data
THS-221,Caracterización de consumo energético en relación con eficiencia energética,"Trabajo de grado que analiza consumo energético mediante optimización, considerando su relación con eficiencia energética en un contexto universitario o aplicado.",Existe conocimiento disperso sobre consumo energético y no siempre se comprende su relación con eficiencia energética.,Analizar consumo energético mediante optimización para producir evidencia sobre eficiencia energética.,"Revisión de antecedentes, preparación de datos, optimización y validación de resultados.",Se identificaron patrones y hallazgos pertinentes para comprender eficiencia energética.,"Los resultados muestran potencial de aplicación, con limitaciones relacionadas con cobertura y contexto.",PRG-016,2019,consumo energético;eficiencia energética;optimización,APPROVED,repo://thesis/221,Matemáticas Aplicadas,eficiencia energética,synthetic institutional data
THS-222,Evaluación de IoT para analizar eficiencia energética,"Trabajo de grado que analiza eficiencia energética mediante IoT, considerando su relación con edificios en un contexto universitario o aplicado.",Existe conocimiento disperso sobre eficiencia energética y no siempre se comprende su relación con edificios.,Analizar eficiencia energética mediante IoT para producir evidencia sobre edificios.,"Revisión de antecedentes, preparación de datos, IoT y validación de resultados.",Se identificaron patrones y hallazgos pertinentes para comprender edificios.,"Los resultados muestran potencial de aplicación, con limitaciones relacionadas con cobertura y contexto.",PRG-017,2020,eficiencia energética;edificios;IoT,APPROVED,repo://thesis/222,Física,edificios,synthetic institutional data
THS-223,Modelo aplicado para el estudio de edificios,"Trabajo de grado que analiza edificios mediante series temporales, considerando su relación con energy optimization en un contexto universitario o aplicado.",Existe conocimiento disperso sobre edificios y no siempre se comprende su relación con energy optimization.,Analizar edificios mediante series temporales para producir evidencia sobre energy optimization.,"Revisión de antecedentes, preparación de datos, series temporales y validación de resultados.",Se identificaron patrones y hallazgos pertinentes para comprender energy optimization.,"Los resultados muestran potencial de aplicación, con limitaciones relacionadas con cobertura y contexto.",PRG-018,2021,edificios;energy optimization;series temporales,APPROVED,repo://thesis/223,Ciencia de Datos,energy optimization,synthetic institutional data
THS-224,Análisis de patrones asociados con demanda,"Trabajo de grado que analiza energy optimization mediante optimización, considerando su relación con demanda en un contexto universitario o aplicado.",Existe conocimiento disperso sobre energy optimization y no siempre se comprende su relación con demanda.,Analizar energy optimization mediante optimización para producir evidencia sobre demanda.,"Revisión de antecedentes, preparación de datos, optimización y validación de resultados.",Se identificaron patrones y hallazgos pertinentes para comprender demanda.,"Los resultados muestran potencial de aplicación, con limitaciones relacionadas con cobertura y contexto.",PRG-018,2022,energy optimization;demanda;optimización,APPROVED,repo://thesis/224,Ciencia de Datos,demanda,synthetic institutional data
THS-225,Caracterización de demanda en relación con consumo energético,"Trabajo de grado que analiza demanda mediante IoT, considerando su relación con consumo energético en un contexto universitario o aplicado.",Existe conocimiento disperso sobre demanda y no siempre se comprende su relación con consumo energético.,Analizar demanda mediante IoT para producir evidencia sobre consumo energético.,"Revisión de antecedentes, preparación de datos, IoT y validación de resultados.",Se identificaron patrones y hallazgos pertinentes para comprender consumo energético.,"Los resultados muestran potencial de aplicación, con limitaciones relacionadas con cobertura y contexto.",PRG-016,2023,demanda;consumo energético;IoT,APPROVED,repo://thesis/225,Matemáticas Aplicadas,consumo energético,synthetic institutional data
THS-226,Evaluación de series temporales para analizar consumo energético,"Trabajo de grado que analiza consumo energético mediante series temporales, considerando su relación con eficiencia energética en un contexto universitario o aplicado.",Existe conocimiento disperso sobre consumo energético y no siempre se comprende su relación con eficiencia energética.,Analizar consumo energético mediante series temporales para producir evidencia sobre eficiencia energética.,"Revisión de antecedentes, preparación de datos, series temporales y validación de resultados.",Se identificaron patrones y hallazgos pertinentes para comprender eficiencia energética.,"Los resultados muestran potencial de aplicación, con limitaciones relacionadas con cobertura y contexto.",PRG-017,2024,consumo energético;eficiencia energética;series temporales,APPROVED,repo://thesis/226,Física,eficiencia energética,synthetic institutional data
THS-227,Modelo aplicado para el estudio de eficiencia energética,"Trabajo de grado que analiza eficiencia energética mediante optimización, considerando su relación con edificios en un contexto universitario o aplicado.",Existe conocimiento disperso sobre eficiencia energética y no siempre se comprende su relación con edificios.,Analizar eficiencia energética mediante optimización para producir evidencia sobre edificios.,"Revisión de antecedentes, preparación de datos, optimización y validación de resultados.",Se identificaron patrones y hallazgos pertinentes para comprender edificios.,"Los resultados muestran potencial de aplicación, con limitaciones relacionadas con cobertura y contexto.",PRG-016,2025,eficiencia energética;edificios;optimización,APPROVED,repo://thesis/227,Matemáticas Aplicadas,edificios,synthetic institutional data
THS-228,Análisis de patrones asociados con energy optimization,"Trabajo de grado que analiza edificios mediante IoT, considerando su relación con energy optimization en un contexto universitario o aplicado.",Existe conocimiento disperso sobre edificios y no siempre se comprende su relación con energy optimization.,Analizar edificios mediante IoT para producir evidencia sobre energy optimization.,"Revisión de antecedentes, preparación de datos, IoT y validación de resultados.",Se identificaron patrones y hallazgos pertinentes para comprender energy optimization.,"Los resultados muestran potencial de aplicación, con limitaciones relacionadas con cobertura y contexto.",PRG-017,2026,edificios;energy optimization;IoT,APPROVED,repo://thesis/228,Física,energy optimization,synthetic institutional data
THS-229,Caracterización de energy optimization en relación con demanda,"Trabajo de grado que analiza energy optimization mediante series temporales, considerando su relación con demanda en un contexto universitario o aplicado.",Existe conocimiento disperso sobre energy optimization y no siempre se comprende su relación con demanda.,Analizar energy optimization mediante series temporales para producir evidencia sobre demanda.,"Revisión de antecedentes, preparación de datos, series temporales y validación de resultados.",Se identificaron patrones y hallazgos pertinentes para comprender demanda.,"Los resultados muestran potencial de aplicación, con limitaciones relacionadas con cobertura y contexto.",PRG-016,2017,energy optimization;demanda;series temporales,APPROVED,repo://thesis/229,Matemáticas Aplicadas,demanda,synthetic institutional data
THS-230,Demanda and consumo energético: a university case study,"This thesis examines demanda through optimización, with emphasis on consumo energético and evidence available in an institutional context.",Current approaches provide incomplete understanding of demanda and its implications for consumo energético.,Evaluate optimización for analyzing demanda in relation to consumo energético.,"Data preparation, optimización, validation and interpretation.",The study identifies patterns and limitations relevant to consumo energético.,The approach is useful under defined conditions and requires contextual validation.,PRG-018,2018,demanda;consumo energético;optimización,APPROVED,repo://thesis/230,Ciencia de Datos,consumo energético,synthetic institutional data
THS-231,Modelo aplicado para el estudio de consumo energético,"Trabajo de grado que analiza consumo energético mediante IoT, considerando su relación con eficiencia energética en un contexto universitario o aplicado.",Existe conocimiento disperso sobre consumo energético y no siempre se comprende su relación con eficiencia energética.,Analizar consumo energético mediante IoT para producir evidencia sobre eficiencia energética.,"Revisión de antecedentes, preparación de datos, IoT y validación de resultados.",Se identificaron patrones y hallazgos pertinentes para comprender eficiencia energética.,"Los resultados muestran potencial de aplicación, con limitaciones relacionadas con cobertura y contexto.",PRG-018,2019,consumo energético;eficiencia energética;IoT,APPROVED,repo://thesis/231,Ciencia de Datos,eficiencia energética,synthetic institutional data
THS-232,Análisis de patrones asociados con edificios,"Trabajo de grado que analiza eficiencia energética mediante series temporales, considerando su relación con edificios en un contexto universitario o aplicado.",Existe conocimiento disperso sobre eficiencia energética y no siempre se comprende su relación con edificios.,Analizar eficiencia energética mediante series temporales para producir evidencia sobre edificios.,"Revisión de antecedentes, preparación de datos, series temporales y validación de resultados.",Se identificaron patrones y hallazgos pertinentes para comprender edificios.,"Los resultados muestran potencial de aplicación, con limitaciones relacionadas con cobertura y contexto.",PRG-018,2020,,APPROVED,repo://thesis/232,Ciencia de Datos,edificios,synthetic institutional data
THS-233,Caracterización de edificios en relación con energy optimization,"Trabajo de grado que analiza edificios mediante optimización, considerando su relación con energy optimization en un contexto universitario o aplicado.",Existe conocimiento disperso sobre edificios y no siempre se comprende su relación con energy optimization.,Analizar edificios mediante optimización para producir evidencia sobre energy optimization.,"Revisión de antecedentes, preparación de datos, optimización y validación de resultados.",Se identificaron patrones y hallazgos pertinentes para comprender energy optimization.,"Los resultados muestran potencial de aplicación, con limitaciones relacionadas con cobertura y contexto.",PRG-017,2021,edificios;energy optimization;optimización,APPROVED,repo://thesis/233,Física,energy optimization,synthetic institutional data
THS-234,Evaluación de IoT para analizar energy optimization,"Trabajo de grado que analiza energy optimization mediante IoT, considerando su relación con demanda en un contexto universitario o aplicado.",Existe conocimiento disperso sobre energy optimization y no siempre se comprende su relación con demanda.,Analizar energy optimization mediante IoT para producir evidencia sobre demanda.,"Revisión de antecedentes, preparación de datos, IoT y validación de resultados.",Se identificaron patrones y hallazgos pertinentes para comprender demanda.,"Los resultados muestran potencial de aplicación, con limitaciones relacionadas con cobertura y contexto.",PRG-016,2022,energy optimization;demanda;IoT,APPROVED,repo://thesis/234,Matemáticas Aplicadas,demanda,synthetic institutional data
THS-235,Modelo aplicado para el estudio de demanda,"Trabajo de grado que analiza demanda mediante series temporales, considerando su relación con consumo energético en un contexto universitario o aplicado.",Existe conocimiento disperso sobre demanda y no siempre se comprende su relación con consumo energético.,Analizar demanda mediante series temporales para producir evidencia sobre consumo energético.,"Revisión de antecedentes, preparación de datos, series temporales y validación de resultados.",Se identificaron patrones y hallazgos pertinentes para comprender consumo energético.,"Los resultados muestran potencial de aplicación, con limitaciones relacionadas con cobertura y contexto.",PRG-018,2023,demanda;consumo energético;series temporales,APPROVED,repo://thesis/235,Ciencia de Datos,consumo energético,synthetic institutional data
THS-236,Análisis de patrones asociados con eficiencia energética,"Trabajo de grado que analiza consumo energético mediante optimización, considerando su relación con eficiencia energética en un contexto universitario o aplicado.",Existe conocimiento disperso sobre consumo energético y no siempre se comprende su relación con eficiencia energética.,Analizar consumo energético mediante optimización para producir evidencia sobre eficiencia energética.,"Revisión de antecedentes, preparación de datos, optimización y validación de resultados.",Se identificaron patrones y hallazgos pertinentes para comprender eficiencia energética.,"Los resultados muestran potencial de aplicación, con limitaciones relacionadas con cobertura y contexto.",PRG-016,2024,consumo energético;eficiencia energética;optimización,APPROVED,repo://thesis/236,Matemáticas Aplicadas,eficiencia energética,synthetic institutional data
THS-237,Caracterización de eficiencia energética en relación con edificios,"Trabajo de grado que analiza eficiencia energética mediante IoT, considerando su relación con edificios en un contexto universitario o aplicado.",Existe conocimiento disperso sobre eficiencia energética y no siempre se comprende su relación con edificios.,Analizar eficiencia energética mediante IoT para producir evidencia sobre edificios.,"Revisión de antecedentes, preparación de datos, IoT y validación de resultados.",Se identificaron patrones y hallazgos pertinentes para comprender edificios.,"Los resultados muestran potencial de aplicación, con limitaciones relacionadas con cobertura y contexto.",PRG-018,2025,eficiencia energética;edificios;IoT,APPROVED,repo://thesis/237,Ciencia de Datos,edificios,synthetic institutional data
THS-238,Evaluación de series temporales para analizar edificios,"Trabajo de grado que analiza edificios mediante series temporales, considerando su relación con energy optimization en un contexto universitario o aplicado.",Existe conocimiento disperso sobre edificios y no siempre se comprende su relación con energy optimization.,Analizar edificios mediante series temporales para producir evidencia sobre energy optimization.,"Revisión de antecedentes, preparación de datos, series temporales y validación de resultados.",Se identificaron patrones y hallazgos pertinentes para comprender energy optimization.,"Los resultados muestran potencial de aplicación, con limitaciones relacionadas con cobertura y contexto.",PRG-016,2026,edificios;energy optimization;series temporales,APPROVED,repo://thesis/238,Matemáticas Aplicadas,energy optimization,synthetic institutional data
THS-239,Modelo aplicado para el estudio de energy optimization,"Trabajo de grado que analiza energy optimization mediante optimización, considerando su relación con demanda en un contexto universitario o aplicado.",Existe conocimiento disperso sobre energy optimization y no siempre se comprende su relación con demanda.,Analizar energy optimization mediante optimización para producir evidencia sobre demanda.,"Revisión de antecedentes, preparación de datos, optimización y validación de resultados.",Se identificaron patrones y hallazgos pertinentes para comprender demanda.,"Los resultados muestran potencial de aplicación, con limitaciones relacionadas con cobertura y contexto.",PRG-018,2017,energy optimization;demanda;optimización,APPROVED,repo://thesis/239,Ciencia de Datos,demanda,synthetic institutional data
THS-240,Demanda and consumo energético: a university case study,"This thesis examines demanda through IoT, with emphasis on consumo energético and evidence available in an institutional context.",Current approaches provide incomplete understanding of demanda and its implications for consumo energético.,Evaluate IoT for analyzing demanda in relation to consumo energético.,"Data preparation, IoT, validation and interpretation.",The study identifies patterns and limitations relevant to consumo energético.,The approach is useful under defined conditions and requires contextual validation.,PRG-017,2018,demanda;consumo energético;IoT,APPROVED,repo://thesis/240,Física,consumo energético,synthetic institutional data
THS-241,Caracterización de fraude financiero en relación con transacciones atípicas,"Trabajo de grado que analiza fraude financiero mediante aprendizaje automático, considerando su relación con transacciones atípicas en un contexto universitario o aplicado.",Existe conocimiento disperso sobre fraude financiero y no siempre se comprende su relación con transacciones atípicas.,Analizar fraude financiero mediante aprendizaje automático para producir evidencia sobre transacciones atípicas.,"Revisión de antecedentes, preparación de datos, aprendizaje automático y validación de resultados.",Se identificaron patrones y hallazgos pertinentes para comprender transacciones atípicas.,"Los resultados muestran potencial de aplicación, con limitaciones relacionadas con cobertura y contexto.",PRG-007,2020,fraude financiero;transacciones atípicas;aprendizaje automático,APPROVED,repo://thesis/241,Administración de Empresas,transacciones atípicas,synthetic institutional data
THS-242,Evaluación de series temporales para analizar transacciones atípicas,"Trabajo de grado que analiza transacciones atípicas mediante series temporales, considerando su relación con financial anomaly en un contexto universitario o aplicado.",Existe conocimiento disperso sobre transacciones atípicas y no siempre se comprende su relación con financial anomaly.,Analizar transacciones atípicas mediante series temporales para producir evidencia sobre financial anomaly.,"Revisión de antecedentes, preparación de datos, series temporales y validación de resultados.",Se identificaron patrones y hallazgos pertinentes para comprender financial anomaly.,"Los resultados muestran potencial de aplicación, con limitaciones relacionadas con cobertura y contexto.",PRG-009,2021,transacciones atípicas;financial anomaly;series temporales,APPROVED,repo://thesis/242,Economía,financial anomaly,synthetic institutional data
THS-243,Modelo aplicado para el estudio de financial anomaly,"Trabajo de grado que analiza financial anomaly mediante detección de anomalías, considerando su relación con operaciones sospechosas en un contexto universitario o aplicado.",Existe conocimiento disperso sobre financial anomaly y no siempre se comprende su relación con operaciones sospechosas.,Analizar financial anomaly mediante detección de anomalías para producir evidencia sobre operaciones sospechosas.,"Revisión de antecedentes, preparación de datos, detección de anomalías y validación de resultados.",Se identificaron patrones y hallazgos pertinentes para comprender operaciones sospechosas.,"Los resultados muestran potencial de aplicación, con limitaciones relacionadas con cobertura y contexto.",PRG-009,2022,financial anomaly;operaciones sospechosas;detección de anomalías,APPROVED,repo://thesis/243,Economía,operaciones sospechosas,synthetic institutional data
THS-244,Análisis de patrones asociados con riesgo,"Trabajo de grado que analiza operaciones sospechosas mediante aprendizaje automático, considerando su relación con riesgo en un contexto universitario o aplicado.",Existe conocimiento disperso sobre operaciones sospechosas y no siempre se comprende su relación con riesgo.,Analizar operaciones sospechosas mediante aprendizaje automático para producir evidencia sobre riesgo.,,Se identificaron patrones y hallazgos pertinentes para comprender riesgo.,"Los resultados muestran potencial de aplicación, con limitaciones relacionadas con cobertura y contexto.",PRG-009,2023,operaciones sospechosas;riesgo;aprendizaje automático,APPROVED,repo://thesis/244,Economía,riesgo,synthetic institutional data
THS-245,Caracterización de riesgo en relación con fraude financiero,"Trabajo de grado que analiza riesgo mediante series temporales, considerando su relación con fraude financiero en un contexto universitario o aplicado.",Existe conocimiento disperso sobre riesgo y no siempre se comprende su relación con fraude financiero.,Analizar riesgo mediante series temporales para producir evidencia sobre fraude financiero.,"Revisión de antecedentes, preparación de datos, series temporales y validación de resultados.",Se identificaron patrones y hallazgos pertinentes para comprender fraude financiero.,"Los resultados muestran potencial de aplicación, con limitaciones relacionadas con cobertura y contexto.",PRG-009,2024,riesgo;fraude financiero;series temporales,APPROVED,repo://thesis/245,Economía,fraude financiero,synthetic institutional data
THS-246,Evaluación de detección de anomalías para analizar fraude financiero,"Trabajo de grado que analiza fraude financiero mediante detección de anomalías, considerando su relación con transacciones atípicas en un contexto universitario o aplicado.",Existe conocimiento disperso sobre fraude financiero y no siempre se comprende su relación con transacciones atípicas.,Analizar fraude financiero mediante detección de anomalías para producir evidencia sobre transacciones atípicas.,"Revisión de antecedentes, preparación de datos, detección de anomalías y validación de resultados.",Se identificaron patrones y hallazgos pertinentes para comprender transacciones atípicas.,"Los resultados muestran potencial de aplicación, con limitaciones relacionadas con cobertura y contexto.",PRG-008,2025,fraude financiero;transacciones atípicas;detección de anomalías,APPROVED,repo://thesis/246,Financiera,transacciones atípicas,synthetic institutional data
THS-247,Modelo aplicado para el estudio de transacciones atípicas,"Trabajo de grado que analiza transacciones atípicas mediante aprendizaje automático, considerando su relación con financial anomaly en un contexto universitario o aplicado.",Existe conocimiento disperso sobre transacciones atípicas y no siempre se comprende su relación con financial anomaly.,Analizar transacciones atípicas mediante aprendizaje automático para producir evidencia sobre financial anomaly.,"Revisión de antecedentes, preparación de datos, aprendizaje automático y validación de resultados.",Se identificaron patrones y hallazgos pertinentes para comprender financial anomaly.,"Los resultados muestran potencial de aplicación, con limitaciones relacionadas con cobertura y contexto.",PRG-008,2026,transacciones atípicas;financial anomaly;aprendizaje automático,APPROVED,repo://thesis/247,Financiera,financial anomaly,synthetic institutional data
THS-248,Análisis de patrones asociados con operaciones sospechosas,"Trabajo de grado que analiza financial anomaly mediante series temporales, considerando su relación con operaciones sospechosas en un contexto universitario o aplicado.",Existe conocimiento disperso sobre financial anomaly y no siempre se comprende su relación con operaciones sospechosas.,Analizar financial anomaly mediante series temporales para producir evidencia sobre operaciones sospechosas.,"Revisión de antecedentes, preparación de datos, series temporales y validación de resultados.",Se identificaron patrones y hallazgos pertinentes para comprender operaciones sospechosas.,"Los resultados muestran potencial de aplicación, con limitaciones relacionadas con cobertura y contexto.",PRG-007,2017,financial anomaly;operaciones sospechosas;series temporales,APPROVED,repo://thesis/248,Administración de Empresas,operaciones sospechosas,synthetic institutional data
THS-249,Caracterización de operaciones sospechosas en relación con riesgo,"Trabajo de grado que analiza operaciones sospechosas mediante detección de anomalías, considerando su relación con riesgo en un contexto universitario o aplicado.",Existe conocimiento disperso sobre operaciones sospechosas y no siempre se comprende su relación con riesgo.,Analizar operaciones sospechosas mediante detección de anomalías para producir evidencia sobre riesgo.,"Revisión de antecedentes, preparación de datos, detección de anomalías y validación de resultados.",Se identificaron patrones y hallazgos pertinentes para comprender riesgo.,"Los resultados muestran potencial de aplicación, con limitaciones relacionadas con cobertura y contexto.",PRG-007,2018,operaciones sospechosas;riesgo;detección de anomalías,APPROVED,repo://thesis/249,Administración de Empresas,riesgo,synthetic institutional data
THS-250,Riesgo and fraude financiero: a university case study,"This thesis examines riesgo through aprendizaje automático, with emphasis on fraude financiero and evidence available in an institutional context.",Current approaches provide incomplete understanding of riesgo and its implications for fraude financiero.,Evaluate aprendizaje automático for analyzing riesgo in relation to fraude financiero.,"Data preparation, aprendizaje automático, validation and interpretation.",The study identifies patterns and limitations relevant to fraude financiero.,The approach is useful under defined conditions and requires contextual validation.,PRG-008,2019,riesgo;fraude financiero;aprendizaje automático,APPROVED,repo://thesis/250,Financiera,fraude financiero,synthetic institutional data
THS-251,Modelo aplicado para el estudio de fraude financiero,"Trabajo de grado que analiza fraude financiero mediante series temporales, considerando su relación con transacciones atípicas en un contexto universitario o aplicado.",Existe conocimiento disperso sobre fraude financiero y no siempre se comprende su relación con transacciones atípicas.,Analizar fraude financiero mediante series temporales para producir evidencia sobre transacciones atípicas.,"Revisión de antecedentes, preparación de datos, series temporales y validación de resultados.",Se identificaron patrones y hallazgos pertinentes para comprender transacciones atípicas.,"Los resultados muestran potencial de aplicación, con limitaciones relacionadas con cobertura y contexto.",PRG-009,2020,fraude financiero;transacciones atípicas;series temporales,APPROVED,repo://thesis/251,Economía,transacciones atípicas,synthetic institutional data
THS-252,Análisis de patrones asociados con financial anomaly,"Trabajo de grado que analiza transacciones atípicas mediante detección de anomalías, considerando su relación con financial anomaly en un contexto universitario o aplicado.",Existe conocimiento disperso sobre transacciones atípicas y no siempre se comprende su relación con financial anomaly.,Analizar transacciones atípicas mediante detección de anomalías para producir evidencia sobre financial anomaly.,"Revisión de antecedentes, preparación de datos, detección de anomalías y validación de resultados.",Se identificaron patrones y hallazgos pertinentes para comprender financial anomaly.,"Los resultados muestran potencial de aplicación, con limitaciones relacionadas con cobertura y contexto.",PRG-007,2021,transacciones atípicas;financial anomaly;detección de anomalías,APPROVED,repo://thesis/252,Administración de Empresas,financial anomaly,synthetic institutional data
THS-253,Caracterización de financial anomaly en relación con operaciones sospechosas,"Trabajo de grado que analiza financial anomaly mediante aprendizaje automático, considerando su relación con operaciones sospechosas en un contexto universitario o aplicado.",Existe conocimiento disperso sobre financial anomaly y no siempre se comprende su relación con operaciones sospechosas.,Analizar financial anomaly mediante aprendizaje automático para producir evidencia sobre operaciones sospechosas.,"Revisión de antecedentes, preparación de datos, aprendizaje automático y validación de resultados.",Se identificaron patrones y hallazgos pertinentes para comprender operaciones sospechosas.,"Los resultados muestran potencial de aplicación, con limitaciones relacionadas con cobertura y contexto.",PRG-007,2022,financial anomaly;operaciones sospechosas;aprendizaje automático,APPROVED,repo://thesis/253,Administración de Empresas,operaciones sospechosas,synthetic institutional data
THS-254,Evaluación de series temporales para analizar operaciones sospechosas,"Trabajo de grado que analiza operaciones sospechosas mediante series temporales, considerando su relación con riesgo en un contexto universitario o aplicado.",Existe conocimiento disperso sobre operaciones sospechosas y no siempre se comprende su relación con riesgo.,Analizar operaciones sospechosas mediante series temporales para producir evidencia sobre riesgo.,"Revisión de antecedentes, preparación de datos, series temporales y validación de resultados.",Se identificaron patrones y hallazgos pertinentes para comprender riesgo.,"Los resultados muestran potencial de aplicación, con limitaciones relacionadas con cobertura y contexto.",PRG-009,2023,operaciones sospechosas;riesgo;series temporales,APPROVED,repo://thesis/254,Economía,riesgo,synthetic institutional data
THS-255,Modelo aplicado para el estudio de riesgo,"Trabajo de grado que analiza riesgo mediante detección de anomalías, considerando su relación con fraude financiero en un contexto universitario o aplicado.",Existe conocimiento disperso sobre riesgo y no siempre se comprende su relación con fraude financiero.,Analizar riesgo mediante detección de anomalías para producir evidencia sobre fraude financiero.,"Revisión de antecedentes, preparación de datos, detección de anomalías y validación de resultados.",Se identificaron patrones y hallazgos pertinentes para comprender fraude financiero.,"Los resultados muestran potencial de aplicación, con limitaciones relacionadas con cobertura y contexto.",PRG-008,2024,riesgo;fraude financiero;detección de anomalías,APPROVED,repo://thesis/255,Financiera,fraude financiero,synthetic institutional data
THS-256,Análisis de patrones asociados con transacciones atípicas,"Trabajo de grado que analiza fraude financiero mediante aprendizaje automático, considerando su relación con transacciones atípicas en un contexto universitario o aplicado.",Existe conocimiento disperso sobre fraude financiero y no siempre se comprende su relación con transacciones atípicas.,Analizar fraude financiero mediante aprendizaje automático para producir evidencia sobre transacciones atípicas.,"Revisión de antecedentes, preparación de datos, aprendizaje automático y validación de resultados.",Se identificaron patrones y hallazgos pertinentes para comprender transacciones atípicas.,"Los resultados muestran potencial de aplicación, con limitaciones relacionadas con cobertura y contexto.",PRG-007,2025,fraude financiero;transacciones atípicas;aprendizaje automático,APPROVED,repo://thesis/256,Administración de Empresas,transacciones atípicas,synthetic institutional data
THS-257,Caracterización de transacciones atípicas en relación con financial anomaly,"Trabajo de grado que analiza transacciones atípicas mediante series temporales, considerando su relación con financial anomaly en un contexto universitario o aplicado.",Existe conocimiento disperso sobre transacciones atípicas y no siempre se comprende su relación con financial anomaly.,Analizar transacciones atípicas mediante series temporales para producir evidencia sobre financial anomaly.,"Revisión de antecedentes, preparación de datos, series temporales y validación de resultados.",Se identificaron patrones y hallazgos pertinentes para comprender financial anomaly.,"Los resultados muestran potencial de aplicación, con limitaciones relacionadas con cobertura y contexto.",PRG-009,2026,transacciones atípicas;financial anomaly;series temporales,APPROVED,repo://thesis/257,Economía,financial anomaly,synthetic institutional data
THS-258,Evaluación de detección de anomalías para analizar financial anomaly,"Trabajo de grado que analiza financial anomaly mediante detección de anomalías, considerando su relación con operaciones sospechosas en un contexto universitario o aplicado.",Existe conocimiento disperso sobre financial anomaly y no siempre se comprende su relación con operaciones sospechosas.,Analizar financial anomaly mediante detección de anomalías para producir evidencia sobre operaciones sospechosas.,"Revisión de antecedentes, preparación de datos, detección de anomalías y validación de resultados.",Se identificaron patrones y hallazgos pertinentes para comprender operaciones sospechosas.,"Los resultados muestran potencial de aplicación, con limitaciones relacionadas con cobertura y contexto.",PRG-008,2017,financial anomaly;operaciones sospechosas;detección de anomalías,APPROVED,repo://thesis/258,Financiera,operaciones sospechosas,synthetic institutional data
THS-259,Modelo aplicado para el estudio de operaciones sospechosas,"Trabajo de grado que analiza operaciones sospechosas mediante aprendizaje automático, considerando su relación con riesgo en un contexto universitario o aplicado.",Existe conocimiento disperso sobre operaciones sospechosas y no siempre se comprende su relación con riesgo.,Analizar operaciones sospechosas mediante aprendizaje automático para producir evidencia sobre riesgo.,"Revisión de antecedentes, preparación de datos, aprendizaje automático y validación de resultados.",Se identificaron patrones y hallazgos pertinentes para comprender riesgo.,"Los resultados muestran potencial de aplicación, con limitaciones relacionadas con cobertura y contexto.",PRG-008,2018,operaciones sospechosas;riesgo;aprendizaje automático,APPROVED,repo://thesis/259,Financiera,riesgo,synthetic institutional data
THS-260,Riesgo and fraude financiero: a university case study,"This thesis examines riesgo through series temporales, with emphasis on fraude financiero and evidence available in an institutional context.",Current approaches provide incomplete understanding of riesgo and its implications for fraude financiero.,Evaluate series temporales for analyzing riesgo in relation to fraude financiero.,"Data preparation, series temporales, validation and interpretation.",The study identifies patterns and limitations relevant to fraude financiero.,The approach is useful under defined conditions and requires contextual validation.,PRG-009,2019,riesgo;fraude financiero;series temporales,APPROVED,repo://thesis/260,Economía,fraude financiero,synthetic institutional data
THS-261,Caracterización de riesgo crediticio en relación con transparencia,"Trabajo de grado que analiza riesgo crediticio mediante modelamiento estadístico, considerando su relación con transparencia en un contexto universitario o aplicado.",Existe conocimiento disperso sobre riesgo crediticio y no siempre se comprende su relación con transparencia.,Analizar riesgo crediticio mediante modelamiento estadístico para producir evidencia sobre transparencia.,"Revisión de antecedentes, preparación de datos, modelamiento estadístico y validación de resultados.",Se identificaron patrones y hallazgos pertinentes para comprender transparencia.,"Los resultados muestran potencial de aplicación, con limitaciones relacionadas con cobertura y contexto.",PRG-008,2021,,APPROVED,repo://thesis/261,Financiera,transparencia,synthetic institutional data
THS-262,Evaluación de clasificación para analizar transparencia,"Trabajo de grado que analiza transparencia mediante clasificación, considerando su relación con credit scoring en un contexto universitario o aplicado.",Existe conocimiento disperso sobre transparencia y no siempre se comprende su relación con credit scoring.,Analizar transparencia mediante clasificación para producir evidencia sobre credit scoring.,"Revisión de antecedentes, preparación de datos, clasificación y validación de resultados.",Se identificaron patrones y hallazgos pertinentes para comprender credit scoring.,"Los resultados muestran potencial de aplicación, con limitaciones relacionadas con cobertura y contexto.",PRG-009,2022,transparencia;credit scoring;clasificación,APPROVED,repo://thesis/262,Economía,credit scoring,synthetic institutional data
THS-263,Modelo aplicado para el estudio de credit scoring,"Trabajo de grado que analiza credit scoring mediante IA explicable, considerando su relación con decisiones explicables en un contexto universitario o aplicado.",Existe conocimiento disperso sobre credit scoring y no siempre se comprende su relación con decisiones explicables.,Analizar credit scoring mediante IA explicable para producir evidencia sobre decisiones explicables.,"Revisión de antecedentes, preparación de datos, IA explicable y validación de resultados.",Se identificaron patrones y hallazgos pertinentes para comprender decisiones explicables.,"Los resultados muestran potencial de aplicación, con limitaciones relacionadas con cobertura y contexto.",PRG-009,2023,credit scoring;decisiones explicables;IA explicable,APPROVED,repo://thesis/263,Economía,decisiones explicables,synthetic institutional data
THS-264,Análisis de patrones asociados con incumplimiento,"Trabajo de grado que analiza decisiones explicables mediante modelamiento estadístico, considerando su relación con incumplimiento en un contexto universitario o aplicado.",Existe conocimiento disperso sobre decisiones explicables y no siempre se comprende su relación con incumplimiento.,Analizar decisiones explicables mediante modelamiento estadístico para producir evidencia sobre incumplimiento.,"Revisión de antecedentes, preparación de datos, modelamiento estadístico y validación de resultados.",Se identificaron patrones y hallazgos pertinentes para comprender incumplimiento.,"Los resultados muestran potencial de aplicación, con limitaciones relacionadas con cobertura y contexto.",PRG-009,2024,decisiones explicables;incumplimiento;modelamiento estadístico,APPROVED,repo://thesis/264,Economía,incumplimiento,synthetic institutional data
THS-265,Caracterización de incumplimiento en relación con riesgo crediticio,"Trabajo de grado que analiza incumplimiento mediante clasificación, considerando su relación con riesgo crediticio en un contexto universitario o aplicado.",Existe conocimiento disperso sobre incumplimiento y no siempre se comprende su relación con riesgo crediticio.,Analizar incumplimiento mediante clasificación para producir evidencia sobre riesgo crediticio.,"Revisión de antecedentes, preparación de datos, clasificación y validación de resultados.",Se identificaron patrones y hallazgos pertinentes para comprender riesgo crediticio.,"Los resultados muestran potencial de aplicación, con limitaciones relacionadas con cobertura y contexto.",PRG-007,2025,incumplimiento;riesgo crediticio;clasificación,APPROVED,repo://thesis/265,Administración de Empresas,riesgo crediticio,synthetic institutional data
THS-266,Evaluación de IA explicable para analizar riesgo crediticio,"Trabajo de grado que analiza riesgo crediticio mediante IA explicable, considerando su relación con transparencia en un contexto universitario o aplicado.",Existe conocimiento disperso sobre riesgo crediticio y no siempre se comprende su relación con transparencia.,Analizar riesgo crediticio mediante IA explicable para producir evidencia sobre transparencia.,"Revisión de antecedentes, preparación de datos, IA explicable y validación de resultados.",Se identificaron patrones y hallazgos pertinentes para comprender transparencia.,"Los resultados muestran potencial de aplicación, con limitaciones relacionadas con cobertura y contexto.",PRG-007,2026,riesgo crediticio;transparencia;IA explicable,APPROVED,repo://thesis/266,Administración de Empresas,transparencia,synthetic institutional data
THS-267,Modelo aplicado para el estudio de transparencia,"Trabajo de grado que analiza transparencia mediante modelamiento estadístico, considerando su relación con credit scoring en un contexto universitario o aplicado.",Existe conocimiento disperso sobre transparencia y no siempre se comprende su relación con credit scoring.,Analizar transparencia mediante modelamiento estadístico para producir evidencia sobre credit scoring.,"Revisión de antecedentes, preparación de datos, modelamiento estadístico y validación de resultados.",Se identificaron patrones y hallazgos pertinentes para comprender credit scoring.,"Los resultados muestran potencial de aplicación, con limitaciones relacionadas con cobertura y contexto.",PRG-009,2017,transparencia;credit scoring;modelamiento estadístico,APPROVED,repo://thesis/267,Economía,credit scoring,synthetic institutional data
THS-268,Análisis de patrones asociados con decisiones explicables,"Trabajo de grado que analiza credit scoring mediante clasificación, considerando su relación con decisiones explicables en un contexto universitario o aplicado.",Existe conocimiento disperso sobre credit scoring y no siempre se comprende su relación con decisiones explicables.,Analizar credit scoring mediante clasificación para producir evidencia sobre decisiones explicables.,"Revisión de antecedentes, preparación de datos, clasificación y validación de resultados.",,"Los resultados muestran potencial de aplicación, con limitaciones relacionadas con cobertura y contexto.",PRG-008,2018,credit scoring;decisiones explicables;clasificación,APPROVED,repo://thesis/268,Financiera,decisiones explicables,synthetic institutional data
THS-269,Caracterización de decisiones explicables en relación con incumplimiento,"Trabajo de grado que analiza decisiones explicables mediante IA explicable, considerando su relación con incumplimiento en un contexto universitario o aplicado.",Existe conocimiento disperso sobre decisiones explicables y no siempre se comprende su relación con incumplimiento.,Analizar decisiones explicables mediante IA explicable para producir evidencia sobre incumplimiento.,"Revisión de antecedentes, preparación de datos, IA explicable y validación de resultados.",Se identificaron patrones y hallazgos pertinentes para comprender incumplimiento.,"Los resultados muestran potencial de aplicación, con limitaciones relacionadas con cobertura y contexto.",PRG-008,2019,decisiones explicables;incumplimiento;IA explicable,APPROVED,repo://thesis/269,Financiera,incumplimiento,synthetic institutional data
THS-270,Incumplimiento and riesgo crediticio: a university case study,"This thesis examines incumplimiento through modelamiento estadístico, with emphasis on riesgo crediticio and evidence available in an institutional context.",Current approaches provide incomplete understanding of incumplimiento and its implications for riesgo crediticio.,Evaluate modelamiento estadístico for analyzing incumplimiento in relation to riesgo crediticio.,"Data preparation, modelamiento estadístico, validation and interpretation.",The study identifies patterns and limitations relevant to riesgo crediticio.,The approach is useful under defined conditions and requires contextual validation.,PRG-008,2020,incumplimiento;riesgo crediticio;modelamiento estadístico,APPROVED,repo://thesis/270,Financiera,riesgo crediticio,synthetic institutional data
THS-271,Modelo aplicado para el estudio de riesgo crediticio,"Trabajo de grado que analiza riesgo crediticio mediante clasificación, considerando su relación con transparencia en un contexto universitario o aplicado.",Existe conocimiento disperso sobre riesgo crediticio y no siempre se comprende su relación con transparencia.,Analizar riesgo crediticio mediante clasificación para producir evidencia sobre transparencia.,"Revisión de antecedentes, preparación de datos, clasificación y validación de resultados.",Se identificaron patrones y hallazgos pertinentes para comprender transparencia.,"Los resultados muestran potencial de aplicación, con limitaciones relacionadas con cobertura y contexto.",PRG-009,2021,riesgo crediticio;transparencia;clasificación,APPROVED,repo://thesis/271,Economía,transparencia,synthetic institutional data
THS-272,Análisis de patrones asociados con credit scoring,"Trabajo de grado que analiza transparencia mediante IA explicable, considerando su relación con credit scoring en un contexto universitario o aplicado.",Existe conocimiento disperso sobre transparencia y no siempre se comprende su relación con credit scoring.,Analizar transparencia mediante IA explicable para producir evidencia sobre credit scoring.,"Revisión de antecedentes, preparación de datos, IA explicable y validación de resultados.",Se identificaron patrones y hallazgos pertinentes para comprender credit scoring.,"Los resultados muestran potencial de aplicación, con limitaciones relacionadas con cobertura y contexto.",PRG-009,2022,transparencia;credit scoring;IA explicable,APPROVED,repo://thesis/272,Economía,credit scoring,synthetic institutional data
THS-273,Caracterización de credit scoring en relación con decisiones explicables,"Trabajo de grado que analiza credit scoring mediante modelamiento estadístico, considerando su relación con decisiones explicables en un contexto universitario o aplicado.",Existe conocimiento disperso sobre credit scoring y no siempre se comprende su relación con decisiones explicables.,Analizar credit scoring mediante modelamiento estadístico para producir evidencia sobre decisiones explicables.,"Revisión de antecedentes, preparación de datos, modelamiento estadístico y validación de resultados.",Se identificaron patrones y hallazgos pertinentes para comprender decisiones explicables.,"Los resultados muestran potencial de aplicación, con limitaciones relacionadas con cobertura y contexto.",PRG-009,2023,credit scoring;decisiones explicables;modelamiento estadístico,APPROVED,repo://thesis/273,Economía,decisiones explicables,synthetic institutional data
THS-274,Evaluación de clasificación para analizar decisiones explicables,"Trabajo de grado que analiza decisiones explicables mediante clasificación, considerando su relación con incumplimiento en un contexto universitario o aplicado.",Existe conocimiento disperso sobre decisiones explicables y no siempre se comprende su relación con incumplimiento.,Analizar decisiones explicables mediante clasificación para producir evidencia sobre incumplimiento.,"Revisión de antecedentes, preparación de datos, clasificación y validación de resultados.",Se identificaron patrones y hallazgos pertinentes para comprender incumplimiento.,"Los resultados muestran potencial de aplicación, con limitaciones relacionadas con cobertura y contexto.",PRG-009,2024,decisiones explicables;incumplimiento;clasificación,APPROVED,repo://thesis/274,Economía,incumplimiento,synthetic institutional data
THS-275,Modelo aplicado para el estudio de incumplimiento,"Trabajo de grado que analiza incumplimiento mediante IA explicable, considerando su relación con riesgo crediticio en un contexto universitario o aplicado.",Existe conocimiento disperso sobre incumplimiento y no siempre se comprende su relación con riesgo crediticio.,Analizar incumplimiento mediante IA explicable para producir evidencia sobre riesgo crediticio.,"Revisión de antecedentes, preparación de datos, IA explicable y validación de resultados.",Se identificaron patrones y hallazgos pertinentes para comprender riesgo crediticio.,"Los resultados muestran potencial de aplicación, con limitaciones relacionadas con cobertura y contexto.",PRG-009,2025,incumplimiento;riesgo crediticio;IA explicable,APPROVED,repo://thesis/275,Economía,riesgo crediticio,synthetic institutional data
THS-276,Análisis de patrones asociados con transparencia,"Trabajo de grado que analiza riesgo crediticio mediante modelamiento estadístico, considerando su relación con transparencia en un contexto universitario o aplicado.",Existe conocimiento disperso sobre riesgo crediticio y no siempre se comprende su relación con transparencia.,Analizar riesgo crediticio mediante modelamiento estadístico para producir evidencia sobre transparencia.,"Revisión de antecedentes, preparación de datos, modelamiento estadístico y validación de resultados.",Se identificaron patrones y hallazgos pertinentes para comprender transparencia.,"Los resultados muestran potencial de aplicación, con limitaciones relacionadas con cobertura y contexto.",PRG-009,2026,riesgo crediticio;transparencia;modelamiento estadístico,APPROVED,repo://thesis/276,Economía,transparencia,synthetic institutional data
THS-277,Caracterización de transparencia en relación con credit scoring,"Trabajo de grado que analiza transparencia mediante clasificación, considerando su relación con credit scoring en un contexto universitario o aplicado.",Existe conocimiento disperso sobre transparencia y no siempre se comprende su relación con credit scoring.,Analizar transparencia mediante clasificación para producir evidencia sobre credit scoring.,"Revisión de antecedentes, preparación de datos, clasificación y validación de resultados.",Se identificaron patrones y hallazgos pertinentes para comprender credit scoring.,"Los resultados muestran potencial de aplicación, con limitaciones relacionadas con cobertura y contexto.",PRG-007,2017,transparencia;credit scoring;clasificación,APPROVED,repo://thesis/277,Administración de Empresas,credit scoring,synthetic institutional data
THS-278,Evaluación de IA explicable para analizar credit scoring,"Trabajo de grado que analiza credit scoring mediante IA explicable, considerando su relación con decisiones explicables en un contexto universitario o aplicado.",Existe conocimiento disperso sobre credit scoring y no siempre se comprende su relación con decisiones explicables.,Analizar credit scoring mediante IA explicable para producir evidencia sobre decisiones explicables.,"Revisión de antecedentes, preparación de datos, IA explicable y validación de resultados.",Se identificaron patrones y hallazgos pertinentes para comprender decisiones explicables.,"Los resultados muestran potencial de aplicación, con limitaciones relacionadas con cobertura y contexto.",PRG-008,2018,credit scoring;decisiones explicables;IA explicable,APPROVED,repo://thesis/278,Financiera,decisiones explicables,synthetic institutional data
THS-279,Modelo aplicado para el estudio de decisiones explicables,"Trabajo de grado que analiza decisiones explicables mediante modelamiento estadístico, considerando su relación con incumplimiento en un contexto universitario o aplicado.",Existe conocimiento disperso sobre decisiones explicables y no siempre se comprende su relación con incumplimiento.,Analizar decisiones explicables mediante modelamiento estadístico para producir evidencia sobre incumplimiento.,"Revisión de antecedentes, preparación de datos, modelamiento estadístico y validación de resultados.",Se identificaron patrones y hallazgos pertinentes para comprender incumplimiento.,"Los resultados muestran potencial de aplicación, con limitaciones relacionadas con cobertura y contexto.",PRG-008,2019,decisiones explicables;incumplimiento;modelamiento estadístico,APPROVED,repo://thesis/279,Financiera,incumplimiento,synthetic institutional data
THS-280,Incumplimiento and riesgo crediticio: a university case study,"This thesis examines incumplimiento through clasificación, with emphasis on riesgo crediticio and evidence available in an institutional context.",Current approaches provide incomplete understanding of incumplimiento and its implications for riesgo crediticio.,Evaluate clasificación for analyzing incumplimiento in relation to riesgo crediticio.,"Data preparation, clasificación, validation and interpretation.",The study identifies patterns and limitations relevant to riesgo crediticio.,The approach is useful under defined conditions and requires contextual validation.,PRG-008,2020,incumplimiento;riesgo crediticio;clasificación,APPROVED,repo://thesis/280,Financiera,riesgo crediticio,synthetic institutional data
THS-281,Caracterización de logística en relación con ruteo,"Trabajo de grado que analiza logística mediante investigación de operaciones, considerando su relación con ruteo en un contexto universitario o aplicado.",Existe conocimiento disperso sobre logística y no siempre se comprende su relación con ruteo.,Analizar logística mediante investigación de operaciones para producir evidencia sobre ruteo.,"Revisión de antecedentes, preparación de datos, investigación de operaciones y validación de resultados.",Se identificaron patrones y hallazgos pertinentes para comprender ruteo.,"Los resultados muestran potencial de aplicación, con limitaciones relacionadas con cobertura y contexto.",PRG-001,2022,logística;ruteo;investigación de operaciones,APPROVED,repo://thesis/281,de Sistemas,ruteo,synthetic institutional data
THS-282,Evaluación de simulación para analizar ruteo,"Trabajo de grado que analiza ruteo mediante simulación, considerando su relación con última milla en un contexto universitario o aplicado.",Existe conocimiento disperso sobre ruteo y no siempre se comprende su relación con última milla.,Analizar ruteo mediante simulación para producir evidencia sobre última milla.,"Revisión de antecedentes, preparación de datos, simulación y validación de resultados.",Se identificaron patrones y hallazgos pertinentes para comprender última milla.,"Los resultados muestran potencial de aplicación, con limitaciones relacionadas con cobertura y contexto.",PRG-003,2023,ruteo;última milla;simulación,APPROVED,repo://thesis/282,Industrial,última milla,synthetic institutional data
THS-283,Modelo aplicado para el estudio de última milla,"Trabajo de grado que analiza última milla mediante optimización combinatoria, considerando su relación con resource allocation en un contexto universitario o aplicado.",Existe conocimiento disperso sobre última milla y no siempre se comprende su relación con resource allocation.,Analizar última milla mediante optimización combinatoria para producir evidencia sobre resource allocation.,"Revisión de antecedentes, preparación de datos, optimización combinatoria y validación de resultados.",Se identificaron patrones y hallazgos pertinentes para comprender resource allocation.,"Los resultados muestran potencial de aplicación, con limitaciones relacionadas con cobertura y contexto.",PRG-002,2024,última milla;resource allocation;optimización combinatoria,APPROVED,repo://thesis/283,Electrónica,resource allocation,synthetic institutional data
THS-284,Análisis de patrones asociados con distribución,"Trabajo de grado que analiza resource allocation mediante investigación de operaciones, considerando su relación con distribución en un contexto universitario o aplicado.",Existe conocimiento disperso sobre resource allocation y no siempre se comprende su relación con distribución.,Analizar resource allocation mediante investigación de operaciones para producir evidencia sobre distribución.,"Revisión de antecedentes, preparación de datos, investigación de operaciones y validación de resultados.",Se identificaron patrones y hallazgos pertinentes para comprender distribución.,"Los resultados muestran potencial de aplicación, con limitaciones relacionadas con cobertura y contexto.",PRG-001,2025,resource allocation;distribución;investigación de operaciones,APPROVED,repo://thesis/284,de Sistemas,distribución,synthetic institutional data
THS-285,Caracterización de distribución en relación con logística,"Trabajo de grado que analiza distribución mediante simulación, considerando su relación con logística en un contexto universitario o aplicado.",Existe conocimiento disperso sobre distribución y no siempre se comprende su relación con logística.,Analizar distribución mediante simulación para producir evidencia sobre logística.,"Revisión de antecedentes, preparación de datos, simulación y validación de resultados.",Se identificaron patrones y hallazgos pertinentes para comprender logística.,"Los resultados muestran potencial de aplicación, con limitaciones relacionadas con cobertura y contexto.",PRG-003,2026,distribución;logística;simulación,APPROVED,repo://thesis/285,Industrial,logística,synthetic institutional data
THS-286,Evaluación de optimización combinatoria para analizar logística,"Trabajo de grado que analiza logística mediante optimización combinatoria, considerando su relación con ruteo en un contexto universitario o aplicado.",Existe conocimiento disperso sobre logística y no siempre se comprende su relación con ruteo.,Analizar logística mediante optimización combinatoria para producir evidencia sobre ruteo.,"Revisión de antecedentes, preparación de datos, optimización combinatoria y validación de resultados.",Se identificaron patrones y hallazgos pertinentes para comprender ruteo.,"Los resultados muestran potencial de aplicación, con limitaciones relacionadas con cobertura y contexto.",PRG-003,2017,logística;ruteo;optimización combinatoria,APPROVED,repo://thesis/286,Industrial,ruteo,synthetic institutional data
THS-287,Modelo aplicado para el estudio de ruteo,"Trabajo de grado que analiza ruteo mediante investigación de operaciones, considerando su relación con última milla en un contexto universitario o aplicado.",Existe conocimiento disperso sobre ruteo y no siempre se comprende su relación con última milla.,Analizar ruteo mediante investigación de operaciones para producir evidencia sobre última milla.,"Revisión de antecedentes, preparación de datos, investigación de operaciones y validación de resultados.",Se identificaron patrones y hallazgos pertinentes para comprender última milla.,"Los resultados muestran potencial de aplicación, con limitaciones relacionadas con cobertura y contexto.",PRG-002,2018,ruteo;última milla;investigación de operaciones,APPROVED,repo://thesis/287,Electrónica,última milla,synthetic institutional data
THS-288,Análisis de patrones asociados con resource allocation,"Trabajo de grado que analiza última milla mediante simulación, considerando su relación con resource allocation en un contexto universitario o aplicado.",Existe conocimiento disperso sobre última milla y no siempre se comprende su relación con resource allocation.,Analizar última milla mediante simulación para producir evidencia sobre resource allocation.,"Revisión de antecedentes, preparación de datos, simulación y validación de resultados.",Se identificaron patrones y hallazgos pertinentes para comprender resource allocation.,"Los resultados muestran potencial de aplicación, con limitaciones relacionadas con cobertura y contexto.",PRG-001,2019,última milla;resource allocation;simulación,APPROVED,repo://thesis/288,de Sistemas,resource allocation,synthetic institutional data
THS-289,Caracterización de resource allocation en relación con distribución,"Trabajo de grado que analiza resource allocation mediante optimización combinatoria, considerando su relación con distribución en un contexto universitario o aplicado.",Existe conocimiento disperso sobre resource allocation y no siempre se comprende su relación con distribución.,Analizar resource allocation mediante optimización combinatoria para producir evidencia sobre distribución.,"Revisión de antecedentes, preparación de datos, optimización combinatoria y validación de resultados.",Se identificaron patrones y hallazgos pertinentes para comprender distribución.,"Los resultados muestran potencial de aplicación, con limitaciones relacionadas con cobertura y contexto.",PRG-003,2020,resource allocation;distribución;optimización combinatoria,APPROVED,repo://thesis/289,Industrial,distribución,synthetic institutional data
THS-290,Distribución and logística: a university case study,"This thesis examines distribución through investigación de operaciones, with emphasis on logística and evidence available in an institutional context.",Current approaches provide incomplete understanding of distribución and its implications for logística.,Evaluate investigación de operaciones for analyzing distribución in relation to logística.,"Data preparation, investigación de operaciones, validation and interpretation.",The study identifies patterns and limitations relevant to logística.,The approach is useful under defined conditions and requires contextual validation.,PRG-002,2021,,APPROVED,repo://thesis/290,Electrónica,logística,synthetic institutional data
THS-291,Modelo aplicado para el estudio de logística,"Trabajo de grado que analiza logística mediante simulación, considerando su relación con ruteo en un contexto universitario o aplicado.",Existe conocimiento disperso sobre logística y no siempre se comprende su relación con ruteo.,Analizar logística mediante simulación para producir evidencia sobre ruteo.,"Revisión de antecedentes, preparación de datos, simulación y validación de resultados.",Se identificaron patrones y hallazgos pertinentes para comprender ruteo.,"Los resultados muestran potencial de aplicación, con limitaciones relacionadas con cobertura y contexto.",PRG-001,2022,logística;ruteo;simulación,APPROVED,repo://thesis/291,de Sistemas,ruteo,synthetic institutional data
THS-292,Análisis de patrones asociados con última milla,"Trabajo de grado que analiza ruteo mediante optimización combinatoria, considerando su relación con última milla en un contexto universitario o aplicado.",Existe conocimiento disperso sobre ruteo y no siempre se comprende su relación con última milla.,Analizar ruteo mediante optimización combinatoria para producir evidencia sobre última milla.,"Revisión de antecedentes, preparación de datos, optimización combinatoria y validación de resultados.",Se identificaron patrones y hallazgos pertinentes para comprender última milla.,"Los resultados muestran potencial de aplicación, con limitaciones relacionadas con cobertura y contexto.",PRG-003,2023,ruteo;última milla;optimización combinatoria,APPROVED,repo://thesis/292,Industrial,última milla,synthetic institutional data
THS-293,Caracterización de última milla en relación con resource allocation,"Trabajo de grado que analiza última milla mediante investigación de operaciones, considerando su relación con resource allocation en un contexto universitario o aplicado.",Existe conocimiento disperso sobre última milla y no siempre se comprende su relación con resource allocation.,Analizar última milla mediante investigación de operaciones para producir evidencia sobre resource allocation.,"Revisión de antecedentes, preparación de datos, investigación de operaciones y validación de resultados.",Se identificaron patrones y hallazgos pertinentes para comprender resource allocation.,"Los resultados muestran potencial de aplicación, con limitaciones relacionadas con cobertura y contexto.",PRG-003,2024,última milla;resource allocation;investigación de operaciones,APPROVED,repo://thesis/293,Industrial,resource allocation,synthetic institutional data
THS-294,Evaluación de simulación para analizar resource allocation,"Trabajo de grado que analiza resource allocation mediante simulación, considerando su relación con distribución en un contexto universitario o aplicado.",Existe conocimiento disperso sobre resource allocation y no siempre se comprende su relación con distribución.,Analizar resource allocation mediante simulación para producir evidencia sobre distribución.,"Revisión de antecedentes, preparación de datos, simulación y validación de resultados.",Se identificaron patrones y hallazgos pertinentes para comprender distribución.,"Los resultados muestran potencial de aplicación, con limitaciones relacionadas con cobertura y contexto.",PRG-002,2025,resource allocation;distribución;simulación,APPROVED,repo://thesis/294,Electrónica,distribución,synthetic institutional data
THS-295,Modelo aplicado para el estudio de distribución,"Trabajo de grado que analiza distribución mediante optimización combinatoria, considerando su relación con logística en un contexto universitario o aplicado.",Existe conocimiento disperso sobre distribución y no siempre se comprende su relación con logística.,Analizar distribución mediante optimización combinatoria para producir evidencia sobre logística.,"Revisión de antecedentes, preparación de datos, optimización combinatoria y validación de resultados.",Se identificaron patrones y hallazgos pertinentes para comprender logística.,"Los resultados muestran potencial de aplicación, con limitaciones relacionadas con cobertura y contexto.",PRG-003,2026,distribución;logística;optimización combinatoria,APPROVED,repo://thesis/295,Industrial,logística,synthetic institutional data
THS-296,Análisis de patrones asociados con ruteo,"Trabajo de grado que analiza logística mediante investigación de operaciones, considerando su relación con ruteo en un contexto universitario o aplicado.",Existe conocimiento disperso sobre logística y no siempre se comprende su relación con ruteo.,Analizar logística mediante investigación de operaciones para producir evidencia sobre ruteo.,"Revisión de antecedentes, preparación de datos, investigación de operaciones y validación de resultados.",Se identificaron patrones y hallazgos pertinentes para comprender ruteo.,"Los resultados muestran potencial de aplicación, con limitaciones relacionadas con cobertura y contexto.",PRG-003,2017,logística;ruteo;investigación de operaciones,APPROVED,repo://thesis/296,Industrial,ruteo,synthetic institutional data
THS-297,Caracterización de ruteo en relación con última milla,"Trabajo de grado que analiza ruteo mediante simulación, considerando su relación con última milla en un contexto universitario o aplicado.",Existe conocimiento disperso sobre ruteo y no siempre se comprende su relación con última milla.,Analizar ruteo mediante simulación para producir evidencia sobre última milla.,"Revisión de antecedentes, preparación de datos, simulación y validación de resultados.",Se identificaron patrones y hallazgos pertinentes para comprender última milla.,"Los resultados muestran potencial de aplicación, con limitaciones relacionadas con cobertura y contexto.",PRG-001,2018,ruteo;última milla;simulación,APPROVED,repo://thesis/297,de Sistemas,última milla,synthetic institutional data
THS-298,Evaluación de optimización combinatoria para analizar última milla,"Trabajo de grado que analiza última milla mediante optimización combinatoria, considerando su relación con resource allocation en un contexto universitario o aplicado.",Existe conocimiento disperso sobre última milla y no siempre se comprende su relación con resource allocation.,Analizar última milla mediante optimización combinatoria para producir evidencia sobre resource allocation.,"Revisión de antecedentes, preparación de datos, optimización combinatoria y validación de resultados.",Se identificaron patrones y hallazgos pertinentes para comprender resource allocation.,"Los resultados muestran potencial de aplicación, con limitaciones relacionadas con cobertura y contexto.",PRG-002,2019,última milla;resource allocation;optimización combinatoria,APPROVED,repo://thesis/298,Electrónica,resource allocation,synthetic institutional data
THS-299,Modelo aplicado para el estudio de resource allocation,"Trabajo de grado que analiza resource allocation mediante investigación de operaciones, considerando su relación con distribución en un contexto universitario o aplicado.",Existe conocimiento disperso sobre resource allocation y no siempre se comprende su relación con distribución.,Analizar resource allocation mediante investigación de operaciones para producir evidencia sobre distribución.,"Revisión de antecedentes, preparación de datos, investigación de operaciones y validación de resultados.",Se identificaron patrones y hallazgos pertinentes para comprender distribución.,"Los resultados muestran potencial de aplicación, con limitaciones relacionadas con cobertura y contexto.",PRG-001,2020,resource allocation;distribución;investigación de operaciones,APPROVED,repo://thesis/299,de Sistemas,distribución,synthetic institutional data
THS-300,Distribución and logística: a university case study,"This thesis examines distribución through simulación, with emphasis on logística and evidence available in an institutional context.",Current approaches provide incomplete understanding of distribución and its implications for logística.,Evaluate simulación for analyzing distribución in relation to logística.,"Data preparation, simulación, validation and interpretation.",The study identifies patterns and limitations relevant to logística.,The approach is useful under defined conditions and requires contextual validation.,PRG-002,2021,distribución;logística;simulación,APPROVED,repo://thesis/300,Electrónica,logística,synthetic institutional data
THS-301,Caracterización de mantenimiento predictivo en relación con fallas,"Trabajo de grado que analiza mantenimiento predictivo mediante series temporales, considerando su relación con fallas en un contexto universitario o aplicado.",Existe conocimiento disperso sobre mantenimiento predictivo y no siempre se comprende su relación con fallas.,Analizar mantenimiento predictivo mediante series temporales para producir evidencia sobre fallas.,"Revisión de antecedentes, preparación de datos, series temporales y validación de resultados.",Se identificaron patrones y hallazgos pertinentes para comprender fallas.,"Los resultados muestran potencial de aplicación, con limitaciones relacionadas con cobertura y contexto.",PRG-001,2023,mantenimiento predictivo;fallas;series temporales,APPROVED,repo://thesis/301,de Sistemas,fallas,synthetic institutional data
THS-302,Evaluación de detección de anomalías para analizar fallas,"Trabajo de grado que analiza fallas mediante detección de anomalías, considerando su relación con vibraciones en un contexto universitario o aplicado.",Existe conocimiento disperso sobre fallas y no siempre se comprende su relación con vibraciones.,Analizar fallas mediante detección de anomalías para producir evidencia sobre vibraciones.,"Revisión de antecedentes, preparación de datos, detección de anomalías y validación de resultados.",Se identificaron patrones y hallazgos pertinentes para comprender vibraciones.,"Los resultados muestran potencial de aplicación, con limitaciones relacionadas con cobertura y contexto.",PRG-001,2024,fallas;vibraciones;detección de anomalías,APPROVED,repo://thesis/302,de Sistemas,vibraciones,synthetic institutional data
THS-303,Modelo aplicado para el estudio de vibraciones,"Trabajo de grado que analiza vibraciones mediante procesamiento de señales, considerando su relación con predictive maintenance en un contexto universitario o aplicado.",Existe conocimiento disperso sobre vibraciones y no siempre se comprende su relación con predictive maintenance.,Analizar vibraciones mediante procesamiento de señales para producir evidencia sobre predictive maintenance.,"Revisión de antecedentes, preparación de datos, procesamiento de señales y validación de resultados.",Se identificaron patrones y hallazgos pertinentes para comprender predictive maintenance.,"Los resultados muestran potencial de aplicación, con limitaciones relacionadas con cobertura y contexto.",PRG-002,2025,vibraciones;predictive maintenance;procesamiento de señales,APPROVED,repo://thesis/303,Electrónica,predictive maintenance,synthetic institutional data
THS-304,Análisis de patrones asociados con activos industriales,"Trabajo de grado que analiza predictive maintenance mediante series temporales, considerando su relación con activos industriales en un contexto universitario o aplicado.",Existe conocimiento disperso sobre predictive maintenance y no siempre se comprende su relación con activos industriales.,Analizar predictive maintenance mediante series temporales para producir evidencia sobre activos industriales.,"Revisión de antecedentes, preparación de datos, series temporales y validación de resultados.",Se identificaron patrones y hallazgos pertinentes para comprender activos industriales.,"Los resultados muestran potencial de aplicación, con limitaciones relacionadas con cobertura y contexto.",PRG-003,2026,predictive maintenance;activos industriales;series temporales,APPROVED,repo://thesis/304,Industrial,activos industriales,synthetic institutional data
THS-305,Caracterización de activos industriales en relación con mantenimiento predictivo,"Trabajo de grado que analiza activos industriales mediante detección de anomalías, considerando su relación con mantenimiento predictivo en un contexto universitario o aplicado.",Existe conocimiento disperso sobre activos industriales y no siempre se comprende su relación con mantenimiento predictivo.,Analizar activos industriales mediante detección de anomalías para producir evidencia sobre mantenimiento predictivo.,,Se identificaron patrones y hallazgos pertinentes para comprender mantenimiento predictivo.,"Los resultados muestran potencial de aplicación, con limitaciones relacionadas con cobertura y contexto.",PRG-003,2017,activos industriales;mantenimiento predictivo;detección de anomalías,APPROVED,repo://thesis/305,Industrial,mantenimiento predictivo,synthetic institutional data
THS-306,Evaluación de procesamiento de señales para analizar mantenimiento predictivo,"Trabajo de grado que analiza mantenimiento predictivo mediante procesamiento de señales, considerando su relación con fallas en un contexto universitario o aplicado.",Existe conocimiento disperso sobre mantenimiento predictivo y no siempre se comprende su relación con fallas.,Analizar mantenimiento predictivo mediante procesamiento de señales para producir evidencia sobre fallas.,"Revisión de antecedentes, preparación de datos, procesamiento de señales y validación de resultados.",Se identificaron patrones y hallazgos pertinentes para comprender fallas.,"Los resultados muestran potencial de aplicación, con limitaciones relacionadas con cobertura y contexto.",PRG-001,2018,mantenimiento predictivo;fallas;procesamiento de señales,APPROVED,repo://thesis/306,de Sistemas,fallas,synthetic institutional data
THS-307,Modelo aplicado para el estudio de fallas,"Trabajo de grado que analiza fallas mediante series temporales, considerando su relación con vibraciones en un contexto universitario o aplicado.",Existe conocimiento disperso sobre fallas y no siempre se comprende su relación con vibraciones.,Analizar fallas mediante series temporales para producir evidencia sobre vibraciones.,"Revisión de antecedentes, preparación de datos, series temporales y validación de resultados.",Se identificaron patrones y hallazgos pertinentes para comprender vibraciones.,"Los resultados muestran potencial de aplicación, con limitaciones relacionadas con cobertura y contexto.",PRG-001,2019,fallas;vibraciones;series temporales,APPROVED,repo://thesis/307,de Sistemas,vibraciones,synthetic institutional data
THS-308,Análisis de patrones asociados con predictive maintenance,"Trabajo de grado que analiza vibraciones mediante detección de anomalías, considerando su relación con predictive maintenance en un contexto universitario o aplicado.",Existe conocimiento disperso sobre vibraciones y no siempre se comprende su relación con predictive maintenance.,Analizar vibraciones mediante detección de anomalías para producir evidencia sobre predictive maintenance.,"Revisión de antecedentes, preparación de datos, detección de anomalías y validación de resultados.",Se identificaron patrones y hallazgos pertinentes para comprender predictive maintenance.,"Los resultados muestran potencial de aplicación, con limitaciones relacionadas con cobertura y contexto.",PRG-002,2020,vibraciones;predictive maintenance;detección de anomalías,APPROVED,repo://thesis/308,Electrónica,predictive maintenance,synthetic institutional data
THS-309,Caracterización de predictive maintenance en relación con activos industriales,"Trabajo de grado que analiza predictive maintenance mediante procesamiento de señales, considerando su relación con activos industriales en un contexto universitario o aplicado.",Existe conocimiento disperso sobre predictive maintenance y no siempre se comprende su relación con activos industriales.,Analizar predictive maintenance mediante procesamiento de señales para producir evidencia sobre activos industriales.,"Revisión de antecedentes, preparación de datos, procesamiento de señales y validación de resultados.",Se identificaron patrones y hallazgos pertinentes para comprender activos industriales.,"Los resultados muestran potencial de aplicación, con limitaciones relacionadas con cobertura y contexto.",PRG-003,2021,predictive maintenance;activos industriales;procesamiento de señales,APPROVED,repo://thesis/309,Industrial,activos industriales,synthetic institutional data
THS-310,Activos Industriales and mantenimiento predictivo: a university case study,"This thesis examines activos industriales through series temporales, with emphasis on mantenimiento predictivo and evidence available in an institutional context.",Current approaches provide incomplete understanding of activos industriales and its implications for mantenimiento predictivo.,Evaluate series temporales for analyzing activos industriales in relation to mantenimiento predictivo.,"Data preparation, series temporales, validation and interpretation.",The study identifies patterns and limitations relevant to mantenimiento predictivo.,The approach is useful under defined conditions and requires contextual validation.,PRG-002,2022,activos industriales;mantenimiento predictivo;series temporales,APPROVED,repo://thesis/310,Electrónica,mantenimiento predictivo,synthetic institutional data
THS-311,Modelo aplicado para el estudio de mantenimiento predictivo,"Trabajo de grado que analiza mantenimiento predictivo mediante detección de anomalías, considerando su relación con fallas en un contexto universitario o aplicado.",Existe conocimiento disperso sobre mantenimiento predictivo y no siempre se comprende su relación con fallas.,Analizar mantenimiento predictivo mediante detección de anomalías para producir evidencia sobre fallas.,"Revisión de antecedentes, preparación de datos, detección de anomalías y validación de resultados.",Se identificaron patrones y hallazgos pertinentes para comprender fallas.,"Los resultados muestran potencial de aplicación, con limitaciones relacionadas con cobertura y contexto.",PRG-003,2023,mantenimiento predictivo;fallas;detección de anomalías,APPROVED,repo://thesis/311,Industrial,fallas,synthetic institutional data
THS-312,Análisis de patrones asociados con vibraciones,"Trabajo de grado que analiza fallas mediante procesamiento de señales, considerando su relación con vibraciones en un contexto universitario o aplicado.",Existe conocimiento disperso sobre fallas y no siempre se comprende su relación con vibraciones.,Analizar fallas mediante procesamiento de señales para producir evidencia sobre vibraciones.,"Revisión de antecedentes, preparación de datos, procesamiento de señales y validación de resultados.",Se identificaron patrones y hallazgos pertinentes para comprender vibraciones.,"Los resultados muestran potencial de aplicación, con limitaciones relacionadas con cobertura y contexto.",PRG-002,2024,fallas;vibraciones;procesamiento de señales,APPROVED,repo://thesis/312,Electrónica,vibraciones,synthetic institutional data
THS-313,Caracterización de vibraciones en relación con predictive maintenance,"Trabajo de grado que analiza vibraciones mediante series temporales, considerando su relación con predictive maintenance en un contexto universitario o aplicado.",Existe conocimiento disperso sobre vibraciones y no siempre se comprende su relación con predictive maintenance.,Analizar vibraciones mediante series temporales para producir evidencia sobre predictive maintenance.,"Revisión de antecedentes, preparación de datos, series temporales y validación de resultados.",Se identificaron patrones y hallazgos pertinentes para comprender predictive maintenance.,"Los resultados muestran potencial de aplicación, con limitaciones relacionadas con cobertura y contexto.",PRG-003,2025,vibraciones;predictive maintenance;series temporales,APPROVED,repo://thesis/313,Industrial,predictive maintenance,synthetic institutional data
THS-314,Evaluación de detección de anomalías para analizar predictive maintenance,"Trabajo de grado que analiza predictive maintenance mediante detección de anomalías, considerando su relación con activos industriales en un contexto universitario o aplicado.",Existe conocimiento disperso sobre predictive maintenance y no siempre se comprende su relación con activos industriales.,Analizar predictive maintenance mediante detección de anomalías para producir evidencia sobre activos industriales.,"Revisión de antecedentes, preparación de datos, detección de anomalías y validación de resultados.",Se identificaron patrones y hallazgos pertinentes para comprender activos industriales.,"Los resultados muestran potencial de aplicación, con limitaciones relacionadas con cobertura y contexto.",PRG-002,2026,predictive maintenance;activos industriales;detección de anomalías,APPROVED,repo://thesis/314,Electrónica,activos industriales,synthetic institutional data
THS-315,Modelo aplicado para el estudio de activos industriales,"Trabajo de grado que analiza activos industriales mediante procesamiento de señales, considerando su relación con mantenimiento predictivo en un contexto universitario o aplicado.",Existe conocimiento disperso sobre activos industriales y no siempre se comprende su relación con mantenimiento predictivo.,Analizar activos industriales mediante procesamiento de señales para producir evidencia sobre mantenimiento predictivo.,"Revisión de antecedentes, preparación de datos, procesamiento de señales y validación de resultados.",Se identificaron patrones y hallazgos pertinentes para comprender mantenimiento predictivo.,"Los resultados muestran potencial de aplicación, con limitaciones relacionadas con cobertura y contexto.",PRG-003,2017,activos industriales;mantenimiento predictivo;procesamiento de señales,APPROVED,repo://thesis/315,Industrial,mantenimiento predictivo,synthetic institutional data
THS-316,Análisis de patrones asociados con fallas,"Trabajo de grado que analiza mantenimiento predictivo mediante series temporales, considerando su relación con fallas en un contexto universitario o aplicado.",Existe conocimiento disperso sobre mantenimiento predictivo y no siempre se comprende su relación con fallas.,Analizar mantenimiento predictivo mediante series temporales para producir evidencia sobre fallas.,"Revisión de antecedentes, preparación de datos, series temporales y validación de resultados.",Se identificaron patrones y hallazgos pertinentes para comprender fallas.,"Los resultados muestran potencial de aplicación, con limitaciones relacionadas con cobertura y contexto.",PRG-002,2018,mantenimiento predictivo;fallas;series temporales,APPROVED,repo://thesis/316,Electrónica,fallas,synthetic institutional data
THS-317,Caracterización de fallas en relación con vibraciones,"Trabajo de grado que analiza fallas mediante detección de anomalías, considerando su relación con vibraciones en un contexto universitario o aplicado.",Existe conocimiento disperso sobre fallas y no siempre se comprende su relación con vibraciones.,Analizar fallas mediante detección de anomalías para producir evidencia sobre vibraciones.,"Revisión de antecedentes, preparación de datos, detección de anomalías y validación de resultados.",Se identificaron patrones y hallazgos pertinentes para comprender vibraciones.,"Los resultados muestran potencial de aplicación, con limitaciones relacionadas con cobertura y contexto.",PRG-003,2019,fallas;vibraciones;detección de anomalías,APPROVED,repo://thesis/317,Industrial,vibraciones,synthetic institutional data
THS-318,Evaluación de procesamiento de señales para analizar vibraciones,"Trabajo de grado que analiza vibraciones mediante procesamiento de señales, considerando su relación con predictive maintenance en un contexto universitario o aplicado.",Existe conocimiento disperso sobre vibraciones y no siempre se comprende su relación con predictive maintenance.,Analizar vibraciones mediante procesamiento de señales para producir evidencia sobre predictive maintenance.,"Revisión de antecedentes, preparación de datos, procesamiento de señales y validación de resultados.",Se identificaron patrones y hallazgos pertinentes para comprender predictive maintenance.,"Los resultados muestran potencial de aplicación, con limitaciones relacionadas con cobertura y contexto.",PRG-001,2020,vibraciones;predictive maintenance;procesamiento de señales,APPROVED,repo://thesis/318,de Sistemas,predictive maintenance,synthetic institutional data
THS-319,Modelo aplicado para el estudio de predictive maintenance,"Trabajo de grado que analiza predictive maintenance mediante series temporales, considerando su relación con activos industriales en un contexto universitario o aplicado.",Existe conocimiento disperso sobre predictive maintenance y no siempre se comprende su relación con activos industriales.,Analizar predictive maintenance mediante series temporales para producir evidencia sobre activos industriales.,"Revisión de antecedentes, preparación de datos, series temporales y validación de resultados.",Se identificaron patrones y hallazgos pertinentes para comprender activos industriales.,"Los resultados muestran potencial de aplicación, con limitaciones relacionadas con cobertura y contexto.",PRG-003,2021,,APPROVED,repo://thesis/319,Industrial,activos industriales,synthetic institutional data
THS-320,Activos Industriales and mantenimiento predictivo: a university case study,"This thesis examines activos industriales through detección de anomalías, with emphasis on mantenimiento predictivo and evidence available in an institutional context.",Current approaches provide incomplete understanding of activos industriales and its implications for mantenimiento predictivo.,Evaluate detección de anomalías for analyzing activos industriales in relation to mantenimiento predictivo.,"Data preparation, detección de anomalías, validation and interpretation.",The study identifies patterns and limitations relevant to mantenimiento predictivo.,The approach is useful under defined conditions and requires contextual validation.,PRG-002,2022,activos industriales;mantenimiento predictivo;detección de anomalías,APPROVED,repo://thesis/320,Electrónica,mantenimiento predictivo,synthetic institutional data
THS-321,Caracterización de comportamiento de usuarios en relación con phishing,"Trabajo de grado que analiza comportamiento de usuarios mediante modelamiento de comportamiento, considerando su relación con phishing en un contexto universitario o aplicado.",Existe conocimiento disperso sobre comportamiento de usuarios y no siempre se comprende su relación con phishing.,Analizar comportamiento de usuarios mediante modelamiento de comportamiento para producir evidencia sobre phishing.,"Revisión de antecedentes, preparación de datos, modelamiento de comportamiento y validación de resultados.",Se identificaron patrones y hallazgos pertinentes para comprender phishing.,"Los resultados muestran potencial de aplicación, con limitaciones relacionadas con cobertura y contexto.",PRG-001,2024,comportamiento de usuarios;phishing;modelamiento de comportamiento,APPROVED,repo://thesis/321,de Sistemas,phishing,synthetic institutional data
THS-322,Evaluación de clasificación para analizar phishing,"Trabajo de grado que analiza phishing mediante clasificación, considerando su relación con riesgo humano en un contexto universitario o aplicado.",Existe conocimiento disperso sobre phishing y no siempre se comprende su relación con riesgo humano.,Analizar phishing mediante clasificación para producir evidencia sobre riesgo humano.,"Revisión de antecedentes, preparación de datos, clasificación y validación de resultados.",Se identificaron patrones y hallazgos pertinentes para comprender riesgo humano.,"Los resultados muestran potencial de aplicación, con limitaciones relacionadas con cobertura y contexto.",PRG-003,2025,phishing;riesgo humano;clasificación,APPROVED,repo://thesis/322,Industrial,riesgo humano,synthetic institutional data
THS-323,Modelo aplicado para el estudio de riesgo humano,"Trabajo de grado que analiza riesgo humano mediante ciberseguridad, considerando su relación con behavioral cybersecurity en un contexto universitario o aplicado.",Existe conocimiento disperso sobre riesgo humano y no siempre se comprende su relación con behavioral cybersecurity.,Analizar riesgo humano mediante ciberseguridad para producir evidencia sobre behavioral cybersecurity.,"Revisión de antecedentes, preparación de datos, ciberseguridad y validación de resultados.",Se identificaron patrones y hallazgos pertinentes para comprender behavioral cybersecurity.,"Los resultados muestran potencial de aplicación, con limitaciones relacionadas con cobertura y contexto.",PRG-003,2026,riesgo humano;behavioral cybersecurity;ciberseguridad,APPROVED,repo://thesis/323,Industrial,behavioral cybersecurity,synthetic institutional data
THS-324,Análisis de patrones asociados con incidentes,"Trabajo de grado que analiza behavioral cybersecurity mediante modelamiento de comportamiento, considerando su relación con incidentes en un contexto universitario o aplicado.",Existe conocimiento disperso sobre behavioral cybersecurity y no siempre se comprende su relación con incidentes.,Analizar behavioral cybersecurity mediante modelamiento de comportamiento para producir evidencia sobre incidentes.,"Revisión de antecedentes, preparación de datos, modelamiento de comportamiento y validación de resultados.",Se identificaron patrones y hallazgos pertinentes para comprender incidentes.,"Los resultados muestran potencial de aplicación, con limitaciones relacionadas con cobertura y contexto.",PRG-003,2017,behavioral cybersecurity;incidentes;modelamiento de comportamiento,APPROVED,repo://thesis/324,Industrial,incidentes,synthetic institutional data
THS-325,Caracterización de incidentes en relación con comportamiento de usuarios,"Trabajo de grado que analiza incidentes mediante clasificación, considerando su relación con comportamiento de usuarios en un contexto universitario o aplicado.",Existe conocimiento disperso sobre incidentes y no siempre se comprende su relación con comportamiento de usuarios.,Analizar incidentes mediante clasificación para producir evidencia sobre comportamiento de usuarios.,"Revisión de antecedentes, preparación de datos, clasificación y validación de resultados.",Se identificaron patrones y hallazgos pertinentes para comprender comportamiento de usuarios.,"Los resultados muestran potencial de aplicación, con limitaciones relacionadas con cobertura y contexto.",PRG-002,2018,incidentes;comportamiento de usuarios;clasificación,APPROVED,repo://thesis/325,Electrónica,comportamiento de usuarios,synthetic institutional data
THS-326,Evaluación de ciberseguridad para analizar comportamiento de usuarios,"Trabajo de grado que analiza comportamiento de usuarios mediante ciberseguridad, considerando su relación con phishing en un contexto universitario o aplicado.",Existe conocimiento disperso sobre comportamiento de usuarios y no siempre se comprende su relación con phishing.,Analizar comportamiento de usuarios mediante ciberseguridad para producir evidencia sobre phishing.,"Revisión de antecedentes, preparación de datos, ciberseguridad y validación de resultados.",Se identificaron patrones y hallazgos pertinentes para comprender phishing.,"Los resultados muestran potencial de aplicación, con limitaciones relacionadas con cobertura y contexto.",PRG-003,2019,comportamiento de usuarios;phishing;ciberseguridad,APPROVED,repo://thesis/326,Industrial,phishing,synthetic institutional data
THS-327,Modelo aplicado para el estudio de phishing,"Trabajo de grado que analiza phishing mediante modelamiento de comportamiento, considerando su relación con riesgo humano en un contexto universitario o aplicado.",Existe conocimiento disperso sobre phishing y no siempre se comprende su relación con riesgo humano.,Analizar phishing mediante modelamiento de comportamiento para producir evidencia sobre riesgo humano.,"Revisión de antecedentes, preparación de datos, modelamiento de comportamiento y validación de resultados.",Se identificaron patrones y hallazgos pertinentes para comprender riesgo humano.,"Los resultados muestran potencial de aplicación, con limitaciones relacionadas con cobertura y contexto.",PRG-001,2020,phishing;riesgo humano;modelamiento de comportamiento,APPROVED,repo://thesis/327,de Sistemas,riesgo humano,synthetic institutional data
THS-328,Análisis de patrones asociados con behavioral cybersecurity,"Trabajo de grado que analiza riesgo humano mediante clasificación, considerando su relación con behavioral cybersecurity en un contexto universitario o aplicado.",Existe conocimiento disperso sobre riesgo humano y no siempre se comprende su relación con behavioral cybersecurity.,Analizar riesgo humano mediante clasificación para producir evidencia sobre behavioral cybersecurity.,"Revisión de antecedentes, preparación de datos, clasificación y validación de resultados.",Se identificaron patrones y hallazgos pertinentes para comprender behavioral cybersecurity.,"Los resultados muestran potencial de aplicación, con limitaciones relacionadas con cobertura y contexto.",PRG-002,2021,riesgo humano;behavioral cybersecurity;clasificación,APPROVED,repo://thesis/328,Electrónica,behavioral cybersecurity,synthetic institutional data
THS-329,Caracterización de behavioral cybersecurity en relación con incidentes,"Trabajo de grado que analiza behavioral cybersecurity mediante ciberseguridad, considerando su relación con incidentes en un contexto universitario o aplicado.",Existe conocimiento disperso sobre behavioral cybersecurity y no siempre se comprende su relación con incidentes.,Analizar behavioral cybersecurity mediante ciberseguridad para producir evidencia sobre incidentes.,"Revisión de antecedentes, preparación de datos, ciberseguridad y validación de resultados.",Se identificaron patrones y hallazgos pertinentes para comprender incidentes.,"Los resultados muestran potencial de aplicación, con limitaciones relacionadas con cobertura y contexto.",PRG-001,2022,behavioral cybersecurity;incidentes;ciberseguridad,APPROVED,repo://thesis/329,de Sistemas,incidentes,synthetic institutional data
THS-330,Incidentes and comportamiento de usuarios: a university case study,"This thesis examines incidentes through modelamiento de comportamiento, with emphasis on comportamiento de usuarios and evidence available in an institutional context.",Current approaches provide incomplete understanding of incidentes and its implications for comportamiento de usuarios.,Evaluate modelamiento de comportamiento for analyzing incidentes in relation to comportamiento de usuarios.,"Data preparation, modelamiento de comportamiento, validation and interpretation.",The study identifies patterns and limitations relevant to comportamiento de usuarios.,The approach is useful under defined conditions and requires contextual validation.,PRG-002,2023,incidentes;comportamiento de usuarios;modelamiento de comportamiento,APPROVED,repo://thesis/330,Electrónica,comportamiento de usuarios,synthetic institutional data
THS-331,Modelo aplicado para el estudio de comportamiento de usuarios,"Trabajo de grado que analiza comportamiento de usuarios mediante clasificación, considerando su relación con phishing en un contexto universitario o aplicado.",Existe conocimiento disperso sobre comportamiento de usuarios y no siempre se comprende su relación con phishing.,Analizar comportamiento de usuarios mediante clasificación para producir evidencia sobre phishing.,"Revisión de antecedentes, preparación de datos, clasificación y validación de resultados.",Se identificaron patrones y hallazgos pertinentes para comprender phishing.,"Los resultados muestran potencial de aplicación, con limitaciones relacionadas con cobertura y contexto.",PRG-001,2024,comportamiento de usuarios;phishing;clasificación,APPROVED,repo://thesis/331,de Sistemas,phishing,synthetic institutional data
THS-332,Análisis de patrones asociados con riesgo humano,"Trabajo de grado que analiza phishing mediante ciberseguridad, considerando su relación con riesgo humano en un contexto universitario o aplicado.",Existe conocimiento disperso sobre phishing y no siempre se comprende su relación con riesgo humano.,Analizar phishing mediante ciberseguridad para producir evidencia sobre riesgo humano.,"Revisión de antecedentes, preparación de datos, ciberseguridad y validación de resultados.",Se identificaron patrones y hallazgos pertinentes para comprender riesgo humano.,"Los resultados muestran potencial de aplicación, con limitaciones relacionadas con cobertura y contexto.",PRG-002,2025,phishing;riesgo humano;ciberseguridad,APPROVED,repo://thesis/332,Electrónica,riesgo humano,synthetic institutional data
THS-333,Caracterización de riesgo humano en relación con behavioral cybersecurity,"Trabajo de grado que analiza riesgo humano mediante modelamiento de comportamiento, considerando su relación con behavioral cybersecurity en un contexto universitario o aplicado.",Existe conocimiento disperso sobre riesgo humano y no siempre se comprende su relación con behavioral cybersecurity.,Analizar riesgo humano mediante modelamiento de comportamiento para producir evidencia sobre behavioral cybersecurity.,"Revisión de antecedentes, preparación de datos, modelamiento de comportamiento y validación de resultados.",Se identificaron patrones y hallazgos pertinentes para comprender behavioral cybersecurity.,"Los resultados muestran potencial de aplicación, con limitaciones relacionadas con cobertura y contexto.",PRG-002,2026,riesgo humano;behavioral cybersecurity;modelamiento de comportamiento,APPROVED,repo://thesis/333,Electrónica,behavioral cybersecurity,synthetic institutional data
THS-334,Evaluación de clasificación para analizar behavioral cybersecurity,"Trabajo de grado que analiza behavioral cybersecurity mediante clasificación, considerando su relación con incidentes en un contexto universitario o aplicado.",Existe conocimiento disperso sobre behavioral cybersecurity y no siempre se comprende su relación con incidentes.,Analizar behavioral cybersecurity mediante clasificación para producir evidencia sobre incidentes.,"Revisión de antecedentes, preparación de datos, clasificación y validación de resultados.",Se identificaron patrones y hallazgos pertinentes para comprender incidentes.,"Los resultados muestran potencial de aplicación, con limitaciones relacionadas con cobertura y contexto.",PRG-002,2017,behavioral cybersecurity;incidentes;clasificación,APPROVED,repo://thesis/334,Electrónica,incidentes,synthetic institutional data
THS-335,Modelo aplicado para el estudio de incidentes,"Trabajo de grado que analiza incidentes mediante ciberseguridad, considerando su relación con comportamiento de usuarios en un contexto universitario o aplicado.",Existe conocimiento disperso sobre incidentes y no siempre se comprende su relación con comportamiento de usuarios.,Analizar incidentes mediante ciberseguridad para producir evidencia sobre comportamiento de usuarios.,"Revisión de antecedentes, preparación de datos, ciberseguridad y validación de resultados.",,"Los resultados muestran potencial de aplicación, con limitaciones relacionadas con cobertura y contexto.",PRG-001,2018,incidentes;comportamiento de usuarios;ciberseguridad,APPROVED,repo://thesis/335,de Sistemas,comportamiento de usuarios,synthetic institutional data
THS-336,Análisis de patrones asociados con phishing,"Trabajo de grado que analiza comportamiento de usuarios mediante modelamiento de comportamiento, considerando su relación con phishing en un contexto universitario o aplicado.",Existe conocimiento disperso sobre comportamiento de usuarios y no siempre se comprende su relación con phishing.,Analizar comportamiento de usuarios mediante modelamiento de comportamiento para producir evidencia sobre phishing.,"Revisión de antecedentes, preparación de datos, modelamiento de comportamiento y validación de resultados.",Se identificaron patrones y hallazgos pertinentes para comprender phishing.,"Los resultados muestran potencial de aplicación, con limitaciones relacionadas con cobertura y contexto.",PRG-003,2019,comportamiento de usuarios;phishing;modelamiento de comportamiento,APPROVED,repo://thesis/336,Industrial,phishing,synthetic institutional data
THS-337,Caracterización de phishing en relación con riesgo humano,"Trabajo de grado que analiza phishing mediante clasificación, considerando su relación con riesgo humano en un contexto universitario o aplicado.",Existe conocimiento disperso sobre phishing y no siempre se comprende su relación con riesgo humano.,Analizar phishing mediante clasificación para producir evidencia sobre riesgo humano.,"Revisión de antecedentes, preparación de datos, clasificación y validación de resultados.",Se identificaron patrones y hallazgos pertinentes para comprender riesgo humano.,"Los resultados muestran potencial de aplicación, con limitaciones relacionadas con cobertura y contexto.",PRG-001,2020,phishing;riesgo humano;clasificación,APPROVED,repo://thesis/337,de Sistemas,riesgo humano,synthetic institutional data
THS-338,Evaluación de ciberseguridad para analizar riesgo humano,"Trabajo de grado que analiza riesgo humano mediante ciberseguridad, considerando su relación con behavioral cybersecurity en un contexto universitario o aplicado.",Existe conocimiento disperso sobre riesgo humano y no siempre se comprende su relación con behavioral cybersecurity.,Analizar riesgo humano mediante ciberseguridad para producir evidencia sobre behavioral cybersecurity.,"Revisión de antecedentes, preparación de datos, ciberseguridad y validación de resultados.",Se identificaron patrones y hallazgos pertinentes para comprender behavioral cybersecurity.,"Los resultados muestran potencial de aplicación, con limitaciones relacionadas con cobertura y contexto.",PRG-003,2021,riesgo humano;behavioral cybersecurity;ciberseguridad,APPROVED,repo://thesis/338,Industrial,behavioral cybersecurity,synthetic institutional data
THS-339,Modelo aplicado para el estudio de behavioral cybersecurity,"Trabajo de grado que analiza behavioral cybersecurity mediante modelamiento de comportamiento, considerando su relación con incidentes en un contexto universitario o aplicado.",Existe conocimiento disperso sobre behavioral cybersecurity y no siempre se comprende su relación con incidentes.,Analizar behavioral cybersecurity mediante modelamiento de comportamiento para producir evidencia sobre incidentes.,"Revisión de antecedentes, preparación de datos, modelamiento de comportamiento y validación de resultados.",Se identificaron patrones y hallazgos pertinentes para comprender incidentes.,"Los resultados muestran potencial de aplicación, con limitaciones relacionadas con cobertura y contexto.",PRG-001,2022,behavioral cybersecurity;incidentes;modelamiento de comportamiento,APPROVED,repo://thesis/339,de Sistemas,incidentes,synthetic institutional data
THS-340,Incidentes and comportamiento de usuarios: a university case study,"This thesis examines incidentes through clasificación, with emphasis on comportamiento de usuarios and evidence available in an institutional context.",Current approaches provide incomplete understanding of incidentes and its implications for comportamiento de usuarios.,Evaluate clasificación for analyzing incidentes in relation to comportamiento de usuarios.,"Data preparation, clasificación, validation and interpretation.",The study identifies patterns and limitations relevant to comportamiento de usuarios.,The approach is useful under defined conditions and requires contextual validation.,PRG-002,2023,incidentes;comportamiento de usuarios;clasificación,APPROVED,repo://thesis/340,Electrónica,comportamiento de usuarios,synthetic institutional data
THS-341,Caracterización de producción científica en relación con tendencias de investigación,"Trabajo de grado que analiza producción científica mediante grafos, considerando su relación con tendencias de investigación en un contexto universitario o aplicado.",Existe conocimiento disperso sobre producción científica y no siempre se comprende su relación con tendencias de investigación.,Analizar producción científica mediante grafos para producir evidencia sobre tendencias de investigación.,"Revisión de antecedentes, preparación de datos, grafos y validación de resultados.",Se identificaron patrones y hallazgos pertinentes para comprender tendencias de investigación.,"Los resultados muestran potencial de aplicación, con limitaciones relacionadas con cobertura y contexto.",PRG-017,2025,producción científica;tendencias de investigación;grafos,APPROVED,repo://thesis/341,Física,tendencias de investigación,synthetic institutional data
THS-342,Evaluación de recuperación de información para analizar tendencias de investigación,"Trabajo de grado que analiza tendencias de investigación mediante recuperación de información, considerando su relación con bibliometría en un contexto universitario o aplicado.",Existe conocimiento disperso sobre tendencias de investigación y no siempre se comprende su relación con bibliometría.,Analizar tendencias de investigación mediante recuperación de información para producir evidencia sobre bibliometría.,"Revisión de antecedentes, preparación de datos, recuperación de información y validación de resultados.",Se identificaron patrones y hallazgos pertinentes para comprender bibliometría.,"Los resultados muestran potencial de aplicación, con limitaciones relacionadas con cobertura y contexto.",PRG-016,2026,tendencias de investigación;bibliometría;recuperación de información,APPROVED,repo://thesis/342,Matemáticas Aplicadas,bibliometría,synthetic institutional data
THS-343,Modelo aplicado para el estudio de bibliometría,"Trabajo de grado que analiza bibliometría mediante NLP, considerando su relación con research intelligence en un contexto universitario o aplicado.",Existe conocimiento disperso sobre bibliometría y no siempre se comprende su relación con research intelligence.,Analizar bibliometría mediante NLP para producir evidencia sobre research intelligence.,"Revisión de antecedentes, preparación de datos, NLP y validación de resultados.",Se identificaron patrones y hallazgos pertinentes para comprender research intelligence.,"Los resultados muestran potencial de aplicación, con limitaciones relacionadas con cobertura y contexto.",PRG-017,2017,bibliometría;research intelligence;NLP,APPROVED,repo://thesis/343,Física,research intelligence,synthetic institutional data
THS-344,Análisis de patrones asociados con colaboración,"Trabajo de grado que analiza research intelligence mediante grafos, considerando su relación con colaboración en un contexto universitario o aplicado.",Existe conocimiento disperso sobre research intelligence y no siempre se comprende su relación con colaboración.,Analizar research intelligence mediante grafos para producir evidencia sobre colaboración.,"Revisión de antecedentes, preparación de datos, grafos y validación de resultados.",Se identificaron patrones y hallazgos pertinentes para comprender colaboración.,"Los resultados muestran potencial de aplicación, con limitaciones relacionadas con cobertura y contexto.",PRG-016,2018,research intelligence;colaboración;grafos,APPROVED,repo://thesis/344,Matemáticas Aplicadas,colaboración,synthetic institutional data
THS-345,Caracterización de colaboración en relación con producción científica,"Trabajo de grado que analiza colaboración mediante recuperación de información, considerando su relación con producción científica en un contexto universitario o aplicado.",Existe conocimiento disperso sobre colaboración y no siempre se comprende su relación con producción científica.,Analizar colaboración mediante recuperación de información para producir evidencia sobre producción científica.,"Revisión de antecedentes, preparación de datos, recuperación de información y validación de resultados.",Se identificaron patrones y hallazgos pertinentes para comprender producción científica.,"Los resultados muestran potencial de aplicación, con limitaciones relacionadas con cobertura y contexto.",PRG-017,2019,colaboración;producción científica;recuperación de información,APPROVED,repo://thesis/345,Física,producción científica,synthetic institutional data
THS-346,Evaluación de NLP para analizar producción científica,"Trabajo de grado que analiza producción científica mediante NLP, considerando su relación con tendencias de investigación en un contexto universitario o aplicado.",Existe conocimiento disperso sobre producción científica y no siempre se comprende su relación con tendencias de investigación.,Analizar producción científica mediante NLP para producir evidencia sobre tendencias de investigación.,"Revisión de antecedentes, preparación de datos, NLP y validación de resultados.",Se identificaron patrones y hallazgos pertinentes para comprender tendencias de investigación.,"Los resultados muestran potencial de aplicación, con limitaciones relacionadas con cobertura y contexto.",PRG-018,2020,producción científica;tendencias de investigación;NLP,APPROVED,repo://thesis/346,Ciencia de Datos,tendencias de investigación,synthetic institutional data
THS-347,Modelo aplicado para el estudio de tendencias de investigación,"Trabajo de grado que analiza tendencias de investigación mediante grafos, considerando su relación con bibliometría en un contexto universitario o aplicado.",Existe conocimiento disperso sobre tendencias de investigación y no siempre se comprende su relación con bibliometría.,Analizar tendencias de investigación mediante grafos para producir evidencia sobre bibliometría.,"Revisión de antecedentes, preparación de datos, grafos y validación de resultados.",Se identificaron patrones y hallazgos pertinentes para comprender bibliometría.,"Los resultados muestran potencial de aplicación, con limitaciones relacionadas con cobertura y contexto.",PRG-017,2021,tendencias de investigación;bibliometría;grafos,APPROVED,repo://thesis/347,Física,bibliometría,synthetic institutional data
THS-348,Análisis de patrones asociados con research intelligence,"Trabajo de grado que analiza bibliometría mediante recuperación de información, considerando su relación con research intelligence en un contexto universitario o aplicado.",Existe conocimiento disperso sobre bibliometría y no siempre se comprende su relación con research intelligence.,Analizar bibliometría mediante recuperación de información para producir evidencia sobre research intelligence.,"Revisión de antecedentes, preparación de datos, recuperación de información y validación de resultados.",Se identificaron patrones y hallazgos pertinentes para comprender research intelligence.,"Los resultados muestran potencial de aplicación, con limitaciones relacionadas con cobertura y contexto.",PRG-016,2022,,APPROVED,repo://thesis/348,Matemáticas Aplicadas,research intelligence,synthetic institutional data
THS-349,Caracterización de research intelligence en relación con colaboración,"Trabajo de grado que analiza research intelligence mediante NLP, considerando su relación con colaboración en un contexto universitario o aplicado.",Existe conocimiento disperso sobre research intelligence y no siempre se comprende su relación con colaboración.,Analizar research intelligence mediante NLP para producir evidencia sobre colaboración.,"Revisión de antecedentes, preparación de datos, NLP y validación de resultados.",Se identificaron patrones y hallazgos pertinentes para comprender colaboración.,"Los resultados muestran potencial de aplicación, con limitaciones relacionadas con cobertura y contexto.",PRG-016,2023,research intelligence;colaboración;NLP,APPROVED,repo://thesis/349,Matemáticas Aplicadas,colaboración,synthetic institutional data
THS-350,Colaboración and producción científica: a university case study,"This thesis examines colaboración through grafos, with emphasis on producción científica and evidence available in an institutional context.",Current approaches provide incomplete understanding of colaboración and its implications for producción científica.,Evaluate grafos for analyzing colaboración in relation to producción científica.,"Data preparation, grafos, validation and interpretation.",The study identifies patterns and limitations relevant to producción científica.,The approach is useful under defined conditions and requires contextual validation.,PRG-017,2024,colaboración;producción científica;grafos,APPROVED,repo://thesis/350,Física,producción científica,synthetic institutional data
THS-351,Modelo aplicado para el estudio de producción científica,"Trabajo de grado que analiza producción científica mediante recuperación de información, considerando su relación con tendencias de investigación en un contexto universitario o aplicado.",Existe conocimiento disperso sobre producción científica y no siempre se comprende su relación con tendencias de investigación.,Analizar producción científica mediante recuperación de información para producir evidencia sobre tendencias de investigación.,"Revisión de antecedentes, preparación de datos, recuperación de información y validación de resultados.",Se identificaron patrones y hallazgos pertinentes para comprender tendencias de investigación.,"Los resultados muestran potencial de aplicación, con limitaciones relacionadas con cobertura y contexto.",PRG-016,2025,producción científica;tendencias de investigación;recuperación de información,APPROVED,repo://thesis/351,Matemáticas Aplicadas,tendencias de investigación,synthetic institutional data
THS-352,Análisis de patrones asociados con bibliometría,"Trabajo de grado que analiza tendencias de investigación mediante NLP, considerando su relación con bibliometría en un contexto universitario o aplicado.",Existe conocimiento disperso sobre tendencias de investigación y no siempre se comprende su relación con bibliometría.,Analizar tendencias de investigación mediante NLP para producir evidencia sobre bibliometría.,"Revisión de antecedentes, preparación de datos, NLP y validación de resultados.",Se identificaron patrones y hallazgos pertinentes para comprender bibliometría.,"Los resultados muestran potencial de aplicación, con limitaciones relacionadas con cobertura y contexto.",PRG-016,2026,tendencias de investigación;bibliometría;NLP,APPROVED,repo://thesis/352,Matemáticas Aplicadas,bibliometría,synthetic institutional data
THS-353,Caracterización de bibliometría en relación con research intelligence,"Trabajo de grado que analiza bibliometría mediante grafos, considerando su relación con research intelligence en un contexto universitario o aplicado.",Existe conocimiento disperso sobre bibliometría y no siempre se comprende su relación con research intelligence.,Analizar bibliometría mediante grafos para producir evidencia sobre research intelligence.,"Revisión de antecedentes, preparación de datos, grafos y validación de resultados.",Se identificaron patrones y hallazgos pertinentes para comprender research intelligence.,"Los resultados muestran potencial de aplicación, con limitaciones relacionadas con cobertura y contexto.",PRG-016,2017,bibliometría;research intelligence;grafos,APPROVED,repo://thesis/353,Matemáticas Aplicadas,research intelligence,synthetic institutional data
THS-354,Evaluación de recuperación de información para analizar research intelligence,"Trabajo de grado que analiza research intelligence mediante recuperación de información, considerando su relación con colaboración en un contexto universitario o aplicado.",Existe conocimiento disperso sobre research intelligence y no siempre se comprende su relación con colaboración.,Analizar research intelligence mediante recuperación de información para producir evidencia sobre colaboración.,"Revisión de antecedentes, preparación de datos, recuperación de información y validación de resultados.",Se identificaron patrones y hallazgos pertinentes para comprender colaboración.,"Los resultados muestran potencial de aplicación, con limitaciones relacionadas con cobertura y contexto.",PRG-017,2018,research intelligence;colaboración;recuperación de información,APPROVED,repo://thesis/354,Física,colaboración,synthetic institutional data
THS-355,Modelo aplicado para el estudio de colaboración,"Trabajo de grado que analiza colaboración mediante NLP, considerando su relación con producción científica en un contexto universitario o aplicado.",Existe conocimiento disperso sobre colaboración y no siempre se comprende su relación con producción científica.,Analizar colaboración mediante NLP para producir evidencia sobre producción científica.,"Revisión de antecedentes, preparación de datos, NLP y validación de resultados.",Se identificaron patrones y hallazgos pertinentes para comprender producción científica.,"Los resultados muestran potencial de aplicación, con limitaciones relacionadas con cobertura y contexto.",PRG-018,2019,colaboración;producción científica;NLP,APPROVED,repo://thesis/355,Ciencia de Datos,producción científica,synthetic institutional data
THS-356,Análisis de patrones asociados con tendencias de investigación,"Trabajo de grado que analiza producción científica mediante grafos, considerando su relación con tendencias de investigación en un contexto universitario o aplicado.",Existe conocimiento disperso sobre producción científica y no siempre se comprende su relación con tendencias de investigación.,Analizar producción científica mediante grafos para producir evidencia sobre tendencias de investigación.,"Revisión de antecedentes, preparación de datos, grafos y validación de resultados.",Se identificaron patrones y hallazgos pertinentes para comprender tendencias de investigación.,"Los resultados muestran potencial de aplicación, con limitaciones relacionadas con cobertura y contexto.",PRG-016,2020,producción científica;tendencias de investigación;grafos,APPROVED,repo://thesis/356,Matemáticas Aplicadas,tendencias de investigación,synthetic institutional data
THS-357,Caracterización de tendencias de investigación en relación con bibliometría,"Trabajo de grado que analiza tendencias de investigación mediante recuperación de información, considerando su relación con bibliometría en un contexto universitario o aplicado.",Existe conocimiento disperso sobre tendencias de investigación y no siempre se comprende su relación con bibliometría.,Analizar tendencias de investigación mediante recuperación de información para producir evidencia sobre bibliometría.,"Revisión de antecedentes, preparación de datos, recuperación de información y validación de resultados.",Se identificaron patrones y hallazgos pertinentes para comprender bibliometría.,"Los resultados muestran potencial de aplicación, con limitaciones relacionadas con cobertura y contexto.",PRG-016,2021,tendencias de investigación;bibliometría;recuperación de información,APPROVED,repo://thesis/357,Matemáticas Aplicadas,bibliometría,synthetic institutional data
THS-358,Evaluación de NLP para analizar bibliometría,"Trabajo de grado que analiza bibliometría mediante NLP, considerando su relación con research intelligence en un contexto universitario o aplicado.",Existe conocimiento disperso sobre bibliometría y no siempre se comprende su relación con research intelligence.,Analizar bibliometría mediante NLP para producir evidencia sobre research intelligence.,"Revisión de antecedentes, preparación de datos, NLP y validación de resultados.",Se identificaron patrones y hallazgos pertinentes para comprender research intelligence.,"Los resultados muestran potencial de aplicación, con limitaciones relacionadas con cobertura y contexto.",PRG-018,2022,bibliometría;research intelligence;NLP,APPROVED,repo://thesis/358,Ciencia de Datos,research intelligence,synthetic institutional data
THS-359,Modelo aplicado para el estudio de research intelligence,"Trabajo de grado que analiza research intelligence mediante grafos, considerando su relación con colaboración en un contexto universitario o aplicado.",Existe conocimiento disperso sobre research intelligence y no siempre se comprende su relación con colaboración.,Analizar research intelligence mediante grafos para producir evidencia sobre colaboración.,"Revisión de antecedentes, preparación de datos, grafos y validación de resultados.",Se identificaron patrones y hallazgos pertinentes para comprender colaboración.,"Los resultados muestran potencial de aplicación, con limitaciones relacionadas con cobertura y contexto.",PRG-017,2023,research intelligence;colaboración;grafos,APPROVED,repo://thesis/359,Física,colaboración,synthetic institutional data
THS-360,Colaboración and producción científica: a university case study,"This thesis examines colaboración through recuperación de información, with emphasis on producción científica and evidence available in an institutional context.",Current approaches provide incomplete understanding of colaboración and its implications for producción científica.,Evaluate recuperación de información for analyzing colaboración in relation to producción científica.,"Data preparation, recuperación de información, validation and interpretation.",The study identifies patterns and limitations relevant to producción científica.,The approach is useful under defined conditions and requires contextual validation.,PRG-017,2024,colaboración;producción científica;recuperación de información,APPROVED,repo://thesis/360,Física,producción científica,synthetic institutional data
THS-361,Caracterización de desarrollo territorial en relación con capacidades locales,"Trabajo de grado que analiza desarrollo territorial mediante evaluación de impacto, considerando su relación con capacidades locales en un contexto universitario o aplicado.",Existe conocimiento disperso sobre desarrollo territorial y no siempre se comprende su relación con capacidades locales.,Analizar desarrollo territorial mediante evaluación de impacto para producir evidencia sobre capacidades locales.,"Revisión de antecedentes, preparación de datos, evaluación de impacto y validación de resultados.",Se identificaron patrones y hallazgos pertinentes para comprender capacidades locales.,"Los resultados muestran potencial de aplicación, con limitaciones relacionadas con cobertura y contexto.",PRG-009,2026,desarrollo territorial;capacidades locales;evaluación de impacto,APPROVED,repo://thesis/361,Economía,capacidades locales,synthetic institutional data
THS-362,Evaluación de análisis territorial para analizar capacidades locales,"Trabajo de grado que analiza capacidades locales mediante análisis territorial, considerando su relación con innovación social en un contexto universitario o aplicado.",Existe conocimiento disperso sobre capacidades locales y no siempre se comprende su relación con innovación social.,Analizar capacidades locales mediante análisis territorial para producir evidencia sobre innovación social.,"Revisión de antecedentes, preparación de datos, análisis territorial y validación de resultados.",Se identificaron patrones y hallazgos pertinentes para comprender innovación social.,"Los resultados muestran potencial de aplicación, con limitaciones relacionadas con cobertura y contexto.",PRG-009,2017,capacidades locales;innovación social;análisis territorial,APPROVED,repo://thesis/362,Economía,innovación social,synthetic institutional data
THS-363,Modelo aplicado para el estudio de innovación social,"Trabajo de grado que analiza innovación social mediante analítica socioeconómica, considerando su relación con regional development en un contexto universitario o aplicado.",Existe conocimiento disperso sobre innovación social y no siempre se comprende su relación con regional development.,Analizar innovación social mediante analítica socioeconómica para producir evidencia sobre regional development.,"Revisión de antecedentes, preparación de datos, analítica socioeconómica y validación de resultados.",Se identificaron patrones y hallazgos pertinentes para comprender regional development.,"Los resultados muestran potencial de aplicación, con limitaciones relacionadas con cobertura y contexto.",PRG-008,2018,innovación social;regional development;analítica socioeconómica,APPROVED,repo://thesis/363,Financiera,regional development,synthetic institutional data
THS-364,Análisis de patrones asociados con brechas,"Trabajo de grado que analiza regional development mediante evaluación de impacto, considerando su relación con brechas en un contexto universitario o aplicado.",Existe conocimiento disperso sobre regional development y no siempre se comprende su relación con brechas.,Analizar regional development mediante evaluación de impacto para producir evidencia sobre brechas.,"Revisión de antecedentes, preparación de datos, evaluación de impacto y validación de resultados.",Se identificaron patrones y hallazgos pertinentes para comprender brechas.,"Los resultados muestran potencial de aplicación, con limitaciones relacionadas con cobertura y contexto.",PRG-008,2019,regional development;brechas;evaluación de impacto,APPROVED,repo://thesis/364,Financiera,brechas,synthetic institutional data
THS-365,Caracterización de brechas en relación con desarrollo territorial,"Trabajo de grado que analiza brechas mediante análisis territorial, considerando su relación con desarrollo territorial en un contexto universitario o aplicado.",Existe conocimiento disperso sobre brechas y no siempre se comprende su relación con desarrollo territorial.,Analizar brechas mediante análisis territorial para producir evidencia sobre desarrollo territorial.,"Revisión de antecedentes, preparación de datos, análisis territorial y validación de resultados.",Se identificaron patrones y hallazgos pertinentes para comprender desarrollo territorial.,"Los resultados muestran potencial de aplicación, con limitaciones relacionadas con cobertura y contexto.",PRG-007,2020,brechas;desarrollo territorial;análisis territorial,APPROVED,repo://thesis/365,Administración de Empresas,desarrollo territorial,synthetic institutional data
THS-366,Evaluación de analítica socioeconómica para analizar desarrollo territorial,"Trabajo de grado que analiza desarrollo territorial mediante analítica socioeconómica, considerando su relación con capacidades locales en un contexto universitario o aplicado.",Existe conocimiento disperso sobre desarrollo territorial y no siempre se comprende su relación con capacidades locales.,Analizar desarrollo territorial mediante analítica socioeconómica para producir evidencia sobre capacidades locales.,,Se identificaron patrones y hallazgos pertinentes para comprender capacidades locales.,"Los resultados muestran potencial de aplicación, con limitaciones relacionadas con cobertura y contexto.",PRG-009,2021,desarrollo territorial;capacidades locales;analítica socioeconómica,APPROVED,repo://thesis/366,Economía,capacidades locales,synthetic institutional data
THS-367,Modelo aplicado para el estudio de capacidades locales,"Trabajo de grado que analiza capacidades locales mediante evaluación de impacto, considerando su relación con innovación social en un contexto universitario o aplicado.",Existe conocimiento disperso sobre capacidades locales y no siempre se comprende su relación con innovación social.,Analizar capacidades locales mediante evaluación de impacto para producir evidencia sobre innovación social.,"Revisión de antecedentes, preparación de datos, evaluación de impacto y validación de resultados.",Se identificaron patrones y hallazgos pertinentes para comprender innovación social.,"Los resultados muestran potencial de aplicación, con limitaciones relacionadas con cobertura y contexto.",PRG-009,2022,capacidades locales;innovación social;evaluación de impacto,APPROVED,repo://thesis/367,Economía,innovación social,synthetic institutional data
THS-368,Análisis de patrones asociados con regional development,"Trabajo de grado que analiza innovación social mediante análisis territorial, considerando su relación con regional development en un contexto universitario o aplicado.",Existe conocimiento disperso sobre innovación social y no siempre se comprende su relación con regional development.,Analizar innovación social mediante análisis territorial para producir evidencia sobre regional development.,"Revisión de antecedentes, preparación de datos, análisis territorial y validación de resultados.",Se identificaron patrones y hallazgos pertinentes para comprender regional development.,"Los resultados muestran potencial de aplicación, con limitaciones relacionadas con cobertura y contexto.",PRG-009,2023,innovación social;regional development;análisis territorial,APPROVED,repo://thesis/368,Economía,regional development,synthetic institutional data
THS-369,Caracterización de regional development en relación con brechas,"Trabajo de grado que analiza regional development mediante analítica socioeconómica, considerando su relación con brechas en un contexto universitario o aplicado.",Existe conocimiento disperso sobre regional development y no siempre se comprende su relación con brechas.,Analizar regional development mediante analítica socioeconómica para producir evidencia sobre brechas.,"Revisión de antecedentes, preparación de datos, analítica socioeconómica y validación de resultados.",Se identificaron patrones y hallazgos pertinentes para comprender brechas.,"Los resultados muestran potencial de aplicación, con limitaciones relacionadas con cobertura y contexto.",PRG-009,2024,regional development;brechas;analítica socioeconómica,APPROVED,repo://thesis/369,Economía,brechas,synthetic institutional data
THS-370,Brechas and desarrollo territorial: a university case study,"This thesis examines brechas through evaluación de impacto, with emphasis on desarrollo territorial and evidence available in an institutional context.",Current approaches provide incomplete understanding of brechas and its implications for desarrollo territorial.,Evaluate evaluación de impacto for analyzing brechas in relation to desarrollo territorial.,"Data preparation, evaluación de impacto, validation and interpretation.",The study identifies patterns and limitations relevant to desarrollo territorial.,The approach is useful under defined conditions and requires contextual validation.,PRG-007,2025,brechas;desarrollo territorial;evaluación de impacto,APPROVED,repo://thesis/370,Administración de Empresas,desarrollo territorial,synthetic institutional data
THS-371,Modelo aplicado para el estudio de desarrollo territorial,"Trabajo de grado que analiza desarrollo territorial mediante análisis territorial, considerando su relación con capacidades locales en un contexto universitario o aplicado.",Existe conocimiento disperso sobre desarrollo territorial y no siempre se comprende su relación con capacidades locales.,Analizar desarrollo territorial mediante análisis territorial para producir evidencia sobre capacidades locales.,"Revisión de antecedentes, preparación de datos, análisis territorial y validación de resultados.",Se identificaron patrones y hallazgos pertinentes para comprender capacidades locales.,"Los resultados muestran potencial de aplicación, con limitaciones relacionadas con cobertura y contexto.",PRG-009,2026,desarrollo territorial;capacidades locales;análisis territorial,APPROVED,repo://thesis/371,Economía,capacidades locales,synthetic institutional data
THS-372,Análisis de patrones asociados con innovación social,"Trabajo de grado que analiza capacidades locales mediante analítica socioeconómica, considerando su relación con innovación social en un contexto universitario o aplicado.",Existe conocimiento disperso sobre capacidades locales y no siempre se comprende su relación con innovación social.,Analizar capacidades locales mediante analítica socioeconómica para producir evidencia sobre innovación social.,"Revisión de antecedentes, preparación de datos, analítica socioeconómica y validación de resultados.",Se identificaron patrones y hallazgos pertinentes para comprender innovación social.,"Los resultados muestran potencial de aplicación, con limitaciones relacionadas con cobertura y contexto.",PRG-009,2017,capacidades locales;innovación social;analítica socioeconómica,APPROVED,repo://thesis/372,Economía,innovación social,synthetic institutional data
THS-373,Caracterización de innovación social en relación con regional development,"Trabajo de grado que analiza innovación social mediante evaluación de impacto, considerando su relación con regional development en un contexto universitario o aplicado.",Existe conocimiento disperso sobre innovación social y no siempre se comprende su relación con regional development.,Analizar innovación social mediante evaluación de impacto para producir evidencia sobre regional development.,"Revisión de antecedentes, preparación de datos, evaluación de impacto y validación de resultados.",Se identificaron patrones y hallazgos pertinentes para comprender regional development.,"Los resultados muestran potencial de aplicación, con limitaciones relacionadas con cobertura y contexto.",PRG-007,2018,innovación social;regional development;evaluación de impacto,APPROVED,repo://thesis/373,Administración de Empresas,regional development,synthetic institutional data
THS-374,Evaluación de análisis territorial para analizar regional development,"Trabajo de grado que analiza regional development mediante análisis territorial, considerando su relación con brechas en un contexto universitario o aplicado.",Existe conocimiento disperso sobre regional development y no siempre se comprende su relación con brechas.,Analizar regional development mediante análisis territorial para producir evidencia sobre brechas.,"Revisión de antecedentes, preparación de datos, análisis territorial y validación de resultados.",Se identificaron patrones y hallazgos pertinentes para comprender brechas.,"Los resultados muestran potencial de aplicación, con limitaciones relacionadas con cobertura y contexto.",PRG-008,2019,regional development;brechas;análisis territorial,APPROVED,repo://thesis/374,Financiera,brechas,synthetic institutional data
THS-375,Modelo aplicado para el estudio de brechas,"Trabajo de grado que analiza brechas mediante analítica socioeconómica, considerando su relación con desarrollo territorial en un contexto universitario o aplicado.",Existe conocimiento disperso sobre brechas y no siempre se comprende su relación con desarrollo territorial.,Analizar brechas mediante analítica socioeconómica para producir evidencia sobre desarrollo territorial.,"Revisión de antecedentes, preparación de datos, analítica socioeconómica y validación de resultados.",Se identificaron patrones y hallazgos pertinentes para comprender desarrollo territorial.,"Los resultados muestran potencial de aplicación, con limitaciones relacionadas con cobertura y contexto.",PRG-007,2020,brechas;desarrollo territorial;analítica socioeconómica,APPROVED,repo://thesis/375,Administración de Empresas,desarrollo territorial,synthetic institutional data
THS-376,Análisis de patrones asociados con capacidades locales,"Trabajo de grado que analiza desarrollo territorial mediante evaluación de impacto, considerando su relación con capacidades locales en un contexto universitario o aplicado.",Existe conocimiento disperso sobre desarrollo territorial y no siempre se comprende su relación con capacidades locales.,Analizar desarrollo territorial mediante evaluación de impacto para producir evidencia sobre capacidades locales.,"Revisión de antecedentes, preparación de datos, evaluación de impacto y validación de resultados.",Se identificaron patrones y hallazgos pertinentes para comprender capacidades locales.,"Los resultados muestran potencial de aplicación, con limitaciones relacionadas con cobertura y contexto.",PRG-008,2021,desarrollo territorial;capacidades locales;evaluación de impacto,APPROVED,repo://thesis/376,Financiera,capacidades locales,synthetic institutional data
THS-377,Caracterización de capacidades locales en relación con innovación social,"Trabajo de grado que analiza capacidades locales mediante análisis territorial, considerando su relación con innovación social en un contexto universitario o aplicado.",Existe conocimiento disperso sobre capacidades locales y no siempre se comprende su relación con innovación social.,Analizar capacidades locales mediante análisis territorial para producir evidencia sobre innovación social.,"Revisión de antecedentes, preparación de datos, análisis territorial y validación de resultados.",Se identificaron patrones y hallazgos pertinentes para comprender innovación social.,"Los resultados muestran potencial de aplicación, con limitaciones relacionadas con cobertura y contexto.",PRG-009,2022,,APPROVED,repo://thesis/377,Economía,innovación social,synthetic institutional data
THS-378,Evaluación de analítica socioeconómica para analizar innovación social,"Trabajo de grado que analiza innovación social mediante analítica socioeconómica, considerando su relación con regional development en un contexto universitario o aplicado.",Existe conocimiento disperso sobre innovación social y no siempre se comprende su relación con regional development.,Analizar innovación social mediante analítica socioeconómica para producir evidencia sobre regional development.,"Revisión de antecedentes, preparación de datos, analítica socioeconómica y validación de resultados.",Se identificaron patrones y hallazgos pertinentes para comprender regional development.,"Los resultados muestran potencial de aplicación, con limitaciones relacionadas con cobertura y contexto.",PRG-009,2023,innovación social;regional development;analítica socioeconómica,APPROVED,repo://thesis/378,Economía,regional development,synthetic institutional data
THS-379,Modelo aplicado para el estudio de regional development,"Trabajo de grado que analiza regional development mediante evaluación de impacto, considerando su relación con brechas en un contexto universitario o aplicado.",Existe conocimiento disperso sobre regional development y no siempre se comprende su relación con brechas.,Analizar regional development mediante evaluación de impacto para producir evidencia sobre brechas.,"Revisión de antecedentes, preparación de datos, evaluación de impacto y validación de resultados.",Se identificaron patrones y hallazgos pertinentes para comprender brechas.,"Los resultados muestran potencial de aplicación, con limitaciones relacionadas con cobertura y contexto.",PRG-007,2024,regional development;brechas;evaluación de impacto,APPROVED,repo://thesis/379,Administración de Empresas,brechas,synthetic institutional data
THS-380,Brechas and desarrollo territorial: a university case study,"This thesis examines brechas through análisis territorial, with emphasis on desarrollo territorial and evidence available in an institutional context.",Current approaches provide incomplete understanding of brechas and its implications for desarrollo territorial.,Evaluate análisis territorial for analyzing brechas in relation to desarrollo territorial.,"Data preparation, análisis territorial, validation and interpretation.",The study identifies patterns and limitations relevant to desarrollo territorial.,The approach is useful under defined conditions and requires contextual validation.,PRG-009,2025,brechas;desarrollo territorial;análisis territorial,APPROVED,repo://thesis/380,Economía,desarrollo territorial,synthetic institutional data
THS-381,Caracterización de resiliencia urbana en relación con salud pública,"Trabajo de grado que analiza resiliencia urbana mediante modelamiento de riesgo, considerando su relación con salud pública en un contexto universitario o aplicado.",Existe conocimiento disperso sobre resiliencia urbana y no siempre se comprende su relación con salud pública.,Analizar resiliencia urbana mediante modelamiento de riesgo para producir evidencia sobre salud pública.,"Revisión de antecedentes, preparación de datos, modelamiento de riesgo y validación de resultados.",Se identificaron patrones y hallazgos pertinentes para comprender salud pública.,"Los resultados muestran potencial de aplicación, con limitaciones relacionadas con cobertura y contexto.",PRG-015,2017,resiliencia urbana;salud pública;modelamiento de riesgo,APPROVED,repo://thesis/381,Civil,salud pública,synthetic institutional data
THS-382,Evaluación de integración de datos para analizar salud pública,"Trabajo de grado que analiza salud pública mediante integración de datos, considerando su relación con infraestructura en un contexto universitario o aplicado.",Existe conocimiento disperso sobre salud pública y no siempre se comprende su relación con infraestructura.,Analizar salud pública mediante integración de datos para producir evidencia sobre infraestructura.,"Revisión de antecedentes, preparación de datos, integración de datos y validación de resultados.",Se identificaron patrones y hallazgos pertinentes para comprender infraestructura.,"Los resultados muestran potencial de aplicación, con limitaciones relacionadas con cobertura y contexto.",PRG-014,2018,salud pública;infraestructura;integración de datos,APPROVED,repo://thesis/382,Gestión Ambiental,infraestructura,synthetic institutional data
THS-383,Modelo aplicado para el estudio de infraestructura,"Trabajo de grado que analiza infraestructura mediante analítica interdisciplinaria, considerando su relación con environmental extremes en un contexto universitario o aplicado.",Existe conocimiento disperso sobre infraestructura y no siempre se comprende su relación con environmental extremes.,Analizar infraestructura mediante analítica interdisciplinaria para producir evidencia sobre environmental extremes.,"Revisión de antecedentes, preparación de datos, analítica interdisciplinaria y validación de resultados.",Se identificaron patrones y hallazgos pertinentes para comprender environmental extremes.,"Los resultados muestran potencial de aplicación, con limitaciones relacionadas con cobertura y contexto.",PRG-013,2019,infraestructura;environmental extremes;analítica interdisciplinaria,APPROVED,repo://thesis/383,Ambiental,environmental extremes,synthetic institutional data
THS-384,Análisis de patrones asociados con vulnerabilidad socioeconómica,"Trabajo de grado que analiza environmental extremes mediante modelamiento de riesgo, considerando su relación con vulnerabilidad socioeconómica en un contexto universitario o aplicado.",Existe conocimiento disperso sobre environmental extremes y no siempre se comprende su relación con vulnerabilidad socioeconómica.,Analizar environmental extremes mediante modelamiento de riesgo para producir evidencia sobre vulnerabilidad socioeconómica.,"Revisión de antecedentes, preparación de datos, modelamiento de riesgo y validación de resultados.",Se identificaron patrones y hallazgos pertinentes para comprender vulnerabilidad socioeconómica.,"Los resultados muestran potencial de aplicación, con limitaciones relacionadas con cobertura y contexto.",PRG-013,2020,environmental extremes;vulnerabilidad socioeconómica;modelamiento de riesgo,APPROVED,repo://thesis/384,Ambiental,vulnerabilidad socioeconómica,synthetic institutional data
THS-385,Caracterización de vulnerabilidad socioeconómica en relación con resiliencia urbana,"Trabajo de grado que analiza vulnerabilidad socioeconómica mediante integración de datos, considerando su relación con resiliencia urbana en un contexto universitario o aplicado.",Existe conocimiento disperso sobre vulnerabilidad socioeconómica y no siempre se comprende su relación con resiliencia urbana.,Analizar vulnerabilidad socioeconómica mediante integración de datos para producir evidencia sobre resiliencia urbana.,"Revisión de antecedentes, preparación de datos, integración de datos y validación de resultados.",Se identificaron patrones y hallazgos pertinentes para comprender resiliencia urbana.,"Los resultados muestran potencial de aplicación, con limitaciones relacionadas con cobertura y contexto.",PRG-014,2021,vulnerabilidad socioeconómica;resiliencia urbana;integración de datos,APPROVED,repo://thesis/385,Gestión Ambiental,resiliencia urbana,synthetic institutional data
THS-386,Evaluación de analítica interdisciplinaria para analizar resiliencia urbana,"Trabajo de grado que analiza resiliencia urbana mediante analítica interdisciplinaria, considerando su relación con salud pública en un contexto universitario o aplicado.",Existe conocimiento disperso sobre resiliencia urbana y no siempre se comprende su relación con salud pública.,Analizar resiliencia urbana mediante analítica interdisciplinaria para producir evidencia sobre salud pública.,"Revisión de antecedentes, preparación de datos, analítica interdisciplinaria y validación de resultados.",Se identificaron patrones y hallazgos pertinentes para comprender salud pública.,"Los resultados muestran potencial de aplicación, con limitaciones relacionadas con cobertura y contexto.",PRG-014,2022,resiliencia urbana;salud pública;analítica interdisciplinaria,APPROVED,repo://thesis/386,Gestión Ambiental,salud pública,synthetic institutional data
THS-387,Modelo aplicado para el estudio de salud pública,"Trabajo de grado que analiza salud pública mediante modelamiento de riesgo, considerando su relación con infraestructura en un contexto universitario o aplicado.",Existe conocimiento disperso sobre salud pública y no siempre se comprende su relación con infraestructura.,Analizar salud pública mediante modelamiento de riesgo para producir evidencia sobre infraestructura.,"Revisión de antecedentes, preparación de datos, modelamiento de riesgo y validación de resultados.",Se identificaron patrones y hallazgos pertinentes para comprender infraestructura.,"Los resultados muestran potencial de aplicación, con limitaciones relacionadas con cobertura y contexto.",PRG-013,2023,salud pública;infraestructura;modelamiento de riesgo,APPROVED,repo://thesis/387,Ambiental,infraestructura,synthetic institutional data
THS-388,Análisis de patrones asociados con environmental extremes,"Trabajo de grado que analiza infraestructura mediante integración de datos, considerando su relación con environmental extremes en un contexto universitario o aplicado.",Existe conocimiento disperso sobre infraestructura y no siempre se comprende su relación con environmental extremes.,Analizar infraestructura mediante integración de datos para producir evidencia sobre environmental extremes.,"Revisión de antecedentes, preparación de datos, integración de datos y validación de resultados.",Se identificaron patrones y hallazgos pertinentes para comprender environmental extremes.,"Los resultados muestran potencial de aplicación, con limitaciones relacionadas con cobertura y contexto.",PRG-015,2024,infraestructura;environmental extremes;integración de datos,APPROVED,repo://thesis/388,Civil,environmental extremes,synthetic institutional data
THS-389,Caracterización de environmental extremes en relación con vulnerabilidad socioeconómica,"Trabajo de grado que analiza environmental extremes mediante analítica interdisciplinaria, considerando su relación con vulnerabilidad socioeconómica en un contexto universitario o aplicado.",Existe conocimiento disperso sobre environmental extremes y no siempre se comprende su relación con vulnerabilidad socioeconómica.,Analizar environmental extremes mediante analítica interdisciplinaria para producir evidencia sobre vulnerabilidad socioeconómica.,"Revisión de antecedentes, preparación de datos, analítica interdisciplinaria y validación de resultados.",Se identificaron patrones y hallazgos pertinentes para comprender vulnerabilidad socioeconómica.,"Los resultados muestran potencial de aplicación, con limitaciones relacionadas con cobertura y contexto.",PRG-013,2025,environmental extremes;vulnerabilidad socioeconómica;analítica interdisciplinaria,APPROVED,repo://thesis/389,Ambiental,vulnerabilidad socioeconómica,synthetic institutional data
THS-390,Vulnerabilidad Socioeconómica and resiliencia urbana: a university case study,"This thesis examines vulnerabilidad socioeconómica through modelamiento de riesgo, with emphasis on resiliencia urbana and evidence available in an institutional context.",Current approaches provide incomplete understanding of vulnerabilidad socioeconómica and its implications for resiliencia urbana.,Evaluate modelamiento de riesgo for analyzing vulnerabilidad socioeconómica in relation to resiliencia urbana.,"Data preparation, modelamiento de riesgo, validation and interpretation.",The study identifies patterns and limitations relevant to resiliencia urbana.,The approach is useful under defined conditions and requires contextual validation.,PRG-013,2026,vulnerabilidad socioeconómica;resiliencia urbana;modelamiento de riesgo,APPROVED,repo://thesis/390,Ambiental,resiliencia urbana,synthetic institutional data
THS-391,Modelo aplicado para el estudio de resiliencia urbana,"Trabajo de grado que analiza resiliencia urbana mediante integración de datos, considerando su relación con salud pública en un contexto universitario o aplicado.",Existe conocimiento disperso sobre resiliencia urbana y no siempre se comprende su relación con salud pública.,Analizar resiliencia urbana mediante integración de datos para producir evidencia sobre salud pública.,"Revisión de antecedentes, preparación de datos, integración de datos y validación de resultados.",Se identificaron patrones y hallazgos pertinentes para comprender salud pública.,"Los resultados muestran potencial de aplicación, con limitaciones relacionadas con cobertura y contexto.",PRG-013,2017,resiliencia urbana;salud pública;integración de datos,APPROVED,repo://thesis/391,Ambiental,salud pública,synthetic institutional data
THS-392,Análisis de patrones asociados con infraestructura,"Trabajo de grado que analiza salud pública mediante analítica interdisciplinaria, considerando su relación con infraestructura en un contexto universitario o aplicado.",Existe conocimiento disperso sobre salud pública y no siempre se comprende su relación con infraestructura.,Analizar salud pública mediante analítica interdisciplinaria para producir evidencia sobre infraestructura.,"Revisión de antecedentes, preparación de datos, analítica interdisciplinaria y validación de resultados.",Se identificaron patrones y hallazgos pertinentes para comprender infraestructura.,"Los resultados muestran potencial de aplicación, con limitaciones relacionadas con cobertura y contexto.",PRG-014,2018,salud pública;infraestructura;analítica interdisciplinaria,APPROVED,repo://thesis/392,Gestión Ambiental,infraestructura,synthetic institutional data
THS-393,Caracterización de infraestructura en relación con environmental extremes,"Trabajo de grado que analiza infraestructura mediante modelamiento de riesgo, considerando su relación con environmental extremes en un contexto universitario o aplicado.",Existe conocimiento disperso sobre infraestructura y no siempre se comprende su relación con environmental extremes.,Analizar infraestructura mediante modelamiento de riesgo para producir evidencia sobre environmental extremes.,"Revisión de antecedentes, preparación de datos, modelamiento de riesgo y validación de resultados.",Se identificaron patrones y hallazgos pertinentes para comprender environmental extremes.,"Los resultados muestran potencial de aplicación, con limitaciones relacionadas con cobertura y contexto.",PRG-013,2019,infraestructura;environmental extremes;modelamiento de riesgo,APPROVED,repo://thesis/393,Ambiental,environmental extremes,synthetic institutional data
THS-394,Evaluación de integración de datos para analizar environmental extremes,"Trabajo de grado que analiza environmental extremes mediante integración de datos, considerando su relación con vulnerabilidad socioeconómica en un contexto universitario o aplicado.",Existe conocimiento disperso sobre environmental extremes y no siempre se comprende su relación con vulnerabilidad socioeconómica.,Analizar environmental extremes mediante integración de datos para producir evidencia sobre vulnerabilidad socioeconómica.,"Revisión de antecedentes, preparación de datos, integración de datos y validación de resultados.",Se identificaron patrones y hallazgos pertinentes para comprender vulnerabilidad socioeconómica.,"Los resultados muestran potencial de aplicación, con limitaciones relacionadas con cobertura y contexto.",PRG-015,2020,environmental extremes;vulnerabilidad socioeconómica;integración de datos,APPROVED,repo://thesis/394,Civil,vulnerabilidad socioeconómica,synthetic institutional data
THS-395,Modelo aplicado para el estudio de vulnerabilidad socioeconómica,"Trabajo de grado que analiza vulnerabilidad socioeconómica mediante analítica interdisciplinaria, considerando su relación con resiliencia urbana en un contexto universitario o aplicado.",Existe conocimiento disperso sobre vulnerabilidad socioeconómica y no siempre se comprende su relación con resiliencia urbana.,Analizar vulnerabilidad socioeconómica mediante analítica interdisciplinaria para producir evidencia sobre resiliencia urbana.,"Revisión de antecedentes, preparación de datos, analítica interdisciplinaria y validación de resultados.",Se identificaron patrones y hallazgos pertinentes para comprender resiliencia urbana.,"Los resultados muestran potencial de aplicación, con limitaciones relacionadas con cobertura y contexto.",PRG-015,2021,vulnerabilidad socioeconómica;resiliencia urbana;analítica interdisciplinaria,APPROVED,repo://thesis/395,Civil,resiliencia urbana,synthetic institutional data
THS-396,Análisis de patrones asociados con salud pública,"Trabajo de grado que analiza resiliencia urbana mediante modelamiento de riesgo, considerando su relación con salud pública en un contexto universitario o aplicado.",Existe conocimiento disperso sobre resiliencia urbana y no siempre se comprende su relación con salud pública.,Analizar resiliencia urbana mediante modelamiento de riesgo para producir evidencia sobre salud pública.,"Revisión de antecedentes, preparación de datos, modelamiento de riesgo y validación de resultados.",Se identificaron patrones y hallazgos pertinentes para comprender salud pública.,"Los resultados muestran potencial de aplicación, con limitaciones relacionadas con cobertura y contexto.",PRG-014,2022,resiliencia urbana;salud pública;modelamiento de riesgo,APPROVED,repo://thesis/396,Gestión Ambiental,salud pública,synthetic institutional data
THS-397,Caracterización de salud pública en relación con infraestructura,"Trabajo de grado que analiza salud pública mediante integración de datos, considerando su relación con infraestructura en un contexto universitario o aplicado.",Existe conocimiento disperso sobre salud pública y no siempre se comprende su relación con infraestructura.,Analizar salud pública mediante integración de datos para producir evidencia sobre infraestructura.,"Revisión de antecedentes, preparación de datos, integración de datos y validación de resultados.",Se identificaron patrones y hallazgos pertinentes para comprender infraestructura.,"Los resultados muestran potencial de aplicación, con limitaciones relacionadas con cobertura y contexto.",PRG-015,2023,salud pública;infraestructura;integración de datos,APPROVED,repo://thesis/397,Civil,infraestructura,synthetic institutional data
THS-398,Evaluación de analítica interdisciplinaria para analizar infraestructura,"Trabajo de grado que analiza infraestructura mediante analítica interdisciplinaria, considerando su relación con environmental extremes en un contexto universitario o aplicado.",Existe conocimiento disperso sobre infraestructura y no siempre se comprende su relación con environmental extremes.,Analizar infraestructura mediante analítica interdisciplinaria para producir evidencia sobre environmental extremes.,"Revisión de antecedentes, preparación de datos, analítica interdisciplinaria y validación de resultados.",Se identificaron patrones y hallazgos pertinentes para comprender environmental extremes.,"Los resultados muestran potencial de aplicación, con limitaciones relacionadas con cobertura y contexto.",PRG-014,2024,infraestructura;environmental extremes;analítica interdisciplinaria,APPROVED,repo://thesis/398,Gestión Ambiental,environmental extremes,synthetic institutional data
THS-399,Modelo aplicado para el estudio de environmental extremes,"Trabajo de grado que analiza environmental extremes mediante modelamiento de riesgo, considerando su relación con vulnerabilidad socioeconómica en un contexto universitario o aplicado.",Existe conocimiento disperso sobre environmental extremes y no siempre se comprende su relación con vulnerabilidad socioeconómica.,Analizar environmental extremes mediante modelamiento de riesgo para producir evidencia sobre vulnerabilidad socioeconómica.,"Revisión de antecedentes, preparación de datos, modelamiento de riesgo y validación de resultados.",Se identificaron patrones y hallazgos pertinentes para comprender vulnerabilidad socioeconómica.,"Los resultados muestran potencial de aplicación, con limitaciones relacionadas con cobertura y contexto.",PRG-015,2025,environmental extremes;vulnerabilidad socioeconómica;modelamiento de riesgo,APPROVED,repo://thesis/399,Civil,vulnerabilidad socioeconómica,synthetic institutional data
THS-400,Vulnerabilidad Socioeconómica and resiliencia urbana: a university case study,"This thesis examines vulnerabilidad socioeconómica through integración de datos, with emphasis on resiliencia urbana and evidence available in an institutional context.",Current approaches provide incomplete understanding of vulnerabilidad socioeconómica and its implications for resiliencia urbana.,Evaluate integración de datos for analyzing vulnerabilidad socioeconómica in relation to resiliencia urbana.,"Data preparation, integración de datos, validation and interpretation.",The study identifies patterns and limitations relevant to resiliencia urbana.,The approach is useful under defined conditions and requires contextual validation.,PRG-015,2026,vulnerabilidad socioeconómica;resiliencia urbana;integración de datos,APPROVED,repo://thesis/400,Civil,resiliencia urbana,synthetic institutional data
THS-401,Adopción de plataformas virtuales en Ingeniería de Sistemas,Trabajo de grado sobre adopción de plataformas virtuales con enfoque de análisis estadístico y aplicación contextual.,Se requiere comprender mejor adopción de plataformas virtuales para orientar decisiones en el contexto del programa.,Analizar adopción de plataformas virtuales mediante análisis estadístico.,"Recolección de información, análisis estadístico y análisis de resultados.",Se obtuvieron hallazgos de alcance aplicado y contextual.,"Los resultados son útiles para el contexto estudiado, aunque no implican generalización universal.",PRG-001,2017,adopción de plataformas virtuales;análisis estadístico,APPROVED,repo://thesis/401,de Sistemas,adopción de plataformas virtuales,synthetic institutional data
THS-402,Satisfacción de usuarios en Ingeniería Electrónica,Trabajo de grado sobre satisfacción de usuarios con enfoque de simulación y aplicación contextual.,Se requiere comprender mejor satisfacción de usuarios para orientar decisiones en el contexto del programa.,Analizar satisfacción de usuarios mediante simulación.,"Recolección de información, simulación y análisis de resultados.",,"Los resultados son útiles para el contexto estudiado, aunque no implican generalización universal.",PRG-002,2018,satisfacción de usuarios;simulación,APPROVED,repo://thesis/402,Electrónica,satisfacción de usuarios,synthetic institutional data
THS-403,Gestión de inventarios en Ingeniería Industrial,Trabajo de grado sobre gestión de inventarios con enfoque de prototipo funcional y aplicación contextual.,Se requiere comprender mejor gestión de inventarios para orientar decisiones en el contexto del programa.,Analizar gestión de inventarios mediante prototipo funcional.,"Recolección de información, prototipo funcional y análisis de resultados.",Se obtuvieron hallazgos de alcance aplicado y contextual.,"Los resultados son útiles para el contexto estudiado, aunque no implican generalización universal.",PRG-003,2019,gestión de inventarios;prototipo funcional,APPROVED,repo://thesis/403,Industrial,gestión de inventarios,synthetic institutional data
THS-404,Automatización administrativa en Medicina,Trabajo de grado sobre automatización administrativa con enfoque de análisis estadístico y aplicación contextual.,Se requiere comprender mejor automatización administrativa para orientar decisiones en el contexto del programa.,Analizar automatización administrativa mediante análisis estadístico.,"Recolección de información, análisis estadístico y análisis de resultados.",Se obtuvieron hallazgos de alcance aplicado y contextual.,"Los resultados son útiles para el contexto estudiado, aunque no implican generalización universal.",PRG-004,2020,automatización administrativa;análisis estadístico,APPROVED,repo://thesis/404,Medicina,automatización administrativa,synthetic institutional data
THS-405,Calidad de servicio en Enfermería,Trabajo de grado sobre calidad de servicio con enfoque de estudio de caso y aplicación contextual.,Se requiere comprender mejor calidad de servicio para orientar decisiones en el contexto del programa.,Analizar calidad de servicio mediante estudio de caso.,"Recolección de información, estudio de caso y análisis de resultados.",Se obtuvieron hallazgos de alcance aplicado y contextual.,"Los resultados son útiles para el contexto estudiado, aunque no implican generalización universal.",PRG-005,2021,calidad de servicio;estudio de caso,APPROVED,repo://thesis/405,Enfermería,calidad de servicio,synthetic institutional data
THS-406,Economía circular en Seguridad y Salud en el Trabajo,Trabajo de grado sobre economía circular con enfoque de análisis estadístico y aplicación contextual.,Se requiere comprender mejor economía circular para orientar decisiones en el contexto del programa.,Analizar economía circular mediante análisis estadístico.,"Recolección de información, análisis estadístico y análisis de resultados.",Se obtuvieron hallazgos de alcance aplicado y contextual.,"Los resultados son útiles para el contexto estudiado, aunque no implican generalización universal.",PRG-006,2022,,APPROVED,repo://thesis/406,Seguridad y Salud en el Trabajo,economía circular,synthetic institutional data
THS-407,Gestión de residuos en Administración de Empresas,Trabajo de grado sobre gestión de residuos con enfoque de estudio de caso y aplicación contextual.,Se requiere comprender mejor gestión de residuos para orientar decisiones en el contexto del programa.,Analizar gestión de residuos mediante estudio de caso.,"Recolección de información, estudio de caso y análisis de resultados.",Se obtuvieron hallazgos de alcance aplicado y contextual.,"Los resultados son útiles para el contexto estudiado, aunque no implican generalización universal.",PRG-007,2023,gestión de residuos;estudio de caso,APPROVED,repo://thesis/407,Administración de Empresas,gestión de residuos,synthetic institutional data
THS-408,Planeación financiera en Ingeniería Financiera,Trabajo de grado sobre planeación financiera con enfoque de estudio descriptivo y aplicación contextual.,Se requiere comprender mejor planeación financiera para orientar decisiones en el contexto del programa.,Analizar planeación financiera mediante estudio descriptivo.,"Recolección de información, estudio descriptivo y análisis de resultados.",Se obtuvieron hallazgos de alcance aplicado y contextual.,"Los resultados son útiles para el contexto estudiado, aunque no implican generalización universal.",PRG-008,2024,planeación financiera;estudio descriptivo,APPROVED,repo://thesis/408,Financiera,planeación financiera,synthetic institutional data
THS-409,Experiencia del paciente en Economía,Trabajo de grado sobre experiencia del paciente con enfoque de prototipo funcional y aplicación contextual.,Se requiere comprender mejor experiencia del paciente para orientar decisiones en el contexto del programa.,Analizar experiencia del paciente mediante prototipo funcional.,"Recolección de información, prototipo funcional y análisis de resultados.",Se obtuvieron hallazgos de alcance aplicado y contextual.,"Los resultados son útiles para el contexto estudiado, aunque no implican generalización universal.",PRG-009,2025,experiencia del paciente;prototipo funcional,APPROVED,repo://thesis/409,Economía,experiencia del paciente,synthetic institutional data
THS-410,Usabilidad de aplicaciones en Licenciatura en Tecnología e Informática,Trabajo de grado sobre usabilidad de aplicaciones con enfoque de estudio de caso y aplicación contextual.,Se requiere comprender mejor usabilidad de aplicaciones para orientar decisiones en el contexto del programa.,Analizar usabilidad de aplicaciones mediante estudio de caso.,"Recolección de información, estudio de caso y análisis de resultados.",Se obtuvieron hallazgos de alcance aplicado y contextual.,"Los resultados son útiles para el contexto estudiado, aunque no implican generalización universal.",PRG-010,2026,usabilidad de aplicaciones;estudio de caso,APPROVED,repo://thesis/410,Licenciatura en Tecnología e Informática,usabilidad de aplicaciones,synthetic institutional data
THS-411,Movilidad sostenible en Psicología,Trabajo de grado sobre movilidad sostenible con enfoque de revisión aplicada y aplicación contextual.,Se requiere comprender mejor movilidad sostenible para orientar decisiones en el contexto del programa.,Analizar movilidad sostenible mediante revisión aplicada.,"Recolección de información, revisión aplicada y análisis de resultados.",Se obtuvieron hallazgos de alcance aplicado y contextual.,"Los resultados son útiles para el contexto estudiado, aunque no implican generalización universal.",PRG-011,2017,movilidad sostenible;revisión aplicada,APPROVED,repo://thesis/411,Psicología,movilidad sostenible,synthetic institutional data
THS-412,Competencias digitales en Ciencias de la Educación,Trabajo de grado sobre competencias digitales con enfoque de estudio de caso y aplicación contextual.,Se requiere comprender mejor competencias digitales para orientar decisiones en el contexto del programa.,Analizar competencias digitales mediante estudio de caso.,"Recolección de información, estudio de caso y análisis de resultados.",Se obtuvieron hallazgos de alcance aplicado y contextual.,"Los resultados son útiles para el contexto estudiado, aunque no implican generalización universal.",PRG-012,2018,competencias digitales;estudio de caso,APPROVED,repo://thesis/412,Ciencias de la Educación,competencias digitales,synthetic institutional data
THS-413,Clima organizacional en Ingeniería Ambiental,Trabajo de grado sobre clima organizacional con enfoque de estudio de caso y aplicación contextual.,Se requiere comprender mejor clima organizacional para orientar decisiones en el contexto del programa.,Analizar clima organizacional mediante estudio de caso.,"Recolección de información, estudio de caso y análisis de resultados.",Se obtuvieron hallazgos de alcance aplicado y contextual.,"Los resultados son útiles para el contexto estudiado, aunque no implican generalización universal.",PRG-013,2019,clima organizacional;estudio de caso,APPROVED,repo://thesis/413,Ambiental,clima organizacional,synthetic institutional data
THS-414,Eficiencia de procesos en Gestión Ambiental,Trabajo de grado sobre eficiencia de procesos con enfoque de estudio descriptivo y aplicación contextual.,Se requiere comprender mejor eficiencia de procesos para orientar decisiones en el contexto del programa.,Analizar eficiencia de procesos mediante estudio descriptivo.,"Recolección de información, estudio descriptivo y análisis de resultados.",Se obtuvieron hallazgos de alcance aplicado y contextual.,"Los resultados son útiles para el contexto estudiado, aunque no implican generalización universal.",PRG-014,2020,eficiencia de procesos;estudio descriptivo,APPROVED,repo://thesis/414,Gestión Ambiental,eficiencia de procesos,synthetic institutional data
THS-415,Visualización de indicadores en Ingeniería Civil,Trabajo de grado sobre visualización de indicadores con enfoque de estudio descriptivo y aplicación contextual.,Se requiere comprender mejor visualización de indicadores para orientar decisiones en el contexto del programa.,Analizar visualización de indicadores mediante estudio descriptivo.,"Recolección de información, estudio descriptivo y análisis de resultados.",Se obtuvieron hallazgos de alcance aplicado y contextual.,"Los resultados son útiles para el contexto estudiado, aunque no implican generalización universal.",PRG-015,2021,visualización de indicadores;estudio descriptivo,APPROVED,repo://thesis/415,Civil,visualización de indicadores,synthetic institutional data
THS-416,Gestión del conocimiento en Matemáticas Aplicadas,Trabajo de grado sobre gestión del conocimiento con enfoque de prototipo funcional y aplicación contextual.,Se requiere comprender mejor gestión del conocimiento para orientar decisiones en el contexto del programa.,Analizar gestión del conocimiento mediante prototipo funcional.,"Recolección de información, prototipo funcional y análisis de resultados.",Se obtuvieron hallazgos de alcance aplicado y contextual.,"Los resultados son útiles para el contexto estudiado, aunque no implican generalización universal.",PRG-016,2022,gestión del conocimiento;prototipo funcional,APPROVED,repo://thesis/416,Matemáticas Aplicadas,gestión del conocimiento,synthetic institutional data
THS-417,Modelamiento de demanda en Física,Trabajo de grado sobre modelamiento de demanda con enfoque de estudio descriptivo y aplicación contextual.,Se requiere comprender mejor modelamiento de demanda para orientar decisiones en el contexto del programa.,Analizar modelamiento de demanda mediante estudio descriptivo.,"Recolección de información, estudio descriptivo y análisis de resultados.",Se obtuvieron hallazgos de alcance aplicado y contextual.,"Los resultados son útiles para el contexto estudiado, aunque no implican generalización universal.",PRG-017,2023,modelamiento de demanda;estudio descriptivo,APPROVED,repo://thesis/417,Física,modelamiento de demanda,synthetic institutional data
THS-418,Diseño de prototipos en Ciencia de Datos,Trabajo de grado sobre diseño de prototipos con enfoque de prototipo funcional y aplicación contextual.,Se requiere comprender mejor diseño de prototipos para orientar decisiones en el contexto del programa.,Analizar diseño de prototipos mediante prototipo funcional.,"Recolección de información, prototipo funcional y análisis de resultados.",Se obtuvieron hallazgos de alcance aplicado y contextual.,"Los resultados son útiles para el contexto estudiado, aunque no implican generalización universal.",PRG-018,2024,diseño de prototipos;prototipo funcional,APPROVED,repo://thesis/418,Ciencia de Datos,diseño de prototipos,synthetic institutional data
THS-419,Análisis de percepción en Ingeniería de Sistemas,Trabajo de grado sobre análisis de percepción con enfoque de revisión aplicada y aplicación contextual.,Se requiere comprender mejor análisis de percepción para orientar decisiones en el contexto del programa.,Analizar análisis de percepción mediante revisión aplicada.,"Recolección de información, revisión aplicada y análisis de resultados.",Se obtuvieron hallazgos de alcance aplicado y contextual.,"Los resultados son útiles para el contexto estudiado, aunque no implican generalización universal.",PRG-001,2025,análisis de percepción;revisión aplicada,APPROVED,repo://thesis/419,de Sistemas,análisis de percepción,synthetic institutional data
THS-420,Gestión de proyectos en Ingeniería Electrónica,Trabajo de grado sobre gestión de proyectos con enfoque de estudio de caso y aplicación contextual.,Se requiere comprender mejor gestión de proyectos para orientar decisiones en el contexto del programa.,Analizar gestión de proyectos mediante estudio de caso.,"Recolección de información, estudio de caso y análisis de resultados.",Se obtuvieron hallazgos de alcance aplicado y contextual.,"Los resultados son útiles para el contexto estudiado, aunque no implican generalización universal.",PRG-002,2026,gestión de proyectos;estudio de caso,APPROVED,repo://thesis/420,Electrónica,gestión de proyectos,synthetic institutional data
THS-421,Calidad de datos en Ingeniería Industrial,Trabajo de grado sobre calidad de datos con enfoque de revisión aplicada y aplicación contextual.,Se requiere comprender mejor calidad de datos para orientar decisiones en el contexto del programa.,Analizar calidad de datos mediante revisión aplicada.,"Recolección de información, revisión aplicada y análisis de resultados.",Se obtuvieron hallazgos de alcance aplicado y contextual.,"Los resultados son útiles para el contexto estudiado, aunque no implican generalización universal.",PRG-003,2017,calidad de datos;revisión aplicada,APPROVED,repo://thesis/421,Industrial,calidad de datos,synthetic institutional data
THS-422,Innovación empresarial en Medicina,Trabajo de grado sobre innovación empresarial con enfoque de revisión aplicada y aplicación contextual.,Se requiere comprender mejor innovación empresarial para orientar decisiones en el contexto del programa.,Analizar innovación empresarial mediante revisión aplicada.,"Recolección de información, revisión aplicada y análisis de resultados.",Se obtuvieron hallazgos de alcance aplicado y contextual.,"Los resultados son útiles para el contexto estudiado, aunque no implican generalización universal.",PRG-004,2018,innovación empresarial;revisión aplicada,APPROVED,repo://thesis/422,Medicina,innovación empresarial,synthetic institutional data
THS-423,Sostenibilidad operativa en Enfermería,Trabajo de grado sobre sostenibilidad operativa con enfoque de estudio de caso y aplicación contextual.,Se requiere comprender mejor sostenibilidad operativa para orientar decisiones en el contexto del programa.,Analizar sostenibilidad operativa mediante estudio de caso.,"Recolección de información, estudio de caso y análisis de resultados.",Se obtuvieron hallazgos de alcance aplicado y contextual.,"Los resultados son útiles para el contexto estudiado, aunque no implican generalización universal.",PRG-005,2019,sostenibilidad operativa;estudio de caso,APPROVED,repo://thesis/423,Enfermería,sostenibilidad operativa,synthetic institutional data
THS-424,Interoperabilidad en Seguridad y Salud en el Trabajo,Trabajo de grado sobre interoperabilidad con enfoque de análisis estadístico y aplicación contextual.,Se requiere comprender mejor interoperabilidad para orientar decisiones en el contexto del programa.,Analizar interoperabilidad mediante análisis estadístico.,"Recolección de información, análisis estadístico y análisis de resultados.",Se obtuvieron hallazgos de alcance aplicado y contextual.,"Los resultados son útiles para el contexto estudiado, aunque no implican generalización universal.",PRG-006,2020,interoperabilidad;análisis estadístico,APPROVED,repo://thesis/424,Seguridad y Salud en el Trabajo,interoperabilidad,synthetic institutional data
THS-425,Adopción de plataformas virtuales en Administración de Empresas,Trabajo de grado sobre adopción de plataformas virtuales con enfoque de simulación y aplicación contextual.,Se requiere comprender mejor adopción de plataformas virtuales para orientar decisiones en el contexto del programa.,Analizar adopción de plataformas virtuales mediante simulación.,"Recolección de información, simulación y análisis de resultados.",Se obtuvieron hallazgos de alcance aplicado y contextual.,"Los resultados son útiles para el contexto estudiado, aunque no implican generalización universal.",PRG-007,2021,adopción de plataformas virtuales;simulación,APPROVED,repo://thesis/425,Administración de Empresas,adopción de plataformas virtuales,synthetic institutional data
THS-426,Satisfacción de usuarios en Ingeniería Financiera,Trabajo de grado sobre satisfacción de usuarios con enfoque de análisis estadístico y aplicación contextual.,Se requiere comprender mejor satisfacción de usuarios para orientar decisiones en el contexto del programa.,Analizar satisfacción de usuarios mediante análisis estadístico.,"Recolección de información, análisis estadístico y análisis de resultados.",Se obtuvieron hallazgos de alcance aplicado y contextual.,"Los resultados son útiles para el contexto estudiado, aunque no implican generalización universal.",PRG-008,2022,satisfacción de usuarios;análisis estadístico,APPROVED,repo://thesis/426,Financiera,satisfacción de usuarios,synthetic institutional data
THS-427,Gestión de inventarios en Economía,Trabajo de grado sobre gestión de inventarios con enfoque de análisis estadístico y aplicación contextual.,Se requiere comprender mejor gestión de inventarios para orientar decisiones en el contexto del programa.,Analizar gestión de inventarios mediante análisis estadístico.,,Se obtuvieron hallazgos de alcance aplicado y contextual.,"Los resultados son útiles para el contexto estudiado, aunque no implican generalización universal.",PRG-009,2023,gestión de inventarios;análisis estadístico,APPROVED,repo://thesis/427,Economía,gestión de inventarios,synthetic institutional data
THS-428,Automatización administrativa en Licenciatura en Tecnología e Informática,Trabajo de grado sobre automatización administrativa con enfoque de análisis estadístico y aplicación contextual.,Se requiere comprender mejor automatización administrativa para orientar decisiones en el contexto del programa.,Analizar automatización administrativa mediante análisis estadístico.,"Recolección de información, análisis estadístico y análisis de resultados.",Se obtuvieron hallazgos de alcance aplicado y contextual.,"Los resultados son útiles para el contexto estudiado, aunque no implican generalización universal.",PRG-010,2024,automatización administrativa;análisis estadístico,APPROVED,repo://thesis/428,Licenciatura en Tecnología e Informática,automatización administrativa,synthetic institutional data
THS-429,Calidad de servicio en Psicología,Trabajo de grado sobre calidad de servicio con enfoque de simulación y aplicación contextual.,Se requiere comprender mejor calidad de servicio para orientar decisiones en el contexto del programa.,Analizar calidad de servicio mediante simulación.,"Recolección de información, simulación y análisis de resultados.",Se obtuvieron hallazgos de alcance aplicado y contextual.,"Los resultados son útiles para el contexto estudiado, aunque no implican generalización universal.",PRG-011,2025,calidad de servicio;simulación,APPROVED,repo://thesis/429,Psicología,calidad de servicio,synthetic institutional data
THS-430,Economía circular en Ciencias de la Educación,Trabajo de grado sobre economía circular con enfoque de prototipo funcional y aplicación contextual.,Se requiere comprender mejor economía circular para orientar decisiones en el contexto del programa.,Analizar economía circular mediante prototipo funcional.,"Recolección de información, prototipo funcional y análisis de resultados.",Se obtuvieron hallazgos de alcance aplicado y contextual.,"Los resultados son útiles para el contexto estudiado, aunque no implican generalización universal.",PRG-012,2026,economía circular;prototipo funcional,APPROVED,repo://thesis/430,Ciencias de la Educación,economía circular,synthetic institutional data
THS-431,Gestión de residuos en Ingeniería Ambiental,Trabajo de grado sobre gestión de residuos con enfoque de estudio descriptivo y aplicación contextual.,Se requiere comprender mejor gestión de residuos para orientar decisiones en el contexto del programa.,Analizar gestión de residuos mediante estudio descriptivo.,"Recolección de información, estudio descriptivo y análisis de resultados.",Se obtuvieron hallazgos de alcance aplicado y contextual.,"Los resultados son útiles para el contexto estudiado, aunque no implican generalización universal.",PRG-013,2017,gestión de residuos;estudio descriptivo,APPROVED,repo://thesis/431,Ambiental,gestión de residuos,synthetic institutional data
THS-432,Planeación financiera en Gestión Ambiental,Trabajo de grado sobre planeación financiera con enfoque de simulación y aplicación contextual.,Se requiere comprender mejor planeación financiera para orientar decisiones en el contexto del programa.,Analizar planeación financiera mediante simulación.,"Recolección de información, simulación y análisis de resultados.",Se obtuvieron hallazgos de alcance aplicado y contextual.,"Los resultados son útiles para el contexto estudiado, aunque no implican generalización universal.",PRG-014,2018,planeación financiera;simulación,APPROVED,repo://thesis/432,Gestión Ambiental,planeación financiera,synthetic institutional data
THS-433,Experiencia del paciente en Ingeniería Civil,Trabajo de grado sobre experiencia del paciente con enfoque de revisión aplicada y aplicación contextual.,Se requiere comprender mejor experiencia del paciente para orientar decisiones en el contexto del programa.,Analizar experiencia del paciente mediante revisión aplicada.,"Recolección de información, revisión aplicada y análisis de resultados.",Se obtuvieron hallazgos de alcance aplicado y contextual.,"Los resultados son útiles para el contexto estudiado, aunque no implican generalización universal.",PRG-015,2019,experiencia del paciente;revisión aplicada,APPROVED,repo://thesis/433,Civil,experiencia del paciente,synthetic institutional data
THS-434,Usabilidad de aplicaciones en Matemáticas Aplicadas,Trabajo de grado sobre usabilidad de aplicaciones con enfoque de estudio descriptivo y aplicación contextual.,Se requiere comprender mejor usabilidad de aplicaciones para orientar decisiones en el contexto del programa.,Analizar usabilidad de aplicaciones mediante estudio descriptivo.,"Recolección de información, estudio descriptivo y análisis de resultados.",Se obtuvieron hallazgos de alcance aplicado y contextual.,"Los resultados son útiles para el contexto estudiado, aunque no implican generalización universal.",PRG-016,2020,usabilidad de aplicaciones;estudio descriptivo,APPROVED,repo://thesis/434,Matemáticas Aplicadas,usabilidad de aplicaciones,synthetic institutional data
THS-435,Movilidad sostenible en Física,Trabajo de grado sobre movilidad sostenible con enfoque de prototipo funcional y aplicación contextual.,Se requiere comprender mejor movilidad sostenible para orientar decisiones en el contexto del programa.,Analizar movilidad sostenible mediante prototipo funcional.,"Recolección de información, prototipo funcional y análisis de resultados.",Se obtuvieron hallazgos de alcance aplicado y contextual.,"Los resultados son útiles para el contexto estudiado, aunque no implican generalización universal.",PRG-017,2021,,APPROVED,repo://thesis/435,Física,movilidad sostenible,synthetic institutional data
THS-436,Competencias digitales en Ciencia de Datos,Trabajo de grado sobre competencias digitales con enfoque de prototipo funcional y aplicación contextual.,Se requiere comprender mejor competencias digitales para orientar decisiones en el contexto del programa.,Analizar competencias digitales mediante prototipo funcional.,"Recolección de información, prototipo funcional y análisis de resultados.",Se obtuvieron hallazgos de alcance aplicado y contextual.,"Los resultados son útiles para el contexto estudiado, aunque no implican generalización universal.",PRG-018,2022,competencias digitales;prototipo funcional,APPROVED,repo://thesis/436,Ciencia de Datos,competencias digitales,synthetic institutional data
THS-437,Clima organizacional en Ingeniería de Sistemas,Trabajo de grado sobre clima organizacional con enfoque de análisis estadístico y aplicación contextual.,Se requiere comprender mejor clima organizacional para orientar decisiones en el contexto del programa.,Analizar clima organizacional mediante análisis estadístico.,"Recolección de información, análisis estadístico y análisis de resultados.",Se obtuvieron hallazgos de alcance aplicado y contextual.,"Los resultados son útiles para el contexto estudiado, aunque no implican generalización universal.",PRG-001,2023,clima organizacional;análisis estadístico,APPROVED,repo://thesis/437,de Sistemas,clima organizacional,synthetic institutional data
THS-438,Eficiencia de procesos en Ingeniería Electrónica,Trabajo de grado sobre eficiencia de procesos con enfoque de simulación y aplicación contextual.,Se requiere comprender mejor eficiencia de procesos para orientar decisiones en el contexto del programa.,Analizar eficiencia de procesos mediante simulación.,"Recolección de información, simulación y análisis de resultados.",Se obtuvieron hallazgos de alcance aplicado y contextual.,"Los resultados son útiles para el contexto estudiado, aunque no implican generalización universal.",PRG-002,2024,eficiencia de procesos;simulación,APPROVED,repo://thesis/438,Electrónica,eficiencia de procesos,synthetic institutional data
THS-439,Visualización de indicadores en Ingeniería Industrial,Trabajo de grado sobre visualización de indicadores con enfoque de simulación y aplicación contextual.,Se requiere comprender mejor visualización de indicadores para orientar decisiones en el contexto del programa.,Analizar visualización de indicadores mediante simulación.,"Recolección de información, simulación y análisis de resultados.",Se obtuvieron hallazgos de alcance aplicado y contextual.,"Los resultados son útiles para el contexto estudiado, aunque no implican generalización universal.",PRG-003,2025,visualización de indicadores;simulación,APPROVED,repo://thesis/439,Industrial,visualización de indicadores,synthetic institutional data
THS-440,Gestión del conocimiento en Medicina,Trabajo de grado sobre gestión del conocimiento con enfoque de estudio descriptivo y aplicación contextual.,Se requiere comprender mejor gestión del conocimiento para orientar decisiones en el contexto del programa.,Analizar gestión del conocimiento mediante estudio descriptivo.,"Recolección de información, estudio descriptivo y análisis de resultados.",Se obtuvieron hallazgos de alcance aplicado y contextual.,"Los resultados son útiles para el contexto estudiado, aunque no implican generalización universal.",PRG-004,2026,gestión del conocimiento;estudio descriptivo,APPROVED,repo://thesis/440,Medicina,gestión del conocimiento,synthetic institutional data
THS-441,Modelamiento de demanda en Enfermería,Trabajo de grado sobre modelamiento de demanda con enfoque de análisis estadístico y aplicación contextual.,Se requiere comprender mejor modelamiento de demanda para orientar decisiones en el contexto del programa.,Analizar modelamiento de demanda mediante análisis estadístico.,"Recolección de información, análisis estadístico y análisis de resultados.",Se obtuvieron hallazgos de alcance aplicado y contextual.,"Los resultados son útiles para el contexto estudiado, aunque no implican generalización universal.",PRG-005,2017,modelamiento de demanda;análisis estadístico,APPROVED,repo://thesis/441,Enfermería,modelamiento de demanda,synthetic institutional data
THS-442,Diseño de prototipos en Seguridad y Salud en el Trabajo,Trabajo de grado sobre diseño de prototipos con enfoque de estudio de caso y aplicación contextual.,Se requiere comprender mejor diseño de prototipos para orientar decisiones en el contexto del programa.,Analizar diseño de prototipos mediante estudio de caso.,"Recolección de información, estudio de caso y análisis de resultados.",Se obtuvieron hallazgos de alcance aplicado y contextual.,"Los resultados son útiles para el contexto estudiado, aunque no implican generalización universal.",PRG-006,2018,diseño de prototipos;estudio de caso,APPROVED,repo://thesis/442,Seguridad y Salud en el Trabajo,diseño de prototipos,synthetic institutional data
THS-443,Análisis de percepción en Administración de Empresas,Trabajo de grado sobre análisis de percepción con enfoque de estudio descriptivo y aplicación contextual.,Se requiere comprender mejor análisis de percepción para orientar decisiones en el contexto del programa.,Analizar análisis de percepción mediante estudio descriptivo.,"Recolección de información, estudio descriptivo y análisis de resultados.",Se obtuvieron hallazgos de alcance aplicado y contextual.,"Los resultados son útiles para el contexto estudiado, aunque no implican generalización universal.",PRG-007,2019,análisis de percepción;estudio descriptivo,APPROVED,repo://thesis/443,Administración de Empresas,análisis de percepción,synthetic institutional data
THS-444,Gestión de proyectos en Ingeniería Financiera,Trabajo de grado sobre gestión de proyectos con enfoque de estudio descriptivo y aplicación contextual.,Se requiere comprender mejor gestión de proyectos para orientar decisiones en el contexto del programa.,Analizar gestión de proyectos mediante estudio descriptivo.,"Recolección de información, estudio descriptivo y análisis de resultados.",Se obtuvieron hallazgos de alcance aplicado y contextual.,"Los resultados son útiles para el contexto estudiado, aunque no implican generalización universal.",PRG-008,2020,gestión de proyectos;estudio descriptivo,APPROVED,repo://thesis/444,Financiera,gestión de proyectos,synthetic institutional data
THS-445,Calidad de datos en Economía,Trabajo de grado sobre calidad de datos con enfoque de estudio descriptivo y aplicación contextual.,Se requiere comprender mejor calidad de datos para orientar decisiones en el contexto del programa.,Analizar calidad de datos mediante estudio descriptivo.,"Recolección de información, estudio descriptivo y análisis de resultados.",Se obtuvieron hallazgos de alcance aplicado y contextual.,"Los resultados son útiles para el contexto estudiado, aunque no implican generalización universal.",PRG-009,2021,calidad de datos;estudio descriptivo,APPROVED,repo://thesis/445,Economía,calidad de datos,synthetic institutional data
THS-446,Innovación empresarial en Licenciatura en Tecnología e Informática,Trabajo de grado sobre innovación empresarial con enfoque de simulación y aplicación contextual.,Se requiere comprender mejor innovación empresarial para orientar decisiones en el contexto del programa.,Analizar innovación empresarial mediante simulación.,"Recolección de información, simulación y análisis de resultados.",Se obtuvieron hallazgos de alcance aplicado y contextual.,"Los resultados son útiles para el contexto estudiado, aunque no implican generalización universal.",PRG-010,2022,innovación empresarial;simulación,APPROVED,repo://thesis/446,Licenciatura en Tecnología e Informática,innovación empresarial,synthetic institutional data
THS-447,Sostenibilidad operativa en Psicología,Trabajo de grado sobre sostenibilidad operativa con enfoque de prototipo funcional y aplicación contextual.,Se requiere comprender mejor sostenibilidad operativa para orientar decisiones en el contexto del programa.,Analizar sostenibilidad operativa mediante prototipo funcional.,"Recolección de información, prototipo funcional y análisis de resultados.",Se obtuvieron hallazgos de alcance aplicado y contextual.,"Los resultados son útiles para el contexto estudiado, aunque no implican generalización universal.",PRG-011,2023,sostenibilidad operativa;prototipo funcional,APPROVED,repo://thesis/447,Psicología,sostenibilidad operativa,synthetic institutional data
THS-448,Interoperabilidad en Ciencias de la Educación,Trabajo de grado sobre interoperabilidad con enfoque de estudio de caso y aplicación contextual.,Se requiere comprender mejor interoperabilidad para orientar decisiones en el contexto del programa.,Analizar interoperabilidad mediante estudio de caso.,"Recolección de información, estudio de caso y análisis de resultados.",Se obtuvieron hallazgos de alcance aplicado y contextual.,"Los resultados son útiles para el contexto estudiado, aunque no implican generalización universal.",PRG-012,2024,interoperabilidad;estudio de caso,APPROVED,repo://thesis/448,Ciencias de la Educación,interoperabilidad,synthetic institutional data
THS-449,Adopción de plataformas virtuales en Ingeniería Ambiental,Trabajo de grado sobre adopción de plataformas virtuales con enfoque de estudio de caso y aplicación contextual.,Se requiere comprender mejor adopción de plataformas virtuales para orientar decisiones en el contexto del programa.,Analizar adopción de plataformas virtuales mediante estudio de caso.,"Recolección de información, estudio de caso y análisis de resultados.",Se obtuvieron hallazgos de alcance aplicado y contextual.,"Los resultados son útiles para el contexto estudiado, aunque no implican generalización universal.",PRG-013,2025,adopción de plataformas virtuales;estudio de caso,APPROVED,repo://thesis/449,Ambiental,adopción de plataformas virtuales,synthetic institutional data
THS-450,Satisfacción de usuarios en Gestión Ambiental,Trabajo de grado sobre satisfacción de usuarios con enfoque de estudio descriptivo y aplicación contextual.,Se requiere comprender mejor satisfacción de usuarios para orientar decisiones en el contexto del programa.,Analizar satisfacción de usuarios mediante estudio descriptivo.,"Recolección de información, estudio descriptivo y análisis de resultados.",Se obtuvieron hallazgos de alcance aplicado y contextual.,"Los resultados son útiles para el contexto estudiado, aunque no implican generalización universal.",PRG-014,2026,satisfacción de usuarios;estudio descriptivo,APPROVED,repo://thesis/450,Gestión Ambiental,satisfacción de usuarios,synthetic institutional data
THS-451,Gestión de inventarios en Ingeniería Civil,Trabajo de grado sobre gestión de inventarios con enfoque de prototipo funcional y aplicación contextual.,Se requiere comprender mejor gestión de inventarios para orientar decisiones en el contexto del programa.,Analizar gestión de inventarios mediante prototipo funcional.,"Recolección de información, prototipo funcional y análisis de resultados.",Se obtuvieron hallazgos de alcance aplicado y contextual.,"Los resultados son útiles para el contexto estudiado, aunque no implican generalización universal.",PRG-015,2017,gestión de inventarios;prototipo funcional,APPROVED,repo://thesis/451,Civil,gestión de inventarios,synthetic institutional data
THS-452,Automatización administrativa en Matemáticas Aplicadas,Trabajo de grado sobre automatización administrativa con enfoque de análisis estadístico y aplicación contextual.,Se requiere comprender mejor automatización administrativa para orientar decisiones en el contexto del programa.,Analizar automatización administrativa mediante análisis estadístico.,"Recolección de información, análisis estadístico y análisis de resultados.",Se obtuvieron hallazgos de alcance aplicado y contextual.,"Los resultados son útiles para el contexto estudiado, aunque no implican generalización universal.",PRG-016,2018,automatización administrativa;análisis estadístico,APPROVED,repo://thesis/452,Matemáticas Aplicadas,automatización administrativa,synthetic institutional data
THS-453,Calidad de servicio en Física,Trabajo de grado sobre calidad de servicio con enfoque de estudio descriptivo y aplicación contextual.,Se requiere comprender mejor calidad de servicio para orientar decisiones en el contexto del programa.,Analizar calidad de servicio mediante estudio descriptivo.,"Recolección de información, estudio descriptivo y análisis de resultados.",Se obtuvieron hallazgos de alcance aplicado y contextual.,"Los resultados son útiles para el contexto estudiado, aunque no implican generalización universal.",PRG-017,2019,calidad de servicio;estudio descriptivo,APPROVED,repo://thesis/453,Física,calidad de servicio,synthetic institutional data
THS-454,Economía circular en Ciencia de Datos,Trabajo de grado sobre economía circular con enfoque de revisión aplicada y aplicación contextual.,Se requiere comprender mejor economía circular para orientar decisiones en el contexto del programa.,Analizar economía circular mediante revisión aplicada.,"Recolección de información, revisión aplicada y análisis de resultados.",Se obtuvieron hallazgos de alcance aplicado y contextual.,"Los resultados son útiles para el contexto estudiado, aunque no implican generalización universal.",PRG-018,2020,economía circular;revisión aplicada,APPROVED,repo://thesis/454,Ciencia de Datos,economía circular,synthetic institutional data
THS-455,Gestión de residuos en Ingeniería de Sistemas,Trabajo de grado sobre gestión de residuos con enfoque de simulación y aplicación contextual.,Se requiere comprender mejor gestión de residuos para orientar decisiones en el contexto del programa.,Analizar gestión de residuos mediante simulación.,"Recolección de información, simulación y análisis de resultados.",Se obtuvieron hallazgos de alcance aplicado y contextual.,"Los resultados son útiles para el contexto estudiado, aunque no implican generalización universal.",PRG-001,2021,gestión de residuos;simulación,APPROVED,repo://thesis/455,de Sistemas,gestión de residuos,synthetic institutional data
THS-456,Planeación financiera en Ingeniería Electrónica,Trabajo de grado sobre planeación financiera con enfoque de revisión aplicada y aplicación contextual.,Se requiere comprender mejor planeación financiera para orientar decisiones en el contexto del programa.,Analizar planeación financiera mediante revisión aplicada.,"Recolección de información, revisión aplicada y análisis de resultados.",Se obtuvieron hallazgos de alcance aplicado y contextual.,"Los resultados son útiles para el contexto estudiado, aunque no implican generalización universal.",PRG-002,2022,planeación financiera;revisión aplicada,APPROVED,repo://thesis/456,Electrónica,planeación financiera,synthetic institutional data
THS-457,Experiencia del paciente en Ingeniería Industrial,Trabajo de grado sobre experiencia del paciente con enfoque de simulación y aplicación contextual.,Se requiere comprender mejor experiencia del paciente para orientar decisiones en el contexto del programa.,Analizar experiencia del paciente mediante simulación.,"Recolección de información, simulación y análisis de resultados.",Se obtuvieron hallazgos de alcance aplicado y contextual.,"Los resultados son útiles para el contexto estudiado, aunque no implican generalización universal.",PRG-003,2023,experiencia del paciente;simulación,APPROVED,repo://thesis/457,Industrial,experiencia del paciente,synthetic institutional data
THS-458,Usabilidad de aplicaciones en Medicina,Trabajo de grado sobre usabilidad de aplicaciones con enfoque de simulación y aplicación contextual.,Se requiere comprender mejor usabilidad de aplicaciones para orientar decisiones en el contexto del programa.,Analizar usabilidad de aplicaciones mediante simulación.,"Recolección de información, simulación y análisis de resultados.",Se obtuvieron hallazgos de alcance aplicado y contextual.,"Los resultados son útiles para el contexto estudiado, aunque no implican generalización universal.",PRG-004,2024,usabilidad de aplicaciones;simulación,APPROVED,repo://thesis/458,Medicina,usabilidad de aplicaciones,synthetic institutional data
THS-459,Movilidad sostenible en Enfermería,Trabajo de grado sobre movilidad sostenible con enfoque de estudio descriptivo y aplicación contextual.,Se requiere comprender mejor movilidad sostenible para orientar decisiones en el contexto del programa.,Analizar movilidad sostenible mediante estudio descriptivo.,"Recolección de información, estudio descriptivo y análisis de resultados.",Se obtuvieron hallazgos de alcance aplicado y contextual.,"Los resultados son útiles para el contexto estudiado, aunque no implican generalización universal.",PRG-005,2025,movilidad sostenible;estudio descriptivo,APPROVED,repo://thesis/459,Enfermería,movilidad sostenible,synthetic institutional data
THS-460,Competencias digitales en Seguridad y Salud en el Trabajo,Trabajo de grado sobre competencias digitales con enfoque de estudio de caso y aplicación contextual.,Se requiere comprender mejor competencias digitales para orientar decisiones en el contexto del programa.,Analizar competencias digitales mediante estudio de caso.,"Recolección de información, estudio de caso y análisis de resultados.",Se obtuvieron hallazgos de alcance aplicado y contextual.,"Los resultados son útiles para el contexto estudiado, aunque no implican generalización universal.",PRG-006,2026,competencias digitales;estudio de caso,APPROVED,repo://thesis/460,Seguridad y Salud en el Trabajo,competencias digitales,synthetic institutional data
THS-461,Clima organizacional en Administración de Empresas,Trabajo de grado sobre clima organizacional con enfoque de prototipo funcional y aplicación contextual.,Se requiere comprender mejor clima organizacional para orientar decisiones en el contexto del programa.,Analizar clima organizacional mediante prototipo funcional.,"Recolección de información, prototipo funcional y análisis de resultados.",Se obtuvieron hallazgos de alcance aplicado y contextual.,"Los resultados son útiles para el contexto estudiado, aunque no implican generalización universal.",PRG-007,2017,clima organizacional;prototipo funcional,APPROVED,repo://thesis/461,Administración de Empresas,clima organizacional,synthetic institutional data
THS-462,Eficiencia de procesos en Ingeniería Financiera,Trabajo de grado sobre eficiencia de procesos con enfoque de estudio descriptivo y aplicación contextual.,Se requiere comprender mejor eficiencia de procesos para orientar decisiones en el contexto del programa.,Analizar eficiencia de procesos mediante estudio descriptivo.,"Recolección de información, estudio descriptivo y análisis de resultados.",Se obtuvieron hallazgos de alcance aplicado y contextual.,"Los resultados son útiles para el contexto estudiado, aunque no implican generalización universal.",PRG-008,2018,eficiencia de procesos;estudio descriptivo,APPROVED,repo://thesis/462,Financiera,eficiencia de procesos,synthetic institutional data
THS-463,Visualización de indicadores en Economía,Trabajo de grado sobre visualización de indicadores con enfoque de estudio de caso y aplicación contextual.,Se requiere comprender mejor visualización de indicadores para orientar decisiones en el contexto del programa.,Analizar visualización de indicadores mediante estudio de caso.,"Recolección de información, estudio de caso y análisis de resultados.",Se obtuvieron hallazgos de alcance aplicado y contextual.,"Los resultados son útiles para el contexto estudiado, aunque no implican generalización universal.",PRG-009,2019,visualización de indicadores;estudio de caso,APPROVED,repo://thesis/463,Economía,visualización de indicadores,synthetic institutional data
THS-464,Gestión del conocimiento en Licenciatura en Tecnología e Informática,Trabajo de grado sobre gestión del conocimiento con enfoque de simulación y aplicación contextual.,Se requiere comprender mejor gestión del conocimiento para orientar decisiones en el contexto del programa.,Analizar gestión del conocimiento mediante simulación.,"Recolección de información, simulación y análisis de resultados.",Se obtuvieron hallazgos de alcance aplicado y contextual.,"Los resultados son útiles para el contexto estudiado, aunque no implican generalización universal.",PRG-010,2020,,APPROVED,repo://thesis/464,Licenciatura en Tecnología e Informática,gestión del conocimiento,synthetic institutional data
THS-465,Modelamiento de demanda en Psicología,Trabajo de grado sobre modelamiento de demanda con enfoque de análisis estadístico y aplicación contextual.,Se requiere comprender mejor modelamiento de demanda para orientar decisiones en el contexto del programa.,Analizar modelamiento de demanda mediante análisis estadístico.,"Recolección de información, análisis estadístico y análisis de resultados.",Se obtuvieron hallazgos de alcance aplicado y contextual.,"Los resultados son útiles para el contexto estudiado, aunque no implican generalización universal.",PRG-011,2021,modelamiento de demanda;análisis estadístico,APPROVED,repo://thesis/465,Psicología,modelamiento de demanda,synthetic institutional data
THS-466,Diseño de prototipos en Ciencias de la Educación,Trabajo de grado sobre diseño de prototipos con enfoque de análisis estadístico y aplicación contextual.,Se requiere comprender mejor diseño de prototipos para orientar decisiones en el contexto del programa.,Analizar diseño de prototipos mediante análisis estadístico.,"Recolección de información, análisis estadístico y análisis de resultados.",Se obtuvieron hallazgos de alcance aplicado y contextual.,"Los resultados son útiles para el contexto estudiado, aunque no implican generalización universal.",PRG-012,2022,diseño de prototipos;análisis estadístico,APPROVED,repo://thesis/466,Ciencias de la Educación,diseño de prototipos,synthetic institutional data
THS-467,Análisis de percepción en Ingeniería Ambiental,Trabajo de grado sobre análisis de percepción con enfoque de prototipo funcional y aplicación contextual.,Se requiere comprender mejor análisis de percepción para orientar decisiones en el contexto del programa.,Analizar análisis de percepción mediante prototipo funcional.,"Recolección de información, prototipo funcional y análisis de resultados.",Se obtuvieron hallazgos de alcance aplicado y contextual.,"Los resultados son útiles para el contexto estudiado, aunque no implican generalización universal.",PRG-013,2023,análisis de percepción;prototipo funcional,APPROVED,repo://thesis/467,Ambiental,análisis de percepción,synthetic institutional data
THS-468,Gestión de proyectos en Gestión Ambiental,Trabajo de grado sobre gestión de proyectos con enfoque de simulación y aplicación contextual.,Se requiere comprender mejor gestión de proyectos para orientar decisiones en el contexto del programa.,Analizar gestión de proyectos mediante simulación.,"Recolección de información, simulación y análisis de resultados.",Se obtuvieron hallazgos de alcance aplicado y contextual.,"Los resultados son útiles para el contexto estudiado, aunque no implican generalización universal.",PRG-014,2024,gestión de proyectos;simulación,APPROVED,repo://thesis/468,Gestión Ambiental,gestión de proyectos,synthetic institutional data
THS-469,Calidad de datos en Ingeniería Civil,Trabajo de grado sobre calidad de datos con enfoque de prototipo funcional y aplicación contextual.,Se requiere comprender mejor calidad de datos para orientar decisiones en el contexto del programa.,Analizar calidad de datos mediante prototipo funcional.,"Recolección de información, prototipo funcional y análisis de resultados.",,"Los resultados son útiles para el contexto estudiado, aunque no implican generalización universal.",PRG-015,2025,calidad de datos;prototipo funcional,APPROVED,repo://thesis/469,Civil,calidad de datos,synthetic institutional data
THS-470,Innovación empresarial en Matemáticas Aplicadas,Trabajo de grado sobre innovación empresarial con enfoque de prototipo funcional y aplicación contextual.,Se requiere comprender mejor innovación empresarial para orientar decisiones en el contexto del programa.,Analizar innovación empresarial mediante prototipo funcional.,"Recolección de información, prototipo funcional y análisis de resultados.",Se obtuvieron hallazgos de alcance aplicado y contextual.,"Los resultados son útiles para el contexto estudiado, aunque no implican generalización universal.",PRG-016,2026,innovación empresarial;prototipo funcional,APPROVED,repo://thesis/470,Matemáticas Aplicadas,innovación empresarial,synthetic institutional data
THS-471,Sostenibilidad operativa en Física,Trabajo de grado sobre sostenibilidad operativa con enfoque de prototipo funcional y aplicación contextual.,Se requiere comprender mejor sostenibilidad operativa para orientar decisiones en el contexto del programa.,Analizar sostenibilidad operativa mediante prototipo funcional.,"Recolección de información, prototipo funcional y análisis de resultados.",Se obtuvieron hallazgos de alcance aplicado y contextual.,"Los resultados son útiles para el contexto estudiado, aunque no implican generalización universal.",PRG-017,2017,sostenibilidad operativa;prototipo funcional,APPROVED,repo://thesis/471,Física,sostenibilidad operativa,synthetic institutional data
THS-472,Interoperabilidad en Ciencia de Datos,Trabajo de grado sobre interoperabilidad con enfoque de revisión aplicada y aplicación contextual.,Se requiere comprender mejor interoperabilidad para orientar decisiones en el contexto del programa.,Analizar interoperabilidad mediante revisión aplicada.,"Recolección de información, revisión aplicada y análisis de resultados.",Se obtuvieron hallazgos de alcance aplicado y contextual.,"Los resultados son útiles para el contexto estudiado, aunque no implican generalización universal.",PRG-018,2018,interoperabilidad;revisión aplicada,APPROVED,repo://thesis/472,Ciencia de Datos,interoperabilidad,synthetic institutional data
THS-473,Adopción de plataformas virtuales en Ingeniería de Sistemas,Trabajo de grado sobre adopción de plataformas virtuales con enfoque de revisión aplicada y aplicación contextual.,Se requiere comprender mejor adopción de plataformas virtuales para orientar decisiones en el contexto del programa.,Analizar adopción de plataformas virtuales mediante revisión aplicada.,"Recolección de información, revisión aplicada y análisis de resultados.",Se obtuvieron hallazgos de alcance aplicado y contextual.,"Los resultados son útiles para el contexto estudiado, aunque no implican generalización universal.",PRG-001,2019,adopción de plataformas virtuales;revisión aplicada,APPROVED,repo://thesis/473,de Sistemas,adopción de plataformas virtuales,synthetic institutional data
THS-474,Satisfacción de usuarios en Ingeniería Electrónica,Trabajo de grado sobre satisfacción de usuarios con enfoque de revisión aplicada y aplicación contextual.,Se requiere comprender mejor satisfacción de usuarios para orientar decisiones en el contexto del programa.,Analizar satisfacción de usuarios mediante revisión aplicada.,"Recolección de información, revisión aplicada y análisis de resultados.",Se obtuvieron hallazgos de alcance aplicado y contextual.,"Los resultados son útiles para el contexto estudiado, aunque no implican generalización universal.",PRG-002,2020,satisfacción de usuarios;revisión aplicada,APPROVED,repo://thesis/474,Electrónica,satisfacción de usuarios,synthetic institutional data
THS-475,Gestión de inventarios en Ingeniería Industrial,Trabajo de grado sobre gestión de inventarios con enfoque de prototipo funcional y aplicación contextual.,Se requiere comprender mejor gestión de inventarios para orientar decisiones en el contexto del programa.,Analizar gestión de inventarios mediante prototipo funcional.,"Recolección de información, prototipo funcional y análisis de resultados.",Se obtuvieron hallazgos de alcance aplicado y contextual.,"Los resultados son útiles para el contexto estudiado, aunque no implican generalización universal.",PRG-003,2021,gestión de inventarios;prototipo funcional,APPROVED,repo://thesis/475,Industrial,gestión de inventarios,synthetic institutional data
THS-476,Automatización administrativa en Medicina,Trabajo de grado sobre automatización administrativa con enfoque de estudio de caso y aplicación contextual.,Se requiere comprender mejor automatización administrativa para orientar decisiones en el contexto del programa.,Analizar automatización administrativa mediante estudio de caso.,"Recolección de información, estudio de caso y análisis de resultados.",Se obtuvieron hallazgos de alcance aplicado y contextual.,"Los resultados son útiles para el contexto estudiado, aunque no implican generalización universal.",PRG-004,2022,automatización administrativa;estudio de caso,APPROVED,repo://thesis/476,Medicina,automatización administrativa,synthetic institutional data
THS-477,Calidad de servicio en Enfermería,Trabajo de grado sobre calidad de servicio con enfoque de análisis estadístico y aplicación contextual.,Se requiere comprender mejor calidad de servicio para orientar decisiones en el contexto del programa.,Analizar calidad de servicio mediante análisis estadístico.,"Recolección de información, análisis estadístico y análisis de resultados.",Se obtuvieron hallazgos de alcance aplicado y contextual.,"Los resultados son útiles para el contexto estudiado, aunque no implican generalización universal.",PRG-005,2023,calidad de servicio;análisis estadístico,APPROVED,repo://thesis/477,Enfermería,calidad de servicio,synthetic institutional data
THS-478,Economía circular en Seguridad y Salud en el Trabajo,Trabajo de grado sobre economía circular con enfoque de análisis estadístico y aplicación contextual.,Se requiere comprender mejor economía circular para orientar decisiones en el contexto del programa.,Analizar economía circular mediante análisis estadístico.,"Recolección de información, análisis estadístico y análisis de resultados.",Se obtuvieron hallazgos de alcance aplicado y contextual.,"Los resultados son útiles para el contexto estudiado, aunque no implican generalización universal.",PRG-006,2024,economía circular;análisis estadístico,APPROVED,repo://thesis/478,Seguridad y Salud en el Trabajo,economía circular,synthetic institutional data
THS-479,Gestión de residuos en Administración de Empresas,Trabajo de grado sobre gestión de residuos con enfoque de prototipo funcional y aplicación contextual.,Se requiere comprender mejor gestión de residuos para orientar decisiones en el contexto del programa.,Analizar gestión de residuos mediante prototipo funcional.,"Recolección de información, prototipo funcional y análisis de resultados.",Se obtuvieron hallazgos de alcance aplicado y contextual.,"Los resultados son útiles para el contexto estudiado, aunque no implican generalización universal.",PRG-007,2025,gestión de residuos;prototipo funcional,APPROVED,repo://thesis/479,Administración de Empresas,gestión de residuos,synthetic institutional data
THS-480,Planeación financiera en Ingeniería Financiera,Trabajo de grado sobre planeación financiera con enfoque de prototipo funcional y aplicación contextual.,Se requiere comprender mejor planeación financiera para orientar decisiones en el contexto del programa.,Analizar planeación financiera mediante prototipo funcional.,"Recolección de información, prototipo funcional y análisis de resultados.",Se obtuvieron hallazgos de alcance aplicado y contextual.,"Los resultados son útiles para el contexto estudiado, aunque no implican generalización universal.",PRG-008,2026,planeación financiera;prototipo funcional,APPROVED,repo://thesis/480,Financiera,planeación financiera,synthetic institutional data
THS-481,Experiencia del paciente en Economía,Trabajo de grado sobre experiencia del paciente con enfoque de estudio de caso y aplicación contextual.,Se requiere comprender mejor experiencia del paciente para orientar decisiones en el contexto del programa.,Analizar experiencia del paciente mediante estudio de caso.,"Recolección de información, estudio de caso y análisis de resultados.",Se obtuvieron hallazgos de alcance aplicado y contextual.,"Los resultados son útiles para el contexto estudiado, aunque no implican generalización universal.",PRG-009,2017,experiencia del paciente;estudio de caso,APPROVED,repo://thesis/481,Economía,experiencia del paciente,synthetic institutional data
THS-482,Usabilidad de aplicaciones en Licenciatura en Tecnología e Informática,Trabajo de grado sobre usabilidad de aplicaciones con enfoque de estudio de caso y aplicación contextual.,Se requiere comprender mejor usabilidad de aplicaciones para orientar decisiones en el contexto del programa.,Analizar usabilidad de aplicaciones mediante estudio de caso.,"Recolección de información, estudio de caso y análisis de resultados.",Se obtuvieron hallazgos de alcance aplicado y contextual.,"Los resultados son útiles para el contexto estudiado, aunque no implican generalización universal.",PRG-010,2018,usabilidad de aplicaciones;estudio de caso,APPROVED,repo://thesis/482,Licenciatura en Tecnología e Informática,usabilidad de aplicaciones,synthetic institutional data
THS-483,Movilidad sostenible en Psicología,Trabajo de grado sobre movilidad sostenible con enfoque de revisión aplicada y aplicación contextual.,Se requiere comprender mejor movilidad sostenible para orientar decisiones en el contexto del programa.,Analizar movilidad sostenible mediante revisión aplicada.,"Recolección de información, revisión aplicada y análisis de resultados.",Se obtuvieron hallazgos de alcance aplicado y contextual.,"Los resultados son útiles para el contexto estudiado, aunque no implican generalización universal.",PRG-011,2019,movilidad sostenible;revisión aplicada,APPROVED,repo://thesis/483,Psicología,movilidad sostenible,synthetic institutional data
THS-484,Competencias digitales en Ciencias de la Educación,Trabajo de grado sobre competencias digitales con enfoque de prototipo funcional y aplicación contextual.,Se requiere comprender mejor competencias digitales para orientar decisiones en el contexto del programa.,Analizar competencias digitales mediante prototipo funcional.,"Recolección de información, prototipo funcional y análisis de resultados.",Se obtuvieron hallazgos de alcance aplicado y contextual.,"Los resultados son útiles para el contexto estudiado, aunque no implican generalización universal.",PRG-012,2020,competencias digitales;prototipo funcional,APPROVED,repo://thesis/484,Ciencias de la Educación,competencias digitales,synthetic institutional data
THS-485,Clima organizacional en Ingeniería Ambiental,Trabajo de grado sobre clima organizacional con enfoque de estudio descriptivo y aplicación contextual.,Se requiere comprender mejor clima organizacional para orientar decisiones en el contexto del programa.,Analizar clima organizacional mediante estudio descriptivo.,"Recolección de información, estudio descriptivo y análisis de resultados.",Se obtuvieron hallazgos de alcance aplicado y contextual.,"Los resultados son útiles para el contexto estudiado, aunque no implican generalización universal.",PRG-013,2021,clima organizacional;estudio descriptivo,APPROVED,repo://thesis/485,Ambiental,clima organizacional,synthetic institutional data
THS-486,Eficiencia de procesos en Gestión Ambiental,Trabajo de grado sobre eficiencia de procesos con enfoque de prototipo funcional y aplicación contextual.,Se requiere comprender mejor eficiencia de procesos para orientar decisiones en el contexto del programa.,Analizar eficiencia de procesos mediante prototipo funcional.,"Recolección de información, prototipo funcional y análisis de resultados.",Se obtuvieron hallazgos de alcance aplicado y contextual.,"Los resultados son útiles para el contexto estudiado, aunque no implican generalización universal.",PRG-014,2022,eficiencia de procesos;prototipo funcional,APPROVED,repo://thesis/486,Gestión Ambiental,eficiencia de procesos,synthetic institutional data
THS-487,Visualización de indicadores en Ingeniería Civil,Trabajo de grado sobre visualización de indicadores con enfoque de prototipo funcional y aplicación contextual.,Se requiere comprender mejor visualización de indicadores para orientar decisiones en el contexto del programa.,Analizar visualización de indicadores mediante prototipo funcional.,"Recolección de información, prototipo funcional y análisis de resultados.",Se obtuvieron hallazgos de alcance aplicado y contextual.,"Los resultados son útiles para el contexto estudiado, aunque no implican generalización universal.",PRG-015,2023,visualización de indicadores;prototipo funcional,APPROVED,repo://thesis/487,Civil,visualización de indicadores,synthetic institutional data
THS-488,Gestión del conocimiento en Matemáticas Aplicadas,Trabajo de grado sobre gestión del conocimiento con enfoque de revisión aplicada y aplicación contextual.,Se requiere comprender mejor gestión del conocimiento para orientar decisiones en el contexto del programa.,Analizar gestión del conocimiento mediante revisión aplicada.,,Se obtuvieron hallazgos de alcance aplicado y contextual.,"Los resultados son útiles para el contexto estudiado, aunque no implican generalización universal.",PRG-016,2024,gestión del conocimiento;revisión aplicada,APPROVED,repo://thesis/488,Matemáticas Aplicadas,gestión del conocimiento,synthetic institutional data
THS-489,Modelamiento de demanda en Física,Trabajo de grado sobre modelamiento de demanda con enfoque de simulación y aplicación contextual.,Se requiere comprender mejor modelamiento de demanda para orientar decisiones en el contexto del programa.,Analizar modelamiento de demanda mediante simulación.,"Recolección de información, simulación y análisis de resultados.",Se obtuvieron hallazgos de alcance aplicado y contextual.,"Los resultados son útiles para el contexto estudiado, aunque no implican generalización universal.",PRG-017,2025,modelamiento de demanda;simulación,APPROVED,repo://thesis/489,Física,modelamiento de demanda,synthetic institutional data
THS-490,Diseño de prototipos en Ciencia de Datos,Trabajo de grado sobre diseño de prototipos con enfoque de estudio de caso y aplicación contextual.,Se requiere comprender mejor diseño de prototipos para orientar decisiones en el contexto del programa.,Analizar diseño de prototipos mediante estudio de caso.,"Recolección de información, estudio de caso y análisis de resultados.",Se obtuvieron hallazgos de alcance aplicado y contextual.,"Los resultados son útiles para el contexto estudiado, aunque no implican generalización universal.",PRG-018,2026,diseño de prototipos;estudio de caso,APPROVED,repo://thesis/490,Ciencia de Datos,diseño de prototipos,synthetic institutional data
THS-491,Análisis de percepción en Ingeniería de Sistemas,Trabajo de grado sobre análisis de percepción con enfoque de análisis estadístico y aplicación contextual.,Se requiere comprender mejor análisis de percepción para orientar decisiones en el contexto del programa.,Analizar análisis de percepción mediante análisis estadístico.,"Recolección de información, análisis estadístico y análisis de resultados.",Se obtuvieron hallazgos de alcance aplicado y contextual.,"Los resultados son útiles para el contexto estudiado, aunque no implican generalización universal.",PRG-001,2017,análisis de percepción;análisis estadístico,APPROVED,repo://thesis/491,de Sistemas,análisis de percepción,synthetic institutional data
THS-492,Gestión de proyectos en Ingeniería Electrónica,Trabajo de grado sobre gestión de proyectos con enfoque de revisión aplicada y aplicación contextual.,Se requiere comprender mejor gestión de proyectos para orientar decisiones en el contexto del programa.,Analizar gestión de proyectos mediante revisión aplicada.,"Recolección de información, revisión aplicada y análisis de resultados.",Se obtuvieron hallazgos de alcance aplicado y contextual.,"Los resultados son útiles para el contexto estudiado, aunque no implican generalización universal.",PRG-002,2018,gestión de proyectos;revisión aplicada,APPROVED,repo://thesis/492,Electrónica,gestión de proyectos,synthetic institutional data
THS-493,Calidad de datos en Ingeniería Industrial,Trabajo de grado sobre calidad de datos con enfoque de estudio de caso y aplicación contextual.,Se requiere comprender mejor calidad de datos para orientar decisiones en el contexto del programa.,Analizar calidad de datos mediante estudio de caso.,"Recolección de información, estudio de caso y análisis de resultados.",Se obtuvieron hallazgos de alcance aplicado y contextual.,"Los resultados son útiles para el contexto estudiado, aunque no implican generalización universal.",PRG-003,2019,,APPROVED,repo://thesis/493,Industrial,calidad de datos,synthetic institutional data
THS-494,Innovación empresarial en Medicina,Trabajo de grado sobre innovación empresarial con enfoque de simulación y aplicación contextual.,Se requiere comprender mejor innovación empresarial para orientar decisiones en el contexto del programa.,Analizar innovación empresarial mediante simulación.,"Recolección de información, simulación y análisis de resultados.",Se obtuvieron hallazgos de alcance aplicado y contextual.,"Los resultados son útiles para el contexto estudiado, aunque no implican generalización universal.",PRG-004,2020,innovación empresarial;simulación,APPROVED,repo://thesis/494,Medicina,innovación empresarial,synthetic institutional data
THS-495,Sostenibilidad operativa en Enfermería,Trabajo de grado sobre sostenibilidad operativa con enfoque de prototipo funcional y aplicación contextual.,Se requiere comprender mejor sostenibilidad operativa para orientar decisiones en el contexto del programa.,Analizar sostenibilidad operativa mediante prototipo funcional.,"Recolección de información, prototipo funcional y análisis de resultados.",Se obtuvieron hallazgos de alcance aplicado y contextual.,"Los resultados son útiles para el contexto estudiado, aunque no implican generalización universal.",PRG-005,2021,sostenibilidad operativa;prototipo funcional,APPROVED,repo://thesis/495,Enfermería,sostenibilidad operativa,synthetic institutional data
THS-496,Interoperabilidad en Seguridad y Salud en el Trabajo,Trabajo de grado sobre interoperabilidad con enfoque de revisión aplicada y aplicación contextual.,Se requiere comprender mejor interoperabilidad para orientar decisiones en el contexto del programa.,Analizar interoperabilidad mediante revisión aplicada.,"Recolección de información, revisión aplicada y análisis de resultados.",Se obtuvieron hallazgos de alcance aplicado y contextual.,"Los resultados son útiles para el contexto estudiado, aunque no implican generalización universal.",PRG-006,2022,interoperabilidad;revisión aplicada,APPROVED,repo://thesis/496,Seguridad y Salud en el Trabajo,interoperabilidad,synthetic institutional data
THS-497,Adopción de plataformas virtuales en Administración de Empresas,Trabajo de grado sobre adopción de plataformas virtuales con enfoque de simulación y aplicación contextual.,Se requiere comprender mejor adopción de plataformas virtuales para orientar decisiones en el contexto del programa.,Analizar adopción de plataformas virtuales mediante simulación.,"Recolección de información, simulación y análisis de resultados.",Se obtuvieron hallazgos de alcance aplicado y contextual.,"Los resultados son útiles para el contexto estudiado, aunque no implican generalización universal.",PRG-007,2023,adopción de plataformas virtuales;simulación,APPROVED,repo://thesis/497,Administración de Empresas,adopción de plataformas virtuales,synthetic institutional data
THS-498,Satisfacción de usuarios en Ingeniería Financiera,Trabajo de grado sobre satisfacción de usuarios con enfoque de análisis estadístico y aplicación contextual.,Se requiere comprender mejor satisfacción de usuarios para orientar decisiones en el contexto del programa.,Analizar satisfacción de usuarios mediante análisis estadístico.,"Recolección de información, análisis estadístico y análisis de resultados.",Se obtuvieron hallazgos de alcance aplicado y contextual.,"Los resultados son útiles para el contexto estudiado, aunque no implican generalización universal.",PRG-008,2024,satisfacción de usuarios;análisis estadístico,APPROVED,repo://thesis/498,Financiera,satisfacción de usuarios,synthetic institutional data
THS-499,Gestión de inventarios en Economía,Trabajo de grado sobre gestión de inventarios con enfoque de simulación y aplicación contextual.,Se requiere comprender mejor gestión de inventarios para orientar decisiones en el contexto del programa.,Analizar gestión de inventarios mediante simulación.,"Recolección de información, simulación y análisis de resultados.",Se obtuvieron hallazgos de alcance aplicado y contextual.,"Los resultados son útiles para el contexto estudiado, aunque no implican generalización universal.",PRG-009,2025,gestión de inventarios;simulación,APPROVED,repo://thesis/499,Economía,gestión de inventarios,synthetic institutional data
THS-500,Automatización administrativa en Licenciatura en Tecnología e Informática,Trabajo de grado sobre automatización administrativa con enfoque de prototipo funcional y aplicación contextual.,Se requiere comprender mejor automatización administrativa para orientar decisiones en el contexto del programa.,Analizar automatización administrativa mediante prototipo funcional.,"Recolección de información, prototipo funcional y análisis de resultados.",Se obtuvieron hallazgos de alcance aplicado y contextual.,"Los resultados son útiles para el contexto estudiado, aunque no implican generalización universal.",PRG-010,2026,automatización administrativa;prototipo funcional,APPROVED,repo://thesis/500,Licenciatura en Tecnología e Informática,automatización administrativa,synthetic institutional data
THS-501,Calidad de servicio en Psicología,Trabajo de grado sobre calidad de servicio con enfoque de análisis estadístico y aplicación contextual.,Se requiere comprender mejor calidad de servicio para orientar decisiones en el contexto del programa.,Analizar calidad de servicio mediante análisis estadístico.,"Recolección de información, análisis estadístico y análisis de resultados.",Se obtuvieron hallazgos de alcance aplicado y contextual.,"Los resultados son útiles para el contexto estudiado, aunque no implican generalización universal.",PRG-011,2017,calidad de servicio;análisis estadístico,APPROVED,repo://thesis/501,Psicología,calidad de servicio,synthetic institutional data
THS-502,Economía circular en Ciencias de la Educación,Trabajo de grado sobre economía circular con enfoque de prototipo funcional y aplicación contextual.,Se requiere comprender mejor economía circular para orientar decisiones en el contexto del programa.,Analizar economía circular mediante prototipo funcional.,"Recolección de información, prototipo funcional y análisis de resultados.",Se obtuvieron hallazgos de alcance aplicado y contextual.,"Los resultados son útiles para el contexto estudiado, aunque no implican generalización universal.",PRG-012,2018,economía circular;prototipo funcional,APPROVED,repo://thesis/502,Ciencias de la Educación,economía circular,synthetic institutional data
THS-503,Gestión de residuos en Ingeniería Ambiental,Trabajo de grado sobre gestión de residuos con enfoque de revisión aplicada y aplicación contextual.,Se requiere comprender mejor gestión de residuos para orientar decisiones en el contexto del programa.,Analizar gestión de residuos mediante revisión aplicada.,"Recolección de información, revisión aplicada y análisis de resultados.",Se obtuvieron hallazgos de alcance aplicado y contextual.,"Los resultados son útiles para el contexto estudiado, aunque no implican generalización universal.",PRG-013,2019,gestión de residuos;revisión aplicada,APPROVED,repo://thesis/503,Ambiental,gestión de residuos,synthetic institutional data
THS-504,Planeación financiera en Gestión Ambiental,Trabajo de grado sobre planeación financiera con enfoque de revisión aplicada y aplicación contextual.,Se requiere comprender mejor planeación financiera para orientar decisiones en el contexto del programa.,Analizar planeación financiera mediante revisión aplicada.,"Recolección de información, revisión aplicada y análisis de resultados.",Se obtuvieron hallazgos de alcance aplicado y contextual.,"Los resultados son útiles para el contexto estudiado, aunque no implican generalización universal.",PRG-014,2020,planeación financiera;revisión aplicada,APPROVED,repo://thesis/504,Gestión Ambiental,planeación financiera,synthetic institutional data
THS-505,Experiencia del paciente en Ingeniería Civil,Trabajo de grado sobre experiencia del paciente con enfoque de estudio de caso y aplicación contextual.,Se requiere comprender mejor experiencia del paciente para orientar decisiones en el contexto del programa.,Analizar experiencia del paciente mediante estudio de caso.,"Recolección de información, estudio de caso y análisis de resultados.",Se obtuvieron hallazgos de alcance aplicado y contextual.,"Los resultados son útiles para el contexto estudiado, aunque no implican generalización universal.",PRG-015,2021,experiencia del paciente;estudio de caso,APPROVED,repo://thesis/505,Civil,experiencia del paciente,synthetic institutional data
THS-506,Usabilidad de aplicaciones en Matemáticas Aplicadas,Trabajo de grado sobre usabilidad de aplicaciones con enfoque de estudio descriptivo y aplicación contextual.,Se requiere comprender mejor usabilidad de aplicaciones para orientar decisiones en el contexto del programa.,Analizar usabilidad de aplicaciones mediante estudio descriptivo.,"Recolección de información, estudio descriptivo y análisis de resultados.",Se obtuvieron hallazgos de alcance aplicado y contextual.,"Los resultados son útiles para el contexto estudiado, aunque no implican generalización universal.",PRG-016,2022,usabilidad de aplicaciones;estudio descriptivo,APPROVED,repo://thesis/506,Matemáticas Aplicadas,usabilidad de aplicaciones,synthetic institutional data
THS-507,Movilidad sostenible en Física,Trabajo de grado sobre movilidad sostenible con enfoque de revisión aplicada y aplicación contextual.,Se requiere comprender mejor movilidad sostenible para orientar decisiones en el contexto del programa.,Analizar movilidad sostenible mediante revisión aplicada.,"Recolección de información, revisión aplicada y análisis de resultados.",Se obtuvieron hallazgos de alcance aplicado y contextual.,"Los resultados son útiles para el contexto estudiado, aunque no implican generalización universal.",PRG-017,2023,movilidad sostenible;revisión aplicada,APPROVED,repo://thesis/507,Física,movilidad sostenible,synthetic institutional data
THS-508,Competencias digitales en Ciencia de Datos,Trabajo de grado sobre competencias digitales con enfoque de simulación y aplicación contextual.,Se requiere comprender mejor competencias digitales para orientar decisiones en el contexto del programa.,Analizar competencias digitales mediante simulación.,"Recolección de información, simulación y análisis de resultados.",Se obtuvieron hallazgos de alcance aplicado y contextual.,"Los resultados son útiles para el contexto estudiado, aunque no implican generalización universal.",PRG-018,2024,competencias digitales;simulación,APPROVED,repo://thesis/508,Ciencia de Datos,competencias digitales,synthetic institutional data
THS-509,Clima organizacional en Ingeniería de Sistemas,Trabajo de grado sobre clima organizacional con enfoque de análisis estadístico y aplicación contextual.,Se requiere comprender mejor clima organizacional para orientar decisiones en el contexto del programa.,Analizar clima organizacional mediante análisis estadístico.,"Recolección de información, análisis estadístico y análisis de resultados.",Se obtuvieron hallazgos de alcance aplicado y contextual.,"Los resultados son útiles para el contexto estudiado, aunque no implican generalización universal.",PRG-001,2025,clima organizacional;análisis estadístico,APPROVED,repo://thesis/509,de Sistemas,clima organizacional,synthetic institutional data
THS-510,Eficiencia de procesos en Ingeniería Electrónica,Trabajo de grado sobre eficiencia de procesos con enfoque de prototipo funcional y aplicación contextual.,Se requiere comprender mejor eficiencia de procesos para orientar decisiones en el contexto del programa.,Analizar eficiencia de procesos mediante prototipo funcional.,"Recolección de información, prototipo funcional y análisis de resultados.",Se obtuvieron hallazgos de alcance aplicado y contextual.,"Los resultados son útiles para el contexto estudiado, aunque no implican generalización universal.",PRG-002,2026,eficiencia de procesos;prototipo funcional,APPROVED,repo://thesis/510,Electrónica,eficiencia de procesos,synthetic institutional data
THS-511,Visualización de indicadores en Ingeniería Industrial,Trabajo de grado sobre visualización de indicadores con enfoque de estudio de caso y aplicación contextual.,Se requiere comprender mejor visualización de indicadores para orientar decisiones en el contexto del programa.,Analizar visualización de indicadores mediante estudio de caso.,"Recolección de información, estudio de caso y análisis de resultados.",Se obtuvieron hallazgos de alcance aplicado y contextual.,"Los resultados son útiles para el contexto estudiado, aunque no implican generalización universal.",PRG-003,2017,visualización de indicadores;estudio de caso,APPROVED,repo://thesis/511,Industrial,visualización de indicadores,synthetic institutional data
THS-512,Gestión del conocimiento en Medicina,Trabajo de grado sobre gestión del conocimiento con enfoque de prototipo funcional y aplicación contextual.,Se requiere comprender mejor gestión del conocimiento para orientar decisiones en el contexto del programa.,Analizar gestión del conocimiento mediante prototipo funcional.,"Recolección de información, prototipo funcional y análisis de resultados.",Se obtuvieron hallazgos de alcance aplicado y contextual.,"Los resultados son útiles para el contexto estudiado, aunque no implican generalización universal.",PRG-004,2018,gestión del conocimiento;prototipo funcional,APPROVED,repo://thesis/512,Medicina,gestión del conocimiento,synthetic institutional data
THS-513,Modelamiento de demanda en Enfermería,Trabajo de grado sobre modelamiento de demanda con enfoque de prototipo funcional y aplicación contextual.,Se requiere comprender mejor modelamiento de demanda para orientar decisiones en el contexto del programa.,Analizar modelamiento de demanda mediante prototipo funcional.,"Recolección de información, prototipo funcional y análisis de resultados.",Se obtuvieron hallazgos de alcance aplicado y contextual.,"Los resultados son útiles para el contexto estudiado, aunque no implican generalización universal.",PRG-005,2019,modelamiento de demanda;prototipo funcional,APPROVED,repo://thesis/513,Enfermería,modelamiento de demanda,synthetic institutional data
THS-514,Diseño de prototipos en Seguridad y Salud en el Trabajo,Trabajo de grado sobre diseño de prototipos con enfoque de simulación y aplicación contextual.,Se requiere comprender mejor diseño de prototipos para orientar decisiones en el contexto del programa.,Analizar diseño de prototipos mediante simulación.,"Recolección de información, simulación y análisis de resultados.",Se obtuvieron hallazgos de alcance aplicado y contextual.,"Los resultados son útiles para el contexto estudiado, aunque no implican generalización universal.",PRG-006,2020,diseño de prototipos;simulación,APPROVED,repo://thesis/514,Seguridad y Salud en el Trabajo,diseño de prototipos,synthetic institutional data
THS-515,Análisis de percepción en Administración de Empresas,Trabajo de grado sobre análisis de percepción con enfoque de estudio de caso y aplicación contextual.,Se requiere comprender mejor análisis de percepción para orientar decisiones en el contexto del programa.,Analizar análisis de percepción mediante estudio de caso.,"Recolección de información, estudio de caso y análisis de resultados.",Se obtuvieron hallazgos de alcance aplicado y contextual.,"Los resultados son útiles para el contexto estudiado, aunque no implican generalización universal.",PRG-007,2021,análisis de percepción;estudio de caso,APPROVED,repo://thesis/515,Administración de Empresas,análisis de percepción,synthetic institutional data
THS-516,Gestión de proyectos en Ingeniería Financiera,Trabajo de grado sobre gestión de proyectos con enfoque de simulación y aplicación contextual.,Se requiere comprender mejor gestión de proyectos para orientar decisiones en el contexto del programa.,Analizar gestión de proyectos mediante simulación.,"Recolección de información, simulación y análisis de resultados.",Se obtuvieron hallazgos de alcance aplicado y contextual.,"Los resultados son útiles para el contexto estudiado, aunque no implican generalización universal.",PRG-008,2022,gestión de proyectos;simulación,APPROVED,repo://thesis/516,Financiera,gestión de proyectos,synthetic institutional data
THS-517,Calidad de datos en Economía,Trabajo de grado sobre calidad de datos con enfoque de simulación y aplicación contextual.,Se requiere comprender mejor calidad de datos para orientar decisiones en el contexto del programa.,Analizar calidad de datos mediante simulación.,"Recolección de información, simulación y análisis de resultados.",Se obtuvieron hallazgos de alcance aplicado y contextual.,"Los resultados son útiles para el contexto estudiado, aunque no implican generalización universal.",PRG-009,2023,calidad de datos;simulación,APPROVED,repo://thesis/517,Economía,calidad de datos,synthetic institutional data
THS-518,Innovación empresarial en Licenciatura en Tecnología e Informática,Trabajo de grado sobre innovación empresarial con enfoque de análisis estadístico y aplicación contextual.,Se requiere comprender mejor innovación empresarial para orientar decisiones en el contexto del programa.,Analizar innovación empresarial mediante análisis estadístico.,"Recolección de información, análisis estadístico y análisis de resultados.",Se obtuvieron hallazgos de alcance aplicado y contextual.,"Los resultados son útiles para el contexto estudiado, aunque no implican generalización universal.",PRG-010,2024,innovación empresarial;análisis estadístico,APPROVED,repo://thesis/518,Licenciatura en Tecnología e Informática,innovación empresarial,synthetic institutional data
THS-519,Sostenibilidad operativa en Psicología,Trabajo de grado sobre sostenibilidad operativa con enfoque de revisión aplicada y aplicación contextual.,Se requiere comprender mejor sostenibilidad operativa para orientar decisiones en el contexto del programa.,Analizar sostenibilidad operativa mediante revisión aplicada.,"Recolección de información, revisión aplicada y análisis de resultados.",Se obtuvieron hallazgos de alcance aplicado y contextual.,"Los resultados son útiles para el contexto estudiado, aunque no implican generalización universal.",PRG-011,2025,sostenibilidad operativa;revisión aplicada,APPROVED,repo://thesis/519,Psicología,sostenibilidad operativa,synthetic institutional data
THS-520,Interoperabilidad en Ciencias de la Educación,Trabajo de grado sobre interoperabilidad con enfoque de estudio descriptivo y aplicación contextual.,Se requiere comprender mejor interoperabilidad para orientar decisiones en el contexto del programa.,Analizar interoperabilidad mediante estudio descriptivo.,"Recolección de información, estudio descriptivo y análisis de resultados.",Se obtuvieron hallazgos de alcance aplicado y contextual.,"Los resultados son útiles para el contexto estudiado, aunque no implican generalización universal.",PRG-012,2026,interoperabilidad;estudio descriptivo,APPROVED,repo://thesis/520,Ciencias de la Educación,interoperabilidad,synthetic institutional data
THS-521,Adopción de plataformas virtuales en Ingeniería Ambiental,Trabajo de grado sobre adopción de plataformas virtuales con enfoque de estudio de caso y aplicación contextual.,Se requiere comprender mejor adopción de plataformas virtuales para orientar decisiones en el contexto del programa.,Analizar adopción de plataformas virtuales mediante estudio de caso.,"Recolección de información, estudio de caso y análisis de resultados.",Se obtuvieron hallazgos de alcance aplicado y contextual.,"Los resultados son útiles para el contexto estudiado, aunque no implican generalización universal.",PRG-013,2017,adopción de plataformas virtuales;estudio de caso,APPROVED,repo://thesis/521,Ambiental,adopción de plataformas virtuales,synthetic institutional data
THS-522,Satisfacción de usuarios en Gestión Ambiental,Trabajo de grado sobre satisfacción de usuarios con enfoque de estudio descriptivo y aplicación contextual.,Se requiere comprender mejor satisfacción de usuarios para orientar decisiones en el contexto del programa.,Analizar satisfacción de usuarios mediante estudio descriptivo.,"Recolección de información, estudio descriptivo y análisis de resultados.",Se obtuvieron hallazgos de alcance aplicado y contextual.,"Los resultados son útiles para el contexto estudiado, aunque no implican generalización universal.",PRG-014,2018,,APPROVED,repo://thesis/522,Gestión Ambiental,satisfacción de usuarios,synthetic institutional data
THS-523,Gestión de inventarios en Ingeniería Civil,Trabajo de grado sobre gestión de inventarios con enfoque de análisis estadístico y aplicación contextual.,Se requiere comprender mejor gestión de inventarios para orientar decisiones en el contexto del programa.,Analizar gestión de inventarios mediante análisis estadístico.,"Recolección de información, análisis estadístico y análisis de resultados.",Se obtuvieron hallazgos de alcance aplicado y contextual.,"Los resultados son útiles para el contexto estudiado, aunque no implican generalización universal.",PRG-015,2019,gestión de inventarios;análisis estadístico,APPROVED,repo://thesis/523,Civil,gestión de inventarios,synthetic institutional data
THS-524,Automatización administrativa en Matemáticas Aplicadas,Trabajo de grado sobre automatización administrativa con enfoque de prototipo funcional y aplicación contextual.,Se requiere comprender mejor automatización administrativa para orientar decisiones en el contexto del programa.,Analizar automatización administrativa mediante prototipo funcional.,"Recolección de información, prototipo funcional y análisis de resultados.",Se obtuvieron hallazgos de alcance aplicado y contextual.,"Los resultados son útiles para el contexto estudiado, aunque no implican generalización universal.",PRG-016,2020,automatización administrativa;prototipo funcional,APPROVED,repo://thesis/524,Matemáticas Aplicadas,automatización administrativa,synthetic institutional data
THS-525,Calidad de servicio en Física,Trabajo de grado sobre calidad de servicio con enfoque de revisión aplicada y aplicación contextual.,Se requiere comprender mejor calidad de servicio para orientar decisiones en el contexto del programa.,Analizar calidad de servicio mediante revisión aplicada.,"Recolección de información, revisión aplicada y análisis de resultados.",Se obtuvieron hallazgos de alcance aplicado y contextual.,"Los resultados son útiles para el contexto estudiado, aunque no implican generalización universal.",PRG-017,2021,calidad de servicio;revisión aplicada,APPROVED,repo://thesis/525,Física,calidad de servicio,synthetic institutional data
THS-526,Economía circular en Ciencia de Datos,Trabajo de grado sobre economía circular con enfoque de estudio descriptivo y aplicación contextual.,Se requiere comprender mejor economía circular para orientar decisiones en el contexto del programa.,Analizar economía circular mediante estudio descriptivo.,"Recolección de información, estudio descriptivo y análisis de resultados.",Se obtuvieron hallazgos de alcance aplicado y contextual.,"Los resultados son útiles para el contexto estudiado, aunque no implican generalización universal.",PRG-018,2022,economía circular;estudio descriptivo,APPROVED,repo://thesis/526,Ciencia de Datos,economía circular,synthetic institutional data
THS-527,Gestión de residuos en Ingeniería de Sistemas,Trabajo de grado sobre gestión de residuos con enfoque de estudio de caso y aplicación contextual.,Se requiere comprender mejor gestión de residuos para orientar decisiones en el contexto del programa.,Analizar gestión de residuos mediante estudio de caso.,"Recolección de información, estudio de caso y análisis de resultados.",Se obtuvieron hallazgos de alcance aplicado y contextual.,"Los resultados son útiles para el contexto estudiado, aunque no implican generalización universal.",PRG-001,2023,gestión de residuos;estudio de caso,APPROVED,repo://thesis/527,de Sistemas,gestión de residuos,synthetic institutional data
THS-528,Planeación financiera en Ingeniería Electrónica,Trabajo de grado sobre planeación financiera con enfoque de estudio de caso y aplicación contextual.,Se requiere comprender mejor planeación financiera para orientar decisiones en el contexto del programa.,Analizar planeación financiera mediante estudio de caso.,"Recolección de información, estudio de caso y análisis de resultados.",Se obtuvieron hallazgos de alcance aplicado y contextual.,"Los resultados son útiles para el contexto estudiado, aunque no implican generalización universal.",PRG-002,2024,planeación financiera;estudio de caso,APPROVED,repo://thesis/528,Electrónica,planeación financiera,synthetic institutional data
THS-529,Experiencia del paciente en Ingeniería Industrial,Trabajo de grado sobre experiencia del paciente con enfoque de prototipo funcional y aplicación contextual.,Se requiere comprender mejor experiencia del paciente para orientar decisiones en el contexto del programa.,Analizar experiencia del paciente mediante prototipo funcional.,"Recolección de información, prototipo funcional y análisis de resultados.",Se obtuvieron hallazgos de alcance aplicado y contextual.,"Los resultados son útiles para el contexto estudiado, aunque no implican generalización universal.",PRG-003,2025,experiencia del paciente;prototipo funcional,APPROVED,repo://thesis/529,Industrial,experiencia del paciente,synthetic institutional data
THS-530,Usabilidad de aplicaciones en Medicina,Trabajo de grado sobre usabilidad de aplicaciones con enfoque de estudio de caso y aplicación contextual.,Se requiere comprender mejor usabilidad de aplicaciones para orientar decisiones en el contexto del programa.,Analizar usabilidad de aplicaciones mediante estudio de caso.,"Recolección de información, estudio de caso y análisis de resultados.",Se obtuvieron hallazgos de alcance aplicado y contextual.,"Los resultados son útiles para el contexto estudiado, aunque no implican generalización universal.",PRG-004,2026,usabilidad de aplicaciones;estudio de caso,APPROVED,repo://thesis/530,Medicina,usabilidad de aplicaciones,synthetic institutional data
THS-531,Movilidad sostenible en Enfermería,Trabajo de grado sobre movilidad sostenible con enfoque de estudio descriptivo y aplicación contextual.,Se requiere comprender mejor movilidad sostenible para orientar decisiones en el contexto del programa.,Analizar movilidad sostenible mediante estudio descriptivo.,"Recolección de información, estudio descriptivo y análisis de resultados.",Se obtuvieron hallazgos de alcance aplicado y contextual.,"Los resultados son útiles para el contexto estudiado, aunque no implican generalización universal.",PRG-005,2017,movilidad sostenible;estudio descriptivo,APPROVED,repo://thesis/531,Enfermería,movilidad sostenible,synthetic institutional data
THS-532,Competencias digitales en Seguridad y Salud en el Trabajo,Trabajo de grado sobre competencias digitales con enfoque de revisión aplicada y aplicación contextual.,Se requiere comprender mejor competencias digitales para orientar decisiones en el contexto del programa.,Analizar competencias digitales mediante revisión aplicada.,"Recolección de información, revisión aplicada y análisis de resultados.",Se obtuvieron hallazgos de alcance aplicado y contextual.,"Los resultados son útiles para el contexto estudiado, aunque no implican generalización universal.",PRG-006,2018,competencias digitales;revisión aplicada,APPROVED,repo://thesis/532,Seguridad y Salud en el Trabajo,competencias digitales,synthetic institutional data
THS-533,Clima organizacional en Administración de Empresas,Trabajo de grado sobre clima organizacional con enfoque de análisis estadístico y aplicación contextual.,Se requiere comprender mejor clima organizacional para orientar decisiones en el contexto del programa.,Analizar clima organizacional mediante análisis estadístico.,"Recolección de información, análisis estadístico y análisis de resultados.",Se obtuvieron hallazgos de alcance aplicado y contextual.,"Los resultados son útiles para el contexto estudiado, aunque no implican generalización universal.",PRG-007,2019,clima organizacional;análisis estadístico,APPROVED,repo://thesis/533,Administración de Empresas,clima organizacional,synthetic institutional data
THS-534,Eficiencia de procesos en Ingeniería Financiera,Trabajo de grado sobre eficiencia de procesos con enfoque de estudio descriptivo y aplicación contextual.,Se requiere comprender mejor eficiencia de procesos para orientar decisiones en el contexto del programa.,Analizar eficiencia de procesos mediante estudio descriptivo.,"Recolección de información, estudio descriptivo y análisis de resultados.",Se obtuvieron hallazgos de alcance aplicado y contextual.,"Los resultados son útiles para el contexto estudiado, aunque no implican generalización universal.",PRG-008,2020,eficiencia de procesos;estudio descriptivo,APPROVED,repo://thesis/534,Financiera,eficiencia de procesos,synthetic institutional data
THS-535,Visualización de indicadores en Economía,Trabajo de grado sobre visualización de indicadores con enfoque de revisión aplicada y aplicación contextual.,Se requiere comprender mejor visualización de indicadores para orientar decisiones en el contexto del programa.,Analizar visualización de indicadores mediante revisión aplicada.,"Recolección de información, revisión aplicada y análisis de resultados.",Se obtuvieron hallazgos de alcance aplicado y contextual.,"Los resultados son útiles para el contexto estudiado, aunque no implican generalización universal.",PRG-009,2021,visualización de indicadores;revisión aplicada,APPROVED,repo://thesis/535,Economía,visualización de indicadores,synthetic institutional data
THS-536,Gestión del conocimiento en Licenciatura en Tecnología e Informática,Trabajo de grado sobre gestión del conocimiento con enfoque de análisis estadístico y aplicación contextual.,Se requiere comprender mejor gestión del conocimiento para orientar decisiones en el contexto del programa.,Analizar gestión del conocimiento mediante análisis estadístico.,"Recolección de información, análisis estadístico y análisis de resultados.",,"Los resultados son útiles para el contexto estudiado, aunque no implican generalización universal.",PRG-010,2022,gestión del conocimiento;análisis estadístico,APPROVED,repo://thesis/536,Licenciatura en Tecnología e Informática,gestión del conocimiento,synthetic institutional data
THS-537,Modelamiento de demanda en Psicología,Trabajo de grado sobre modelamiento de demanda con enfoque de simulación y aplicación contextual.,Se requiere comprender mejor modelamiento de demanda para orientar decisiones en el contexto del programa.,Analizar modelamiento de demanda mediante simulación.,"Recolección de información, simulación y análisis de resultados.",Se obtuvieron hallazgos de alcance aplicado y contextual.,"Los resultados son útiles para el contexto estudiado, aunque no implican generalización universal.",PRG-011,2023,modelamiento de demanda;simulación,APPROVED,repo://thesis/537,Psicología,modelamiento de demanda,synthetic institutional data
THS-538,Diseño de prototipos en Ciencias de la Educación,Trabajo de grado sobre diseño de prototipos con enfoque de revisión aplicada y aplicación contextual.,Se requiere comprender mejor diseño de prototipos para orientar decisiones en el contexto del programa.,Analizar diseño de prototipos mediante revisión aplicada.,"Recolección de información, revisión aplicada y análisis de resultados.",Se obtuvieron hallazgos de alcance aplicado y contextual.,"Los resultados son útiles para el contexto estudiado, aunque no implican generalización universal.",PRG-012,2024,diseño de prototipos;revisión aplicada,APPROVED,repo://thesis/538,Ciencias de la Educación,diseño de prototipos,synthetic institutional data
THS-539,Análisis de percepción en Ingeniería Ambiental,Trabajo de grado sobre análisis de percepción con enfoque de estudio descriptivo y aplicación contextual.,Se requiere comprender mejor análisis de percepción para orientar decisiones en el contexto del programa.,Analizar análisis de percepción mediante estudio descriptivo.,"Recolección de información, estudio descriptivo y análisis de resultados.",Se obtuvieron hallazgos de alcance aplicado y contextual.,"Los resultados son útiles para el contexto estudiado, aunque no implican generalización universal.",PRG-013,2025,análisis de percepción;estudio descriptivo,APPROVED,repo://thesis/539,Ambiental,análisis de percepción,synthetic institutional data
THS-540,Gestión de proyectos en Gestión Ambiental,Trabajo de grado sobre gestión de proyectos con enfoque de prototipo funcional y aplicación contextual.,Se requiere comprender mejor gestión de proyectos para orientar decisiones en el contexto del programa.,Analizar gestión de proyectos mediante prototipo funcional.,"Recolección de información, prototipo funcional y análisis de resultados.",Se obtuvieron hallazgos de alcance aplicado y contextual.,"Los resultados son útiles para el contexto estudiado, aunque no implican generalización universal.",PRG-014,2026,gestión de proyectos;prototipo funcional,APPROVED,repo://thesis/540,Gestión Ambiental,gestión de proyectos,synthetic institutional data
THS-541,Calidad de datos en Ingeniería Civil,Trabajo de grado sobre calidad de datos con enfoque de revisión aplicada y aplicación contextual.,Se requiere comprender mejor calidad de datos para orientar decisiones en el contexto del programa.,Analizar calidad de datos mediante revisión aplicada.,"Recolección de información, revisión aplicada y análisis de resultados.",Se obtuvieron hallazgos de alcance aplicado y contextual.,"Los resultados son útiles para el contexto estudiado, aunque no implican generalización universal.",PRG-015,2017,calidad de datos;revisión aplicada,APPROVED,repo://thesis/541,Civil,calidad de datos,synthetic institutional data
THS-542,Innovación empresarial en Matemáticas Aplicadas,Trabajo de grado sobre innovación empresarial con enfoque de simulación y aplicación contextual.,Se requiere comprender mejor innovación empresarial para orientar decisiones en el contexto del programa.,Analizar innovación empresarial mediante simulación.,"Recolección de información, simulación y análisis de resultados.",Se obtuvieron hallazgos de alcance aplicado y contextual.,"Los resultados son útiles para el contexto estudiado, aunque no implican generalización universal.",PRG-016,2018,innovación empresarial;simulación,APPROVED,repo://thesis/542,Matemáticas Aplicadas,innovación empresarial,synthetic institutional data
THS-543,Sostenibilidad operativa en Física,Trabajo de grado sobre sostenibilidad operativa con enfoque de estudio de caso y aplicación contextual.,Se requiere comprender mejor sostenibilidad operativa para orientar decisiones en el contexto del programa.,Analizar sostenibilidad operativa mediante estudio de caso.,"Recolección de información, estudio de caso y análisis de resultados.",Se obtuvieron hallazgos de alcance aplicado y contextual.,"Los resultados son útiles para el contexto estudiado, aunque no implican generalización universal.",PRG-017,2019,sostenibilidad operativa;estudio de caso,APPROVED,repo://thesis/543,Física,sostenibilidad operativa,synthetic institutional data
THS-544,Interoperabilidad en Ciencia de Datos,Trabajo de grado sobre interoperabilidad con enfoque de simulación y aplicación contextual.,Se requiere comprender mejor interoperabilidad para orientar decisiones en el contexto del programa.,Analizar interoperabilidad mediante simulación.,"Recolección de información, simulación y análisis de resultados.",Se obtuvieron hallazgos de alcance aplicado y contextual.,"Los resultados son útiles para el contexto estudiado, aunque no implican generalización universal.",PRG-018,2020,interoperabilidad;simulación,APPROVED,repo://thesis/544,Ciencia de Datos,interoperabilidad,synthetic institutional data
THS-545,Adopción de plataformas virtuales en Ingeniería de Sistemas,Trabajo de grado sobre adopción de plataformas virtuales con enfoque de revisión aplicada y aplicación contextual.,Se requiere comprender mejor adopción de plataformas virtuales para orientar decisiones en el contexto del programa.,Analizar adopción de plataformas virtuales mediante revisión aplicada.,"Recolección de información, revisión aplicada y análisis de resultados.",Se obtuvieron hallazgos de alcance aplicado y contextual.,"Los resultados son útiles para el contexto estudiado, aunque no implican generalización universal.",PRG-001,2021,adopción de plataformas virtuales;revisión aplicada,APPROVED,repo://thesis/545,de Sistemas,adopción de plataformas virtuales,synthetic institutional data
THS-546,Satisfacción de usuarios en Ingeniería Electrónica,Trabajo de grado sobre satisfacción de usuarios con enfoque de revisión aplicada y aplicación contextual.,Se requiere comprender mejor satisfacción de usuarios para orientar decisiones en el contexto del programa.,Analizar satisfacción de usuarios mediante revisión aplicada.,"Recolección de información, revisión aplicada y análisis de resultados.",Se obtuvieron hallazgos de alcance aplicado y contextual.,"Los resultados son útiles para el contexto estudiado, aunque no implican generalización universal.",PRG-002,2022,satisfacción de usuarios;revisión aplicada,APPROVED,repo://thesis/546,Electrónica,satisfacción de usuarios,synthetic institutional data
THS-547,Gestión de inventarios en Ingeniería Industrial,Trabajo de grado sobre gestión de inventarios con enfoque de estudio descriptivo y aplicación contextual.,Se requiere comprender mejor gestión de inventarios para orientar decisiones en el contexto del programa.,Analizar gestión de inventarios mediante estudio descriptivo.,"Recolección de información, estudio descriptivo y análisis de resultados.",Se obtuvieron hallazgos de alcance aplicado y contextual.,"Los resultados son útiles para el contexto estudiado, aunque no implican generalización universal.",PRG-003,2023,gestión de inventarios;estudio descriptivo,APPROVED,repo://thesis/547,Industrial,gestión de inventarios,synthetic institutional data
THS-548,Automatización administrativa en Medicina,Trabajo de grado sobre automatización administrativa con enfoque de simulación y aplicación contextual.,Se requiere comprender mejor automatización administrativa para orientar decisiones en el contexto del programa.,Analizar automatización administrativa mediante simulación.,"Recolección de información, simulación y análisis de resultados.",Se obtuvieron hallazgos de alcance aplicado y contextual.,"Los resultados son útiles para el contexto estudiado, aunque no implican generalización universal.",PRG-004,2024,automatización administrativa;simulación,APPROVED,repo://thesis/548,Medicina,automatización administrativa,synthetic institutional data
THS-549,Calidad de servicio en Enfermería,Trabajo de grado sobre calidad de servicio con enfoque de revisión aplicada y aplicación contextual.,Se requiere comprender mejor calidad de servicio para orientar decisiones en el contexto del programa.,Analizar calidad de servicio mediante revisión aplicada.,,Se obtuvieron hallazgos de alcance aplicado y contextual.,"Los resultados son útiles para el contexto estudiado, aunque no implican generalización universal.",PRG-005,2025,calidad de servicio;revisión aplicada,APPROVED,repo://thesis/549,Enfermería,calidad de servicio,synthetic institutional data
THS-550,Economía circular en Seguridad y Salud en el Trabajo,Trabajo de grado sobre economía circular con enfoque de revisión aplicada y aplicación contextual.,Se requiere comprender mejor economía circular para orientar decisiones en el contexto del programa.,Analizar economía circular mediante revisión aplicada.,"Recolección de información, revisión aplicada y análisis de resultados.",Se obtuvieron hallazgos de alcance aplicado y contextual.,"Los resultados son útiles para el contexto estudiado, aunque no implican generalización universal.",PRG-006,2026,economía circular;revisión aplicada,APPROVED,repo://thesis/550,Seguridad y Salud en el Trabajo,economía circular,synthetic institutional data
THS-551,Gestión de residuos en Administración de Empresas,Trabajo de grado sobre gestión de residuos con enfoque de análisis estadístico y aplicación contextual.,Se requiere comprender mejor gestión de residuos para orientar decisiones en el contexto del programa.,Analizar gestión de residuos mediante análisis estadístico.,"Recolección de información, análisis estadístico y análisis de resultados.",Se obtuvieron hallazgos de alcance aplicado y contextual.,"Los resultados son útiles para el contexto estudiado, aunque no implican generalización universal.",PRG-007,2017,,APPROVED,repo://thesis/551,Administración de Empresas,gestión de residuos,synthetic institutional data
THS-552,Planeación financiera en Ingeniería Financiera,Trabajo de grado sobre planeación financiera con enfoque de simulación y aplicación contextual.,Se requiere comprender mejor planeación financiera para orientar decisiones en el contexto del programa.,Analizar planeación financiera mediante simulación.,"Recolección de información, simulación y análisis de resultados.",Se obtuvieron hallazgos de alcance aplicado y contextual.,"Los resultados son útiles para el contexto estudiado, aunque no implican generalización universal.",PRG-008,2018,planeación financiera;simulación,APPROVED,repo://thesis/552,Financiera,planeación financiera,synthetic institutional data
THS-553,Experiencia del paciente en Economía,Trabajo de grado sobre experiencia del paciente con enfoque de prototipo funcional y aplicación contextual.,Se requiere comprender mejor experiencia del paciente para orientar decisiones en el contexto del programa.,Analizar experiencia del paciente mediante prototipo funcional.,"Recolección de información, prototipo funcional y análisis de resultados.",Se obtuvieron hallazgos de alcance aplicado y contextual.,"Los resultados son útiles para el contexto estudiado, aunque no implican generalización universal.",PRG-009,2019,experiencia del paciente;prototipo funcional,APPROVED,repo://thesis/553,Economía,experiencia del paciente,synthetic institutional data
THS-554,Usabilidad de aplicaciones en Licenciatura en Tecnología e Informática,Trabajo de grado sobre usabilidad de aplicaciones con enfoque de análisis estadístico y aplicación contextual.,Se requiere comprender mejor usabilidad de aplicaciones para orientar decisiones en el contexto del programa.,Analizar usabilidad de aplicaciones mediante análisis estadístico.,"Recolección de información, análisis estadístico y análisis de resultados.",Se obtuvieron hallazgos de alcance aplicado y contextual.,"Los resultados son útiles para el contexto estudiado, aunque no implican generalización universal.",PRG-010,2020,usabilidad de aplicaciones;análisis estadístico,APPROVED,repo://thesis/554,Licenciatura en Tecnología e Informática,usabilidad de aplicaciones,synthetic institutional data
THS-555,Movilidad sostenible en Psicología,Trabajo de grado sobre movilidad sostenible con enfoque de estudio descriptivo y aplicación contextual.,Se requiere comprender mejor movilidad sostenible para orientar decisiones en el contexto del programa.,Analizar movilidad sostenible mediante estudio descriptivo.,"Recolección de información, estudio descriptivo y análisis de resultados.",Se obtuvieron hallazgos de alcance aplicado y contextual.,"Los resultados son útiles para el contexto estudiado, aunque no implican generalización universal.",PRG-011,2021,movilidad sostenible;estudio descriptivo,APPROVED,repo://thesis/555,Psicología,movilidad sostenible,synthetic institutional data
THS-556,Competencias digitales en Ciencias de la Educación,Trabajo de grado sobre competencias digitales con enfoque de prototipo funcional y aplicación contextual.,Se requiere comprender mejor competencias digitales para orientar decisiones en el contexto del programa.,Analizar competencias digitales mediante prototipo funcional.,"Recolección de información, prototipo funcional y análisis de resultados.",Se obtuvieron hallazgos de alcance aplicado y contextual.,"Los resultados son útiles para el contexto estudiado, aunque no implican generalización universal.",PRG-012,2022,competencias digitales;prototipo funcional,APPROVED,repo://thesis/556,Ciencias de la Educación,competencias digitales,synthetic institutional data
THS-557,Clima organizacional en Ingeniería Ambiental,Trabajo de grado sobre clima organizacional con enfoque de análisis estadístico y aplicación contextual.,Se requiere comprender mejor clima organizacional para orientar decisiones en el contexto del programa.,Analizar clima organizacional mediante análisis estadístico.,"Recolección de información, análisis estadístico y análisis de resultados.",Se obtuvieron hallazgos de alcance aplicado y contextual.,"Los resultados son útiles para el contexto estudiado, aunque no implican generalización universal.",PRG-013,2023,clima organizacional;análisis estadístico,APPROVED,repo://thesis/557,Ambiental,clima organizacional,synthetic institutional data
THS-558,Eficiencia de procesos en Gestión Ambiental,Trabajo de grado sobre eficiencia de procesos con enfoque de estudio de caso y aplicación contextual.,Se requiere comprender mejor eficiencia de procesos para orientar decisiones en el contexto del programa.,Analizar eficiencia de procesos mediante estudio de caso.,"Recolección de información, estudio de caso y análisis de resultados.",Se obtuvieron hallazgos de alcance aplicado y contextual.,"Los resultados son útiles para el contexto estudiado, aunque no implican generalización universal.",PRG-014,2024,eficiencia de procesos;estudio de caso,APPROVED,repo://thesis/558,Gestión Ambiental,eficiencia de procesos,synthetic institutional data
THS-559,Visualización de indicadores en Ingeniería Civil,Trabajo de grado sobre visualización de indicadores con enfoque de prototipo funcional y aplicación contextual.,Se requiere comprender mejor visualización de indicadores para orientar decisiones en el contexto del programa.,Analizar visualización de indicadores mediante prototipo funcional.,"Recolección de información, prototipo funcional y análisis de resultados.",Se obtuvieron hallazgos de alcance aplicado y contextual.,"Los resultados son útiles para el contexto estudiado, aunque no implican generalización universal.",PRG-015,2025,visualización de indicadores;prototipo funcional,APPROVED,repo://thesis/559,Civil,visualización de indicadores,synthetic institutional data
THS-560,Gestión del conocimiento en Matemáticas Aplicadas,Trabajo de grado sobre gestión del conocimiento con enfoque de revisión aplicada y aplicación contextual.,Se requiere comprender mejor gestión del conocimiento para orientar decisiones en el contexto del programa.,Analizar gestión del conocimiento mediante revisión aplicada.,"Recolección de información, revisión aplicada y análisis de resultados.",Se obtuvieron hallazgos de alcance aplicado y contextual.,"Los resultados son útiles para el contexto estudiado, aunque no implican generalización universal.",PRG-016,2026,gestión del conocimiento;revisión aplicada,APPROVED,repo://thesis/560,Matemáticas Aplicadas,gestión del conocimiento,synthetic institutional data
THS-561,Modelamiento de demanda en Física,Trabajo de grado sobre modelamiento de demanda con enfoque de prototipo funcional y aplicación contextual.,Se requiere comprender mejor modelamiento de demanda para orientar decisiones en el contexto del programa.,Analizar modelamiento de demanda mediante prototipo funcional.,"Recolección de información, prototipo funcional y análisis de resultados.",Se obtuvieron hallazgos de alcance aplicado y contextual.,"Los resultados son útiles para el contexto estudiado, aunque no implican generalización universal.",PRG-017,2017,modelamiento de demanda;prototipo funcional,APPROVED,repo://thesis/561,Física,modelamiento de demanda,synthetic institutional data
THS-562,Diseño de prototipos en Ciencia de Datos,Trabajo de grado sobre diseño de prototipos con enfoque de revisión aplicada y aplicación contextual.,Se requiere comprender mejor diseño de prototipos para orientar decisiones en el contexto del programa.,Analizar diseño de prototipos mediante revisión aplicada.,"Recolección de información, revisión aplicada y análisis de resultados.",Se obtuvieron hallazgos de alcance aplicado y contextual.,"Los resultados son útiles para el contexto estudiado, aunque no implican generalización universal.",PRG-018,2018,diseño de prototipos;revisión aplicada,APPROVED,repo://thesis/562,Ciencia de Datos,diseño de prototipos,synthetic institutional data
THS-563,Análisis de percepción en Ingeniería de Sistemas,Trabajo de grado sobre análisis de percepción con enfoque de estudio descriptivo y aplicación contextual.,Se requiere comprender mejor análisis de percepción para orientar decisiones en el contexto del programa.,Analizar análisis de percepción mediante estudio descriptivo.,"Recolección de información, estudio descriptivo y análisis de resultados.",Se obtuvieron hallazgos de alcance aplicado y contextual.,"Los resultados son útiles para el contexto estudiado, aunque no implican generalización universal.",PRG-001,2019,análisis de percepción;estudio descriptivo,APPROVED,repo://thesis/563,de Sistemas,análisis de percepción,synthetic institutional data
THS-564,Gestión de proyectos en Ingeniería Electrónica,Trabajo de grado sobre gestión de proyectos con enfoque de estudio descriptivo y aplicación contextual.,Se requiere comprender mejor gestión de proyectos para orientar decisiones en el contexto del programa.,Analizar gestión de proyectos mediante estudio descriptivo.,"Recolección de información, estudio descriptivo y análisis de resultados.",Se obtuvieron hallazgos de alcance aplicado y contextual.,"Los resultados son útiles para el contexto estudiado, aunque no implican generalización universal.",PRG-002,2020,gestión de proyectos;estudio descriptivo,APPROVED,repo://thesis/564,Electrónica,gestión de proyectos,synthetic institutional data
THS-565,Calidad de datos en Ingeniería Industrial,Trabajo de grado sobre calidad de datos con enfoque de análisis estadístico y aplicación contextual.,Se requiere comprender mejor calidad de datos para orientar decisiones en el contexto del programa.,Analizar calidad de datos mediante análisis estadístico.,"Recolección de información, análisis estadístico y análisis de resultados.",Se obtuvieron hallazgos de alcance aplicado y contextual.,"Los resultados son útiles para el contexto estudiado, aunque no implican generalización universal.",PRG-003,2021,calidad de datos;análisis estadístico,APPROVED,repo://thesis/565,Industrial,calidad de datos,synthetic institutional data
THS-566,Innovación empresarial en Medicina,Trabajo de grado sobre innovación empresarial con enfoque de prototipo funcional y aplicación contextual.,Se requiere comprender mejor innovación empresarial para orientar decisiones en el contexto del programa.,Analizar innovación empresarial mediante prototipo funcional.,"Recolección de información, prototipo funcional y análisis de resultados.",Se obtuvieron hallazgos de alcance aplicado y contextual.,"Los resultados son útiles para el contexto estudiado, aunque no implican generalización universal.",PRG-004,2022,innovación empresarial;prototipo funcional,APPROVED,repo://thesis/566,Medicina,innovación empresarial,synthetic institutional data
THS-567,Sostenibilidad operativa en Enfermería,Trabajo de grado sobre sostenibilidad operativa con enfoque de prototipo funcional y aplicación contextual.,Se requiere comprender mejor sostenibilidad operativa para orientar decisiones en el contexto del programa.,Analizar sostenibilidad operativa mediante prototipo funcional.,"Recolección de información, prototipo funcional y análisis de resultados.",Se obtuvieron hallazgos de alcance aplicado y contextual.,"Los resultados son útiles para el contexto estudiado, aunque no implican generalización universal.",PRG-005,2023,sostenibilidad operativa;prototipo funcional,APPROVED,repo://thesis/567,Enfermería,sostenibilidad operativa,synthetic institutional data
THS-568,Interoperabilidad en Seguridad y Salud en el Trabajo,Trabajo de grado sobre interoperabilidad con enfoque de revisión aplicada y aplicación contextual.,Se requiere comprender mejor interoperabilidad para orientar decisiones en el contexto del programa.,Analizar interoperabilidad mediante revisión aplicada.,"Recolección de información, revisión aplicada y análisis de resultados.",Se obtuvieron hallazgos de alcance aplicado y contextual.,"Los resultados son útiles para el contexto estudiado, aunque no implican generalización universal.",PRG-006,2024,interoperabilidad;revisión aplicada,APPROVED,repo://thesis/568,Seguridad y Salud en el Trabajo,interoperabilidad,synthetic institutional data
THS-569,Adopción de plataformas virtuales en Administración de Empresas,Trabajo de grado sobre adopción de plataformas virtuales con enfoque de simulación y aplicación contextual.,Se requiere comprender mejor adopción de plataformas virtuales para orientar decisiones en el contexto del programa.,Analizar adopción de plataformas virtuales mediante simulación.,"Recolección de información, simulación y análisis de resultados.",Se obtuvieron hallazgos de alcance aplicado y contextual.,"Los resultados son útiles para el contexto estudiado, aunque no implican generalización universal.",PRG-007,2025,adopción de plataformas virtuales;simulación,APPROVED,repo://thesis/569,Administración de Empresas,adopción de plataformas virtuales,synthetic institutional data
THS-570,Satisfacción de usuarios en Ingeniería Financiera,Trabajo de grado sobre satisfacción de usuarios con enfoque de revisión aplicada y aplicación contextual.,Se requiere comprender mejor satisfacción de usuarios para orientar decisiones en el contexto del programa.,Analizar satisfacción de usuarios mediante revisión aplicada.,"Recolección de información, revisión aplicada y análisis de resultados.",Se obtuvieron hallazgos de alcance aplicado y contextual.,"Los resultados son útiles para el contexto estudiado, aunque no implican generalización universal.",PRG-008,2026,satisfacción de usuarios;revisión aplicada,APPROVED,repo://thesis/570,Financiera,satisfacción de usuarios,synthetic institutional data
THS-571,Gestión de inventarios en Economía,Trabajo de grado sobre gestión de inventarios con enfoque de análisis estadístico y aplicación contextual.,Se requiere comprender mejor gestión de inventarios para orientar decisiones en el contexto del programa.,Analizar gestión de inventarios mediante análisis estadístico.,"Recolección de información, análisis estadístico y análisis de resultados.",Se obtuvieron hallazgos de alcance aplicado y contextual.,"Los resultados son útiles para el contexto estudiado, aunque no implican generalización universal.",PRG-009,2017,gestión de inventarios;análisis estadístico,APPROVED,repo://thesis/571,Economía,gestión de inventarios,synthetic institutional data
THS-572,Automatización administrativa en Licenciatura en Tecnología e Informática,Trabajo de grado sobre automatización administrativa con enfoque de análisis estadístico y aplicación contextual.,Se requiere comprender mejor automatización administrativa para orientar decisiones en el contexto del programa.,Analizar automatización administrativa mediante análisis estadístico.,"Recolección de información, análisis estadístico y análisis de resultados.",Se obtuvieron hallazgos de alcance aplicado y contextual.,"Los resultados son útiles para el contexto estudiado, aunque no implican generalización universal.",PRG-010,2018,automatización administrativa;análisis estadístico,APPROVED,repo://thesis/572,Licenciatura en Tecnología e Informática,automatización administrativa,synthetic institutional data
THS-573,Calidad de servicio en Psicología,Trabajo de grado sobre calidad de servicio con enfoque de prototipo funcional y aplicación contextual.,Se requiere comprender mejor calidad de servicio para orientar decisiones en el contexto del programa.,Analizar calidad de servicio mediante prototipo funcional.,"Recolección de información, prototipo funcional y análisis de resultados.",Se obtuvieron hallazgos de alcance aplicado y contextual.,"Los resultados son útiles para el contexto estudiado, aunque no implican generalización universal.",PRG-011,2019,calidad de servicio;prototipo funcional,APPROVED,repo://thesis/573,Psicología,calidad de servicio,synthetic institutional data
THS-574,Economía circular en Ciencias de la Educación,Trabajo de grado sobre economía circular con enfoque de revisión aplicada y aplicación contextual.,Se requiere comprender mejor economía circular para orientar decisiones en el contexto del programa.,Analizar economía circular mediante revisión aplicada.,"Recolección de información, revisión aplicada y análisis de resultados.",Se obtuvieron hallazgos de alcance aplicado y contextual.,"Los resultados son útiles para el contexto estudiado, aunque no implican generalización universal.",PRG-012,2020,economía circular;revisión aplicada,APPROVED,repo://thesis/574,Ciencias de la Educación,economía circular,synthetic institutional data
THS-575,Gestión de residuos en Ingeniería Ambiental,Trabajo de grado sobre gestión de residuos con enfoque de revisión aplicada y aplicación contextual.,Se requiere comprender mejor gestión de residuos para orientar decisiones en el contexto del programa.,Analizar gestión de residuos mediante revisión aplicada.,"Recolección de información, revisión aplicada y análisis de resultados.",Se obtuvieron hallazgos de alcance aplicado y contextual.,"Los resultados son útiles para el contexto estudiado, aunque no implican generalización universal.",PRG-013,2021,gestión de residuos;revisión aplicada,APPROVED,repo://thesis/575,Ambiental,gestión de residuos,synthetic institutional data
THS-576,Planeación financiera en Gestión Ambiental,Trabajo de grado sobre planeación financiera con enfoque de prototipo funcional y aplicación contextual.,Se requiere comprender mejor planeación financiera para orientar decisiones en el contexto del programa.,Analizar planeación financiera mediante prototipo funcional.,"Recolección de información, prototipo funcional y análisis de resultados.",Se obtuvieron hallazgos de alcance aplicado y contextual.,"Los resultados son útiles para el contexto estudiado, aunque no implican generalización universal.",PRG-014,2022,planeación financiera;prototipo funcional,APPROVED,repo://thesis/576,Gestión Ambiental,planeación financiera,synthetic institutional data
THS-577,Experiencia del paciente en Ingeniería Civil,Trabajo de grado sobre experiencia del paciente con enfoque de estudio descriptivo y aplicación contextual.,Se requiere comprender mejor experiencia del paciente para orientar decisiones en el contexto del programa.,Analizar experiencia del paciente mediante estudio descriptivo.,"Recolección de información, estudio descriptivo y análisis de resultados.",Se obtuvieron hallazgos de alcance aplicado y contextual.,"Los resultados son útiles para el contexto estudiado, aunque no implican generalización universal.",PRG-015,2023,experiencia del paciente;estudio descriptivo,APPROVED,repo://thesis/577,Civil,experiencia del paciente,synthetic institutional data
THS-578,Usabilidad de aplicaciones en Matemáticas Aplicadas,Trabajo de grado sobre usabilidad de aplicaciones con enfoque de revisión aplicada y aplicación contextual.,Se requiere comprender mejor usabilidad de aplicaciones para orientar decisiones en el contexto del programa.,Analizar usabilidad de aplicaciones mediante revisión aplicada.,"Recolección de información, revisión aplicada y análisis de resultados.",Se obtuvieron hallazgos de alcance aplicado y contextual.,"Los resultados son útiles para el contexto estudiado, aunque no implican generalización universal.",PRG-016,2024,usabilidad de aplicaciones;revisión aplicada,APPROVED,repo://thesis/578,Matemáticas Aplicadas,usabilidad de aplicaciones,synthetic institutional data
THS-579,Movilidad sostenible en Física,Trabajo de grado sobre movilidad sostenible con enfoque de estudio descriptivo y aplicación contextual.,Se requiere comprender mejor movilidad sostenible para orientar decisiones en el contexto del programa.,Analizar movilidad sostenible mediante estudio descriptivo.,"Recolección de información, estudio descriptivo y análisis de resultados.",Se obtuvieron hallazgos de alcance aplicado y contextual.,"Los resultados son útiles para el contexto estudiado, aunque no implican generalización universal.",PRG-017,2025,movilidad sostenible;estudio descriptivo,APPROVED,repo://thesis/579,Física,movilidad sostenible,synthetic institutional data
THS-580,Competencias digitales en Ciencia de Datos,Trabajo de grado sobre competencias digitales con enfoque de estudio de caso y aplicación contextual.,Se requiere comprender mejor competencias digitales para orientar decisiones en el contexto del programa.,Analizar competencias digitales mediante estudio de caso.,"Recolección de información, estudio de caso y análisis de resultados.",Se obtuvieron hallazgos de alcance aplicado y contextual.,"Los resultados son útiles para el contexto estudiado, aunque no implican generalización universal.",PRG-018,2026,,APPROVED,repo://thesis/580,Ciencia de Datos,competencias digitales,synthetic institutional data
THS-581,Clima organizacional en Ingeniería de Sistemas,Trabajo de grado sobre clima organizacional con enfoque de estudio de caso y aplicación contextual.,Se requiere comprender mejor clima organizacional para orientar decisiones en el contexto del programa.,Analizar clima organizacional mediante estudio de caso.,"Recolección de información, estudio de caso y análisis de resultados.",Se obtuvieron hallazgos de alcance aplicado y contextual.,"Los resultados son útiles para el contexto estudiado, aunque no implican generalización universal.",PRG-001,2017,clima organizacional;estudio de caso,APPROVED,repo://thesis/581,de Sistemas,clima organizacional,synthetic institutional data
THS-582,Eficiencia de procesos en Ingeniería Electrónica,Trabajo de grado sobre eficiencia de procesos con enfoque de simulación y aplicación contextual.,Se requiere comprender mejor eficiencia de procesos para orientar decisiones en el contexto del programa.,Analizar eficiencia de procesos mediante simulación.,"Recolección de información, simulación y análisis de resultados.",Se obtuvieron hallazgos de alcance aplicado y contextual.,"Los resultados son útiles para el contexto estudiado, aunque no implican generalización universal.",PRG-002,2018,eficiencia de procesos;simulación,APPROVED,repo://thesis/582,Electrónica,eficiencia de procesos,synthetic institutional data
THS-583,Visualización de indicadores en Ingeniería Industrial,Trabajo de grado sobre visualización de indicadores con enfoque de simulación y aplicación contextual.,Se requiere comprender mejor visualización de indicadores para orientar decisiones en el contexto del programa.,Analizar visualización de indicadores mediante simulación.,"Recolección de información, simulación y análisis de resultados.",Se obtuvieron hallazgos de alcance aplicado y contextual.,"Los resultados son útiles para el contexto estudiado, aunque no implican generalización universal.",PRG-003,2019,visualización de indicadores;simulación,APPROVED,repo://thesis/583,Industrial,visualización de indicadores,synthetic institutional data
THS-584,Gestión del conocimiento en Medicina,Trabajo de grado sobre gestión del conocimiento con enfoque de estudio descriptivo y aplicación contextual.,Se requiere comprender mejor gestión del conocimiento para orientar decisiones en el contexto del programa.,Analizar gestión del conocimiento mediante estudio descriptivo.,"Recolección de información, estudio descriptivo y análisis de resultados.",Se obtuvieron hallazgos de alcance aplicado y contextual.,"Los resultados son útiles para el contexto estudiado, aunque no implican generalización universal.",PRG-004,2020,gestión del conocimiento;estudio descriptivo,APPROVED,repo://thesis/584,Medicina,gestión del conocimiento,synthetic institutional data
THS-585,Modelamiento de demanda en Enfermería,Trabajo de grado sobre modelamiento de demanda con enfoque de prototipo funcional y aplicación contextual.,Se requiere comprender mejor modelamiento de demanda para orientar decisiones en el contexto del programa.,Analizar modelamiento de demanda mediante prototipo funcional.,"Recolección de información, prototipo funcional y análisis de resultados.",Se obtuvieron hallazgos de alcance aplicado y contextual.,"Los resultados son útiles para el contexto estudiado, aunque no implican generalización universal.",PRG-005,2021,modelamiento de demanda;prototipo funcional,APPROVED,repo://thesis/585,Enfermería,modelamiento de demanda,synthetic institutional data
THS-586,Diseño de prototipos en Seguridad y Salud en el Trabajo,Trabajo de grado sobre diseño de prototipos con enfoque de simulación y aplicación contextual.,Se requiere comprender mejor diseño de prototipos para orientar decisiones en el contexto del programa.,Analizar diseño de prototipos mediante simulación.,"Recolección de información, simulación y análisis de resultados.",Se obtuvieron hallazgos de alcance aplicado y contextual.,"Los resultados son útiles para el contexto estudiado, aunque no implican generalización universal.",PRG-006,2022,diseño de prototipos;simulación,APPROVED,repo://thesis/586,Seguridad y Salud en el Trabajo,diseño de prototipos,synthetic institutional data
THS-587,Análisis de percepción en Administración de Empresas,Trabajo de grado sobre análisis de percepción con enfoque de estudio de caso y aplicación contextual.,Se requiere comprender mejor análisis de percepción para orientar decisiones en el contexto del programa.,Analizar análisis de percepción mediante estudio de caso.,"Recolección de información, estudio de caso y análisis de resultados.",Se obtuvieron hallazgos de alcance aplicado y contextual.,"Los resultados son útiles para el contexto estudiado, aunque no implican generalización universal.",PRG-007,2023,análisis de percepción;estudio de caso,APPROVED,repo://thesis/587,Administración de Empresas,análisis de percepción,synthetic institutional data
THS-588,Gestión de proyectos en Ingeniería Financiera,Trabajo de grado sobre gestión de proyectos con enfoque de análisis estadístico y aplicación contextual.,Se requiere comprender mejor gestión de proyectos para orientar decisiones en el contexto del programa.,Analizar gestión de proyectos mediante análisis estadístico.,"Recolección de información, análisis estadístico y análisis de resultados.",Se obtuvieron hallazgos de alcance aplicado y contextual.,"Los resultados son útiles para el contexto estudiado, aunque no implican generalización universal.",PRG-008,2024,gestión de proyectos;análisis estadístico,APPROVED,repo://thesis/588,Financiera,gestión de proyectos,synthetic institutional data
THS-589,Calidad de datos en Economía,Trabajo de grado sobre calidad de datos con enfoque de estudio de caso y aplicación contextual.,Se requiere comprender mejor calidad de datos para orientar decisiones en el contexto del programa.,Analizar calidad de datos mediante estudio de caso.,"Recolección de información, estudio de caso y análisis de resultados.",Se obtuvieron hallazgos de alcance aplicado y contextual.,"Los resultados son útiles para el contexto estudiado, aunque no implican generalización universal.",PRG-009,2025,calidad de datos;estudio de caso,APPROVED,repo://thesis/589,Economía,calidad de datos,synthetic institutional data
THS-590,Innovación empresarial en Licenciatura en Tecnología e Informática,Trabajo de grado sobre innovación empresarial con enfoque de revisión aplicada y aplicación contextual.,Se requiere comprender mejor innovación empresarial para orientar decisiones en el contexto del programa.,Analizar innovación empresarial mediante revisión aplicada.,"Recolección de información, revisión aplicada y análisis de resultados.",Se obtuvieron hallazgos de alcance aplicado y contextual.,"Los resultados son útiles para el contexto estudiado, aunque no implican generalización universal.",PRG-010,2026,innovación empresarial;revisión aplicada,APPROVED,repo://thesis/590,Licenciatura en Tecnología e Informática,innovación empresarial,synthetic institutional data
THS-591,Sostenibilidad operativa en Psicología,Trabajo de grado sobre sostenibilidad operativa con enfoque de simulación y aplicación contextual.,Se requiere comprender mejor sostenibilidad operativa para orientar decisiones en el contexto del programa.,Analizar sostenibilidad operativa mediante simulación.,"Recolección de información, simulación y análisis de resultados.",Se obtuvieron hallazgos de alcance aplicado y contextual.,"Los resultados son útiles para el contexto estudiado, aunque no implican generalización universal.",PRG-011,2017,sostenibilidad operativa;simulación,APPROVED,repo://thesis/591,Psicología,sostenibilidad operativa,synthetic institutional data
THS-592,Interoperabilidad en Ciencias de la Educación,Trabajo de grado sobre interoperabilidad con enfoque de estudio descriptivo y aplicación contextual.,Se requiere comprender mejor interoperabilidad para orientar decisiones en el contexto del programa.,Analizar interoperabilidad mediante estudio descriptivo.,"Recolección de información, estudio descriptivo y análisis de resultados.",Se obtuvieron hallazgos de alcance aplicado y contextual.,"Los resultados son útiles para el contexto estudiado, aunque no implican generalización universal.",PRG-012,2018,interoperabilidad;estudio descriptivo,APPROVED,repo://thesis/592,Ciencias de la Educación,interoperabilidad,synthetic institutional data
THS-593,Adopción de plataformas virtuales en Ingeniería Ambiental,Trabajo de grado sobre adopción de plataformas virtuales con enfoque de simulación y aplicación contextual.,Se requiere comprender mejor adopción de plataformas virtuales para orientar decisiones en el contexto del programa.,Analizar adopción de plataformas virtuales mediante simulación.,"Recolección de información, simulación y análisis de resultados.",Se obtuvieron hallazgos de alcance aplicado y contextual.,"Los resultados son útiles para el contexto estudiado, aunque no implican generalización universal.",PRG-013,2019,adopción de plataformas virtuales;simulación,APPROVED,repo://thesis/593,Ambiental,adopción de plataformas virtuales,synthetic institutional data
THS-594,Satisfacción de usuarios en Gestión Ambiental,Trabajo de grado sobre satisfacción de usuarios con enfoque de simulación y aplicación contextual.,Se requiere comprender mejor satisfacción de usuarios para orientar decisiones en el contexto del programa.,Analizar satisfacción de usuarios mediante simulación.,"Recolección de información, simulación y análisis de resultados.",Se obtuvieron hallazgos de alcance aplicado y contextual.,"Los resultados son útiles para el contexto estudiado, aunque no implican generalización universal.",PRG-014,2020,satisfacción de usuarios;simulación,APPROVED,repo://thesis/594,Gestión Ambiental,satisfacción de usuarios,synthetic institutional data
THS-595,Gestión de inventarios en Ingeniería Civil,Trabajo de grado sobre gestión de inventarios con enfoque de simulación y aplicación contextual.,Se requiere comprender mejor gestión de inventarios para orientar decisiones en el contexto del programa.,Analizar gestión de inventarios mediante simulación.,"Recolección de información, simulación y análisis de resultados.",Se obtuvieron hallazgos de alcance aplicado y contextual.,"Los resultados son útiles para el contexto estudiado, aunque no implican generalización universal.",PRG-015,2021,gestión de inventarios;simulación,APPROVED,repo://thesis/595,Civil,gestión de inventarios,synthetic institutional data
THS-596,Automatización administrativa en Matemáticas Aplicadas,Trabajo de grado sobre automatización administrativa con enfoque de estudio de caso y aplicación contextual.,Se requiere comprender mejor automatización administrativa para orientar decisiones en el contexto del programa.,Analizar automatización administrativa mediante estudio de caso.,"Recolección de información, estudio de caso y análisis de resultados.",Se obtuvieron hallazgos de alcance aplicado y contextual.,"Los resultados son útiles para el contexto estudiado, aunque no implican generalización universal.",PRG-016,2022,automatización administrativa;estudio de caso,APPROVED,repo://thesis/596,Matemáticas Aplicadas,automatización administrativa,synthetic institutional data
THS-597,Calidad de servicio en Física,Trabajo de grado sobre calidad de servicio con enfoque de estudio descriptivo y aplicación contextual.,Se requiere comprender mejor calidad de servicio para orientar decisiones en el contexto del programa.,Analizar calidad de servicio mediante estudio descriptivo.,"Recolección de información, estudio descriptivo y análisis de resultados.",Se obtuvieron hallazgos de alcance aplicado y contextual.,"Los resultados son útiles para el contexto estudiado, aunque no implican generalización universal.",PRG-017,2023,calidad de servicio;estudio descriptivo,APPROVED,repo://thesis/597,Física,calidad de servicio,synthetic institutional data
THS-598,Economía circular en Ciencia de Datos,Trabajo de grado sobre economía circular con enfoque de estudio descriptivo y aplicación contextual.,Se requiere comprender mejor economía circular para orientar decisiones en el contexto del programa.,Analizar economía circular mediante estudio descriptivo.,"Recolección de información, estudio descriptivo y análisis de resultados.",Se obtuvieron hallazgos de alcance aplicado y contextual.,"Los resultados son útiles para el contexto estudiado, aunque no implican generalización universal.",PRG-018,2024,economía circular;estudio descriptivo,APPROVED,repo://thesis/598,Ciencia de Datos,economía circular,synthetic institutional data
THS-599,Gestión de residuos en Ingeniería de Sistemas,Trabajo de grado sobre gestión de residuos con enfoque de estudio de caso y aplicación contextual.,Se requiere comprender mejor gestión de residuos para orientar decisiones en el contexto del programa.,Analizar gestión de residuos mediante estudio de caso.,"Recolección de información, estudio de caso y análisis de resultados.",Se obtuvieron hallazgos de alcance aplicado y contextual.,"Los resultados son útiles para el contexto estudiado, aunque no implican generalización universal.",PRG-001,2025,gestión de residuos;estudio de caso,APPROVED,repo://thesis/599,de Sistemas,gestión de residuos,synthetic institutional data
THS-600,Planeación financiera en Ingeniería Electrónica,Trabajo de grado sobre planeación financiera con enfoque de prototipo funcional y aplicación contextual.,Se requiere comprender mejor planeación financiera para orientar decisiones en el contexto del programa.,Analizar planeación financiera mediante prototipo funcional.,"Recolección de información, prototipo funcional y análisis de resultados.",Se obtuvieron hallazgos de alcance aplicado y contextual.,"Los resultados son útiles para el contexto estudiado, aunque no implican generalización universal.",PRG-002,2026,planeación financiera;prototipo funcional,APPROVED,repo://thesis/600,Electrónica,planeación financiera,synthetic institutional data
THS-601,Experiencia del paciente en Ingeniería Industrial,Trabajo de grado sobre experiencia del paciente con enfoque de prototipo funcional y aplicación contextual.,Se requiere comprender mejor experiencia del paciente para orientar decisiones en el contexto del programa.,Analizar experiencia del paciente mediante prototipo funcional.,"Recolección de información, prototipo funcional y análisis de resultados.",Se obtuvieron hallazgos de alcance aplicado y contextual.,"Los resultados son útiles para el contexto estudiado, aunque no implican generalización universal.",PRG-003,2017,experiencia del paciente;prototipo funcional,APPROVED,repo://thesis/601,Industrial,experiencia del paciente,synthetic institutional data
THS-602,Usabilidad de aplicaciones en Medicina,Trabajo de grado sobre usabilidad de aplicaciones con enfoque de prototipo funcional y aplicación contextual.,Se requiere comprender mejor usabilidad de aplicaciones para orientar decisiones en el contexto del programa.,Analizar usabilidad de aplicaciones mediante prototipo funcional.,"Recolección de información, prototipo funcional y análisis de resultados.",Se obtuvieron hallazgos de alcance aplicado y contextual.,"Los resultados son útiles para el contexto estudiado, aunque no implican generalización universal.",PRG-004,2018,usabilidad de aplicaciones;prototipo funcional,APPROVED,repo://thesis/602,Medicina,usabilidad de aplicaciones,synthetic institutional data
THS-603,Movilidad sostenible en Enfermería,Trabajo de grado sobre movilidad sostenible con enfoque de análisis estadístico y aplicación contextual.,Se requiere comprender mejor movilidad sostenible para orientar decisiones en el contexto del programa.,Analizar movilidad sostenible mediante análisis estadístico.,"Recolección de información, análisis estadístico y análisis de resultados.",,"Los resultados son útiles para el contexto estudiado, aunque no implican generalización universal.",PRG-005,2019,movilidad sostenible;análisis estadístico,APPROVED,repo://thesis/603,Enfermería,movilidad sostenible,synthetic institutional data
THS-604,Competencias digitales en Seguridad y Salud en el Trabajo,Trabajo de grado sobre competencias digitales con enfoque de simulación y aplicación contextual.,Se requiere comprender mejor competencias digitales para orientar decisiones en el contexto del programa.,Analizar competencias digitales mediante simulación.,"Recolección de información, simulación y análisis de resultados.",Se obtuvieron hallazgos de alcance aplicado y contextual.,"Los resultados son útiles para el contexto estudiado, aunque no implican generalización universal.",PRG-006,2020,competencias digitales;simulación,APPROVED,repo://thesis/604,Seguridad y Salud en el Trabajo,competencias digitales,synthetic institutional data
THS-605,Clima organizacional en Administración de Empresas,Trabajo de grado sobre clima organizacional con enfoque de revisión aplicada y aplicación contextual.,Se requiere comprender mejor clima organizacional para orientar decisiones en el contexto del programa.,Analizar clima organizacional mediante revisión aplicada.,"Recolección de información, revisión aplicada y análisis de resultados.",Se obtuvieron hallazgos de alcance aplicado y contextual.,"Los resultados son útiles para el contexto estudiado, aunque no implican generalización universal.",PRG-007,2021,clima organizacional;revisión aplicada,APPROVED,repo://thesis/605,Administración de Empresas,clima organizacional,synthetic institutional data
THS-606,Eficiencia de procesos en Ingeniería Financiera,Trabajo de grado sobre eficiencia de procesos con enfoque de análisis estadístico y aplicación contextual.,Se requiere comprender mejor eficiencia de procesos para orientar decisiones en el contexto del programa.,Analizar eficiencia de procesos mediante análisis estadístico.,"Recolección de información, análisis estadístico y análisis de resultados.",Se obtuvieron hallazgos de alcance aplicado y contextual.,"Los resultados son útiles para el contexto estudiado, aunque no implican generalización universal.",PRG-008,2022,eficiencia de procesos;análisis estadístico,APPROVED,repo://thesis/606,Financiera,eficiencia de procesos,synthetic institutional data
THS-607,Visualización de indicadores en Economía,Trabajo de grado sobre visualización de indicadores con enfoque de revisión aplicada y aplicación contextual.,Se requiere comprender mejor visualización de indicadores para orientar decisiones en el contexto del programa.,Analizar visualización de indicadores mediante revisión aplicada.,"Recolección de información, revisión aplicada y análisis de resultados.",Se obtuvieron hallazgos de alcance aplicado y contextual.,"Los resultados son útiles para el contexto estudiado, aunque no implican generalización universal.",PRG-009,2023,visualización de indicadores;revisión aplicada,APPROVED,repo://thesis/607,Economía,visualización de indicadores,synthetic institutional data
THS-608,Gestión del conocimiento en Licenciatura en Tecnología e Informática,Trabajo de grado sobre gestión del conocimiento con enfoque de simulación y aplicación contextual.,Se requiere comprender mejor gestión del conocimiento para orientar decisiones en el contexto del programa.,Analizar gestión del conocimiento mediante simulación.,"Recolección de información, simulación y análisis de resultados.",Se obtuvieron hallazgos de alcance aplicado y contextual.,"Los resultados son útiles para el contexto estudiado, aunque no implican generalización universal.",PRG-010,2024,gestión del conocimiento;simulación,APPROVED,repo://thesis/608,Licenciatura en Tecnología e Informática,gestión del conocimiento,synthetic institutional data
THS-609,Modelamiento de demanda en Psicología,Trabajo de grado sobre modelamiento de demanda con enfoque de revisión aplicada y aplicación contextual.,Se requiere comprender mejor modelamiento de demanda para orientar decisiones en el contexto del programa.,Analizar modelamiento de demanda mediante revisión aplicada.,"Recolección de información, revisión aplicada y análisis de resultados.",Se obtuvieron hallazgos de alcance aplicado y contextual.,"Los resultados son útiles para el contexto estudiado, aunque no implican generalización universal.",PRG-011,2025,,APPROVED,repo://thesis/609,Psicología,modelamiento de demanda,synthetic institutional data
THS-610,Diseño de prototipos en Ciencias de la Educación,Trabajo de grado sobre diseño de prototipos con enfoque de simulación y aplicación contextual.,Se requiere comprender mejor diseño de prototipos para orientar decisiones en el contexto del programa.,Analizar diseño de prototipos mediante simulación.,,Se obtuvieron hallazgos de alcance aplicado y contextual.,"Los resultados son útiles para el contexto estudiado, aunque no implican generalización universal.",PRG-012,2026,diseño de prototipos;simulación,APPROVED,repo://thesis/610,Ciencias de la Educación,diseño de prototipos,synthetic institutional data
THS-611,Análisis de percepción en Ingeniería Ambiental,Trabajo de grado sobre análisis de percepción con enfoque de revisión aplicada y aplicación contextual.,Se requiere comprender mejor análisis de percepción para orientar decisiones en el contexto del programa.,Analizar análisis de percepción mediante revisión aplicada.,"Recolección de información, revisión aplicada y análisis de resultados.",Se obtuvieron hallazgos de alcance aplicado y contextual.,"Los resultados son útiles para el contexto estudiado, aunque no implican generalización universal.",PRG-013,2017,análisis de percepción;revisión aplicada,APPROVED,repo://thesis/611,Ambiental,análisis de percepción,synthetic institutional data
THS-612,Gestión de proyectos en Gestión Ambiental,Trabajo de grado sobre gestión de proyectos con enfoque de prototipo funcional y aplicación contextual.,Se requiere comprender mejor gestión de proyectos para orientar decisiones en el contexto del programa.,Analizar gestión de proyectos mediante prototipo funcional.,"Recolección de información, prototipo funcional y análisis de resultados.",Se obtuvieron hallazgos de alcance aplicado y contextual.,"Los resultados son útiles para el contexto estudiado, aunque no implican generalización universal.",PRG-014,2018,gestión de proyectos;prototipo funcional,APPROVED,repo://thesis/612,Gestión Ambiental,gestión de proyectos,synthetic institutional data
THS-613,Calidad de datos en Ingeniería Civil,Trabajo de grado sobre calidad de datos con enfoque de revisión aplicada y aplicación contextual.,Se requiere comprender mejor calidad de datos para orientar decisiones en el contexto del programa.,Analizar calidad de datos mediante revisión aplicada.,"Recolección de información, revisión aplicada y análisis de resultados.",Se obtuvieron hallazgos de alcance aplicado y contextual.,"Los resultados son útiles para el contexto estudiado, aunque no implican generalización universal.",PRG-015,2019,calidad de datos;revisión aplicada,APPROVED,repo://thesis/613,Civil,calidad de datos,synthetic institutional data
THS-614,Innovación empresarial en Matemáticas Aplicadas,Trabajo de grado sobre innovación empresarial con enfoque de simulación y aplicación contextual.,Se requiere comprender mejor innovación empresarial para orientar decisiones en el contexto del programa.,Analizar innovación empresarial mediante simulación.,"Recolección de información, simulación y análisis de resultados.",Se obtuvieron hallazgos de alcance aplicado y contextual.,"Los resultados son útiles para el contexto estudiado, aunque no implican generalización universal.",PRG-016,2020,innovación empresarial;simulación,APPROVED,repo://thesis/614,Matemáticas Aplicadas,innovación empresarial,synthetic institutional data
THS-615,Sostenibilidad operativa en Física,Trabajo de grado sobre sostenibilidad operativa con enfoque de prototipo funcional y aplicación contextual.,Se requiere comprender mejor sostenibilidad operativa para orientar decisiones en el contexto del programa.,Analizar sostenibilidad operativa mediante prototipo funcional.,"Recolección de información, prototipo funcional y análisis de resultados.",Se obtuvieron hallazgos de alcance aplicado y contextual.,"Los resultados son útiles para el contexto estudiado, aunque no implican generalización universal.",PRG-017,2021,sostenibilidad operativa;prototipo funcional,APPROVED,repo://thesis/615,Física,sostenibilidad operativa,synthetic institutional data
THS-616,Interoperabilidad en Ciencia de Datos,Trabajo de grado sobre interoperabilidad con enfoque de simulación y aplicación contextual.,Se requiere comprender mejor interoperabilidad para orientar decisiones en el contexto del programa.,Analizar interoperabilidad mediante simulación.,"Recolección de información, simulación y análisis de resultados.",Se obtuvieron hallazgos de alcance aplicado y contextual.,"Los resultados son útiles para el contexto estudiado, aunque no implican generalización universal.",PRG-018,2022,interoperabilidad;simulación,APPROVED,repo://thesis/616,Ciencia de Datos,interoperabilidad,synthetic institutional data
THS-617,Adopción de plataformas virtuales en Ingeniería de Sistemas,Trabajo de grado sobre adopción de plataformas virtuales con enfoque de análisis estadístico y aplicación contextual.,Se requiere comprender mejor adopción de plataformas virtuales para orientar decisiones en el contexto del programa.,Analizar adopción de plataformas virtuales mediante análisis estadístico.,"Recolección de información, análisis estadístico y análisis de resultados.",Se obtuvieron hallazgos de alcance aplicado y contextual.,"Los resultados son útiles para el contexto estudiado, aunque no implican generalización universal.",PRG-001,2023,adopción de plataformas virtuales;análisis estadístico,APPROVED,repo://thesis/617,de Sistemas,adopción de plataformas virtuales,synthetic institutional data
THS-618,Satisfacción de usuarios en Ingeniería Electrónica,Trabajo de grado sobre satisfacción de usuarios con enfoque de análisis estadístico y aplicación contextual.,Se requiere comprender mejor satisfacción de usuarios para orientar decisiones en el contexto del programa.,Analizar satisfacción de usuarios mediante análisis estadístico.,"Recolección de información, análisis estadístico y análisis de resultados.",Se obtuvieron hallazgos de alcance aplicado y contextual.,"Los resultados son útiles para el contexto estudiado, aunque no implican generalización universal.",PRG-002,2024,satisfacción de usuarios;análisis estadístico,APPROVED,repo://thesis/618,Electrónica,satisfacción de usuarios,synthetic institutional data
THS-619,Gestión de inventarios en Ingeniería Industrial,Trabajo de grado sobre gestión de inventarios con enfoque de estudio descriptivo y aplicación contextual.,Se requiere comprender mejor gestión de inventarios para orientar decisiones en el contexto del programa.,Analizar gestión de inventarios mediante estudio descriptivo.,"Recolección de información, estudio descriptivo y análisis de resultados.",Se obtuvieron hallazgos de alcance aplicado y contextual.,"Los resultados son útiles para el contexto estudiado, aunque no implican generalización universal.",PRG-003,2025,gestión de inventarios;estudio descriptivo,APPROVED,repo://thesis/619,Industrial,gestión de inventarios,synthetic institutional data
THS-620,Automatización administrativa en Medicina,Trabajo de grado sobre automatización administrativa con enfoque de prototipo funcional y aplicación contextual.,Se requiere comprender mejor automatización administrativa para orientar decisiones en el contexto del programa.,Analizar automatización administrativa mediante prototipo funcional.,"Recolección de información, prototipo funcional y análisis de resultados.",Se obtuvieron hallazgos de alcance aplicado y contextual.,"Los resultados son útiles para el contexto estudiado, aunque no implican generalización universal.",PRG-004,2026,automatización administrativa;prototipo funcional,APPROVED,repo://thesis/620,Medicina,automatización administrativa,synthetic institutional data
THS-621,Calidad de servicio en Enfermería,Trabajo de grado sobre calidad de servicio con enfoque de análisis estadístico y aplicación contextual.,Se requiere comprender mejor calidad de servicio para orientar decisiones en el contexto del programa.,Analizar calidad de servicio mediante análisis estadístico.,"Recolección de información, análisis estadístico y análisis de resultados.",Se obtuvieron hallazgos de alcance aplicado y contextual.,"Los resultados son útiles para el contexto estudiado, aunque no implican generalización universal.",PRG-005,2017,calidad de servicio;análisis estadístico,APPROVED,repo://thesis/621,Enfermería,calidad de servicio,synthetic institutional data
THS-622,Economía circular en Seguridad y Salud en el Trabajo,Trabajo de grado sobre economía circular con enfoque de simulación y aplicación contextual.,Se requiere comprender mejor economía circular para orientar decisiones en el contexto del programa.,Analizar economía circular mediante simulación.,"Recolección de información, simulación y análisis de resultados.",Se obtuvieron hallazgos de alcance aplicado y contextual.,"Los resultados son útiles para el contexto estudiado, aunque no implican generalización universal.",PRG-006,2018,economía circular;simulación,APPROVED,repo://thesis/622,Seguridad y Salud en el Trabajo,economía circular,synthetic institutional data
THS-623,Gestión de residuos en Administración de Empresas,Trabajo de grado sobre gestión de residuos con enfoque de simulación y aplicación contextual.,Se requiere comprender mejor gestión de residuos para orientar decisiones en el contexto del programa.,Analizar gestión de residuos mediante simulación.,"Recolección de información, simulación y análisis de resultados.",Se obtuvieron hallazgos de alcance aplicado y contextual.,"Los resultados son útiles para el contexto estudiado, aunque no implican generalización universal.",PRG-007,2019,gestión de residuos;simulación,APPROVED,repo://thesis/623,Administración de Empresas,gestión de residuos,synthetic institutional data
THS-624,Planeación financiera en Ingeniería Financiera,Trabajo de grado sobre planeación financiera con enfoque de simulación y aplicación contextual.,Se requiere comprender mejor planeación financiera para orientar decisiones en el contexto del programa.,Analizar planeación financiera mediante simulación.,"Recolección de información, simulación y análisis de resultados.",Se obtuvieron hallazgos de alcance aplicado y contextual.,"Los resultados son útiles para el contexto estudiado, aunque no implican generalización universal.",PRG-008,2020,planeación financiera;simulación,APPROVED,repo://thesis/624,Financiera,planeación financiera,synthetic institutional data
THS-625,Experiencia del paciente en Economía,Trabajo de grado sobre experiencia del paciente con enfoque de análisis estadístico y aplicación contextual.,Se requiere comprender mejor experiencia del paciente para orientar decisiones en el contexto del programa.,Analizar experiencia del paciente mediante análisis estadístico.,"Recolección de información, análisis estadístico y análisis de resultados.",Se obtuvieron hallazgos de alcance aplicado y contextual.,"Los resultados son útiles para el contexto estudiado, aunque no implican generalización universal.",PRG-009,2021,experiencia del paciente;análisis estadístico,APPROVED,repo://thesis/625,Economía,experiencia del paciente,synthetic institutional data
THS-626,Usabilidad de aplicaciones en Licenciatura en Tecnología e Informática,Trabajo de grado sobre usabilidad de aplicaciones con enfoque de estudio de caso y aplicación contextual.,Se requiere comprender mejor usabilidad de aplicaciones para orientar decisiones en el contexto del programa.,Analizar usabilidad de aplicaciones mediante estudio de caso.,"Recolección de información, estudio de caso y análisis de resultados.",Se obtuvieron hallazgos de alcance aplicado y contextual.,"Los resultados son útiles para el contexto estudiado, aunque no implican generalización universal.",PRG-010,2022,usabilidad de aplicaciones;estudio de caso,APPROVED,repo://thesis/626,Licenciatura en Tecnología e Informática,usabilidad de aplicaciones,synthetic institutional data
THS-627,Movilidad sostenible en Psicología,Trabajo de grado sobre movilidad sostenible con enfoque de estudio de caso y aplicación contextual.,Se requiere comprender mejor movilidad sostenible para orientar decisiones en el contexto del programa.,Analizar movilidad sostenible mediante estudio de caso.,"Recolección de información, estudio de caso y análisis de resultados.",Se obtuvieron hallazgos de alcance aplicado y contextual.,"Los resultados son útiles para el contexto estudiado, aunque no implican generalización universal.",PRG-011,2023,movilidad sostenible;estudio de caso,APPROVED,repo://thesis/627,Psicología,movilidad sostenible,synthetic institutional data
THS-628,Competencias digitales en Ciencias de la Educación,Trabajo de grado sobre competencias digitales con enfoque de revisión aplicada y aplicación contextual.,Se requiere comprender mejor competencias digitales para orientar decisiones en el contexto del programa.,Analizar competencias digitales mediante revisión aplicada.,"Recolección de información, revisión aplicada y análisis de resultados.",Se obtuvieron hallazgos de alcance aplicado y contextual.,"Los resultados son útiles para el contexto estudiado, aunque no implican generalización universal.",PRG-012,2024,competencias digitales;revisión aplicada,APPROVED,repo://thesis/628,Ciencias de la Educación,competencias digitales,synthetic institutional data
THS-629,Clima organizacional en Ingeniería Ambiental,Trabajo de grado sobre clima organizacional con enfoque de prototipo funcional y aplicación contextual.,Se requiere comprender mejor clima organizacional para orientar decisiones en el contexto del programa.,Analizar clima organizacional mediante prototipo funcional.,"Recolección de información, prototipo funcional y análisis de resultados.",Se obtuvieron hallazgos de alcance aplicado y contextual.,"Los resultados son útiles para el contexto estudiado, aunque no implican generalización universal.",PRG-013,2025,clima organizacional;prototipo funcional,APPROVED,repo://thesis/629,Ambiental,clima organizacional,synthetic institutional data
THS-630,Eficiencia de procesos en Gestión Ambiental,Trabajo de grado sobre eficiencia de procesos con enfoque de análisis estadístico y aplicación contextual.,Se requiere comprender mejor eficiencia de procesos para orientar decisiones en el contexto del programa.,Analizar eficiencia de procesos mediante análisis estadístico.,"Recolección de información, análisis estadístico y análisis de resultados.",Se obtuvieron hallazgos de alcance aplicado y contextual.,"Los resultados son útiles para el contexto estudiado, aunque no implican generalización universal.",PRG-014,2026,eficiencia de procesos;análisis estadístico,APPROVED,repo://thesis/630,Gestión Ambiental,eficiencia de procesos,synthetic institutional data
THS-631,Visualización de indicadores en Ingeniería Civil,Trabajo de grado sobre visualización de indicadores con enfoque de estudio de caso y aplicación contextual.,Se requiere comprender mejor visualización de indicadores para orientar decisiones en el contexto del programa.,Analizar visualización de indicadores mediante estudio de caso.,"Recolección de información, estudio de caso y análisis de resultados.",Se obtuvieron hallazgos de alcance aplicado y contextual.,"Los resultados son útiles para el contexto estudiado, aunque no implican generalización universal.",PRG-015,2017,visualización de indicadores;estudio de caso,APPROVED,repo://thesis/631,Civil,visualización de indicadores,synthetic institutional data
THS-632,Gestión del conocimiento en Matemáticas Aplicadas,Trabajo de grado sobre gestión del conocimiento con enfoque de simulación y aplicación contextual.,Se requiere comprender mejor gestión del conocimiento para orientar decisiones en el contexto del programa.,Analizar gestión del conocimiento mediante simulación.,"Recolección de información, simulación y análisis de resultados.",Se obtuvieron hallazgos de alcance aplicado y contextual.,"Los resultados son útiles para el contexto estudiado, aunque no implican generalización universal.",PRG-016,2018,gestión del conocimiento;simulación,APPROVED,repo://thesis/632,Matemáticas Aplicadas,gestión del conocimiento,synthetic institutional data
THS-633,Modelamiento de demanda en Física,Trabajo de grado sobre modelamiento de demanda con enfoque de estudio de caso y aplicación contextual.,Se requiere comprender mejor modelamiento de demanda para orientar decisiones en el contexto del programa.,Analizar modelamiento de demanda mediante estudio de caso.,"Recolección de información, estudio de caso y análisis de resultados.",Se obtuvieron hallazgos de alcance aplicado y contextual.,"Los resultados son útiles para el contexto estudiado, aunque no implican generalización universal.",PRG-017,2019,modelamiento de demanda;estudio de caso,APPROVED,repo://thesis/633,Física,modelamiento de demanda,synthetic institutional data
THS-634,Diseño de prototipos en Ciencia de Datos,Trabajo de grado sobre diseño de prototipos con enfoque de prototipo funcional y aplicación contextual.,Se requiere comprender mejor diseño de prototipos para orientar decisiones en el contexto del programa.,Analizar diseño de prototipos mediante prototipo funcional.,"Recolección de información, prototipo funcional y análisis de resultados.",Se obtuvieron hallazgos de alcance aplicado y contextual.,"Los resultados son útiles para el contexto estudiado, aunque no implican generalización universal.",PRG-018,2020,diseño de prototipos;prototipo funcional,APPROVED,repo://thesis/634,Ciencia de Datos,diseño de prototipos,synthetic institutional data
THS-635,Análisis de percepción en Ingeniería de Sistemas,Trabajo de grado sobre análisis de percepción con enfoque de prototipo funcional y aplicación contextual.,Se requiere comprender mejor análisis de percepción para orientar decisiones en el contexto del programa.,Analizar análisis de percepción mediante prototipo funcional.,"Recolección de información, prototipo funcional y análisis de resultados.",Se obtuvieron hallazgos de alcance aplicado y contextual.,"Los resultados son útiles para el contexto estudiado, aunque no implican generalización universal.",PRG-001,2021,análisis de percepción;prototipo funcional,APPROVED,repo://thesis/635,de Sistemas,análisis de percepción,synthetic institutional data
THS-636,Gestión de proyectos en Ingeniería Electrónica,Trabajo de grado sobre gestión de proyectos con enfoque de estudio de caso y aplicación contextual.,Se requiere comprender mejor gestión de proyectos para orientar decisiones en el contexto del programa.,Analizar gestión de proyectos mediante estudio de caso.,"Recolección de información, estudio de caso y análisis de resultados.",Se obtuvieron hallazgos de alcance aplicado y contextual.,"Los resultados son útiles para el contexto estudiado, aunque no implican generalización universal.",PRG-002,2022,gestión de proyectos;estudio de caso,APPROVED,repo://thesis/636,Electrónica,gestión de proyectos,synthetic institutional data
THS-637,Calidad de datos en Ingeniería Industrial,Trabajo de grado sobre calidad de datos con enfoque de simulación y aplicación contextual.,Se requiere comprender mejor calidad de datos para orientar decisiones en el contexto del programa.,Analizar calidad de datos mediante simulación.,"Recolección de información, simulación y análisis de resultados.",Se obtuvieron hallazgos de alcance aplicado y contextual.,"Los resultados son útiles para el contexto estudiado, aunque no implican generalización universal.",PRG-003,2023,calidad de datos;simulación,APPROVED,repo://thesis/637,Industrial,calidad de datos,synthetic institutional data
THS-638,Innovación empresarial en Medicina,Trabajo de grado sobre innovación empresarial con enfoque de estudio de caso y aplicación contextual.,Se requiere comprender mejor innovación empresarial para orientar decisiones en el contexto del programa.,Analizar innovación empresarial mediante estudio de caso.,"Recolección de información, estudio de caso y análisis de resultados.",Se obtuvieron hallazgos de alcance aplicado y contextual.,"Los resultados son útiles para el contexto estudiado, aunque no implican generalización universal.",PRG-004,2024,,APPROVED,repo://thesis/638,Medicina,innovación empresarial,synthetic institutional data
THS-639,Sostenibilidad operativa en Enfermería,Trabajo de grado sobre sostenibilidad operativa con enfoque de revisión aplicada y aplicación contextual.,Se requiere comprender mejor sostenibilidad operativa para orientar decisiones en el contexto del programa.,Analizar sostenibilidad operativa mediante revisión aplicada.,"Recolección de información, revisión aplicada y análisis de resultados.",Se obtuvieron hallazgos de alcance aplicado y contextual.,"Los resultados son útiles para el contexto estudiado, aunque no implican generalización universal.",PRG-005,2025,sostenibilidad operativa;revisión aplicada,APPROVED,repo://thesis/639,Enfermería,sostenibilidad operativa,synthetic institutional data
THS-640,Interoperabilidad en Seguridad y Salud en el Trabajo,Trabajo de grado sobre interoperabilidad con enfoque de simulación y aplicación contextual.,Se requiere comprender mejor interoperabilidad para orientar decisiones en el contexto del programa.,Analizar interoperabilidad mediante simulación.,"Recolección de información, simulación y análisis de resultados.",Se obtuvieron hallazgos de alcance aplicado y contextual.,"Los resultados son útiles para el contexto estudiado, aunque no implican generalización universal.",PRG-006,2026,interoperabilidad;simulación,APPROVED,repo://thesis/640,Seguridad y Salud en el Trabajo,interoperabilidad,synthetic institutional data
THS-641,Adopción de plataformas virtuales en Administración de Empresas,Trabajo de grado sobre adopción de plataformas virtuales con enfoque de análisis estadístico y aplicación contextual.,Se requiere comprender mejor adopción de plataformas virtuales para orientar decisiones en el contexto del programa.,Analizar adopción de plataformas virtuales mediante análisis estadístico.,"Recolección de información, análisis estadístico y análisis de resultados.",Se obtuvieron hallazgos de alcance aplicado y contextual.,"Los resultados son útiles para el contexto estudiado, aunque no implican generalización universal.",PRG-007,2017,adopción de plataformas virtuales;análisis estadístico,APPROVED,repo://thesis/641,Administración de Empresas,adopción de plataformas virtuales,synthetic institutional data
THS-642,Satisfacción de usuarios en Ingeniería Financiera,Trabajo de grado sobre satisfacción de usuarios con enfoque de estudio descriptivo y aplicación contextual.,Se requiere comprender mejor satisfacción de usuarios para orientar decisiones en el contexto del programa.,Analizar satisfacción de usuarios mediante estudio descriptivo.,"Recolección de información, estudio descriptivo y análisis de resultados.",Se obtuvieron hallazgos de alcance aplicado y contextual.,"Los resultados son útiles para el contexto estudiado, aunque no implican generalización universal.",PRG-008,2018,satisfacción de usuarios;estudio descriptivo,APPROVED,repo://thesis/642,Financiera,satisfacción de usuarios,synthetic institutional data
THS-643,Gestión de inventarios en Economía,Trabajo de grado sobre gestión de inventarios con enfoque de revisión aplicada y aplicación contextual.,Se requiere comprender mejor gestión de inventarios para orientar decisiones en el contexto del programa.,Analizar gestión de inventarios mediante revisión aplicada.,"Recolección de información, revisión aplicada y análisis de resultados.",Se obtuvieron hallazgos de alcance aplicado y contextual.,"Los resultados son útiles para el contexto estudiado, aunque no implican generalización universal.",PRG-009,2019,gestión de inventarios;revisión aplicada,APPROVED,repo://thesis/643,Economía,gestión de inventarios,synthetic institutional data
THS-644,Automatización administrativa en Licenciatura en Tecnología e Informática,Trabajo de grado sobre automatización administrativa con enfoque de estudio de caso y aplicación contextual.,Se requiere comprender mejor automatización administrativa para orientar decisiones en el contexto del programa.,Analizar automatización administrativa mediante estudio de caso.,"Recolección de información, estudio de caso y análisis de resultados.",Se obtuvieron hallazgos de alcance aplicado y contextual.,"Los resultados son útiles para el contexto estudiado, aunque no implican generalización universal.",PRG-010,2020,automatización administrativa;estudio de caso,APPROVED,repo://thesis/644,Licenciatura en Tecnología e Informática,automatización administrativa,synthetic institutional data
THS-645,Calidad de servicio en Psicología,Trabajo de grado sobre calidad de servicio con enfoque de prototipo funcional y aplicación contextual.,Se requiere comprender mejor calidad de servicio para orientar decisiones en el contexto del programa.,Analizar calidad de servicio mediante prototipo funcional.,"Recolección de información, prototipo funcional y análisis de resultados.",Se obtuvieron hallazgos de alcance aplicado y contextual.,"Los resultados son útiles para el contexto estudiado, aunque no implican generalización universal.",PRG-011,2021,calidad de servicio;prototipo funcional,APPROVED,repo://thesis/645,Psicología,calidad de servicio,synthetic institutional data
THS-646,Economía circular en Ciencias de la Educación,Trabajo de grado sobre economía circular con enfoque de simulación y aplicación contextual.,Se requiere comprender mejor economía circular para orientar decisiones en el contexto del programa.,Analizar economía circular mediante simulación.,"Recolección de información, simulación y análisis de resultados.",Se obtuvieron hallazgos de alcance aplicado y contextual.,"Los resultados son útiles para el contexto estudiado, aunque no implican generalización universal.",PRG-012,2022,economía circular;simulación,APPROVED,repo://thesis/646,Ciencias de la Educación,economía circular,synthetic institutional data
THS-647,Gestión de residuos en Ingeniería Ambiental,Trabajo de grado sobre gestión de residuos con enfoque de análisis estadístico y aplicación contextual.,Se requiere comprender mejor gestión de residuos para orientar decisiones en el contexto del programa.,Analizar gestión de residuos mediante análisis estadístico.,"Recolección de información, análisis estadístico y análisis de resultados.",Se obtuvieron hallazgos de alcance aplicado y contextual.,"Los resultados son útiles para el contexto estudiado, aunque no implican generalización universal.",PRG-013,2023,gestión de residuos;análisis estadístico,APPROVED,repo://thesis/647,Ambiental,gestión de residuos,synthetic institutional data
THS-648,Planeación financiera en Gestión Ambiental,Trabajo de grado sobre planeación financiera con enfoque de revisión aplicada y aplicación contextual.,Se requiere comprender mejor planeación financiera para orientar decisiones en el contexto del programa.,Analizar planeación financiera mediante revisión aplicada.,"Recolección de información, revisión aplicada y análisis de resultados.",Se obtuvieron hallazgos de alcance aplicado y contextual.,"Los resultados son útiles para el contexto estudiado, aunque no implican generalización universal.",PRG-014,2024,planeación financiera;revisión aplicada,APPROVED,repo://thesis/648,Gestión Ambiental,planeación financiera,synthetic institutional data
THS-649,Experiencia del paciente en Ingeniería Civil,Trabajo de grado sobre experiencia del paciente con enfoque de estudio de caso y aplicación contextual.,Se requiere comprender mejor experiencia del paciente para orientar decisiones en el contexto del programa.,Analizar experiencia del paciente mediante estudio de caso.,"Recolección de información, estudio de caso y análisis de resultados.",Se obtuvieron hallazgos de alcance aplicado y contextual.,"Los resultados son útiles para el contexto estudiado, aunque no implican generalización universal.",PRG-015,2025,experiencia del paciente;estudio de caso,APPROVED,repo://thesis/649,Civil,experiencia del paciente,synthetic institutional data
THS-650,Usabilidad de aplicaciones en Matemáticas Aplicadas,Trabajo de grado sobre usabilidad de aplicaciones con enfoque de revisión aplicada y aplicación contextual.,Se requiere comprender mejor usabilidad de aplicaciones para orientar decisiones en el contexto del programa.,Analizar usabilidad de aplicaciones mediante revisión aplicada.,"Recolección de información, revisión aplicada y análisis de resultados.",Se obtuvieron hallazgos de alcance aplicado y contextual.,"Los resultados son útiles para el contexto estudiado, aunque no implican generalización universal.",PRG-016,2026,usabilidad de aplicaciones;revisión aplicada,APPROVED,repo://thesis/650,Matemáticas Aplicadas,usabilidad de aplicaciones,synthetic institutional data
